[2025-09-09 21:15:50] [PALESTRA] DEBUG: Script palestra.php iniciado.
[2025-09-09 21:15:50] [PALESTRA] DEBUG: Usuário tem permissão.
[2025-09-09 21:15:50] [PALESTRA] DEBUG: ID da palestra recebido: 3b8a4d18-3fb4-4ba5-ad1f-28f17403ccec
[2025-09-09 21:15:50] [PALESTRA] DEBUG: Palestra 'Dicas: Celular ' encontrada. Duração em minutos: 1
[2025-09-09 21:15:50] [PALESTRA] DEBUG: User ID da sessão ('debug-user') é válido e existe na tabela 'users'.
[2025-09-09 21:15:50] [PALESTRA] INFO: Novo log de acesso registrado para palestra 'Dicas: Celular ' (User ID: debug-user).
[2025-09-09 21:15:50] [PALESTRA] DEBUG: Progresso inicial carregado do DB (user_progress_seconds): 0
[2025-09-09 21:15:50] [PALESTRA] DEBUG: Palestras relacionadas buscadas para categoria ''.
[2025-09-09 21:15:50] [PALESTRA] DEBUG: Verificação de certificado existente para exibição inicial. ID existente: Nenhum
[2025-09-09 21:15:50] [PALESTRA] DEBUG: Panda Player Div ID extraído do embed: 'panda-3b8a4d18-3fb4-4ba5-ad1f-28f17403ccec'
[2025-09-09 21:17:22] [GENERATE_SIMPLE] Script generate_simple_certificate.php iniciado
[2025-09-09 21:17:22] [GENERATE_SIMPLE] Dados recebidos - Lecture: 3b8a4d18-3fb4-4ba5-ad1f-28f17403ccec, User: debug-user, Watched: 57s
[2025-09-09 21:17:22] [GENERATE_SIMPLE] Iniciando validações simplificadas
[2025-09-09 21:17:22] [GENERATE_SIMPLE] Progresso no DB: 57s, Enviado pelo cliente: 57s
[2025-09-09 21:17:22] [GENERATE_SIMPLE] Tempo final considerado: 57s
[2025-09-09 21:17:22] [GENERATE_SIMPLE] Duração total: 60s, Requerido (85%): 51s
[2025-09-09 21:17:22] [GENERATE_SIMPLE] Todas as validações passaram - gerando certificado
[2025-09-09 21:17:22] [GENERATE_SIMPLE] SUCESSO: Certificado inserido no banco - ID: 8cd73622-13ab-4c72-ba5c-c19f18e413f9
[2025-09-09 21:17:22] [GENERATE_SIMPLE] Iniciando geração do arquivo PNG para visualização
[2025-09-09 21:17:22] [GENERATE_SIMPLE] DEBUG: [AUTO_PNG] Iniciando geração de PNG para ID: 8cd73622-13ab-4c72-ba5c-c19f18e413f9
[2025-09-09 21:17:22] [GENERATE_SIMPLE] DEBUG: [AUTO_PNG] Conversão UTF-8 aplicada para geração.
[2025-09-09 21:17:22] [GENERATE_SIMPLE] DEBUG: [AUTO_PNG] Dimensões do template: Largura=3509, Altura=2481
[2025-09-09 21:17:22] [GENERATE_SIMPLE] DEBUG: [AUTO_PNG] Procurando fontes TTF para geração...
[2025-09-09 21:17:22] [GENERATE_SIMPLE] DEBUG: [AUTO_PNG] Fonte TTF Bold encontrada em: /home/u335416710/domains/translators101.com/public_html/v/includes/../fonts/DejaVuSans-Bold.ttf
[2025-09-09 21:17:22] [GENERATE_SIMPLE] DEBUG: [AUTO_PNG] Fonte TTF padrão encontrada em: /home/u335416710/domains/translators101.com/public_html/v/includes/../fonts/DejaVuSans-Bold.ttf
[2025-09-09 21:17:22] [GENERATE_SIMPLE] DEBUG: [AUTO_PNG] Usando imagettftext para geração.
[2025-09-09 21:17:22] [GENERATE_SIMPLE] DEBUG: [AUTO_PNG] Nome do usuário adicionado (X: 1203, Y: 1100).
[2025-09-09 21:17:22] [GENERATE_SIMPLE] DEBUG: [AUTO_PNG] Processando título: 'Dicas: Celular ' (tamanho: 16 caracteres)
[2025-09-09 21:17:22] [GENERATE_SIMPLE] DEBUG: [AUTO_PNG] Título curto - usando layout centralizado
[2025-09-09 21:17:22] [GENERATE_SIMPLE] DEBUG: [AUTO_PNG] Título curto centralizado adicionado (X: 1380, Y: 1400)
[2025-09-09 21:17:22] [GENERATE_SIMPLE] DEBUG: [AUTO_PNG] Duração da palestra adicionada (X: 2000, Y: 1570).
[2025-09-09 21:17:22] [GENERATE_SIMPLE] DEBUG: [AUTO_PNG] Data de emissão adicionada (X: 850, Y: 2330).
[2025-09-09 21:17:22] [GENERATE_SIMPLE] DEBUG: [AUTO_PNG] ID do certificado adicionado (X: 280, Y: 2430).
[2025-09-09 21:17:22] [GENERATE_SIMPLE] DEBUG: URL de verificação gerada: https://v.translators101.com/verificar_certificado.php?id=8cd73622-13ab-4c72-ba5c-c19f18e413f9
[2025-09-09 21:17:23] [GENERATE_SIMPLE] DEBUG: QR Code colado na imagem base.
[2025-09-09 21:17:23] [GENERATE_SIMPLE] DEBUG: [AUTO_PNG] QR Code adicionado à imagem durante a geração (X: 2989, Y: 2131, Tamanho: 300).
[2025-09-09 21:17:27] [GENERATE_SIMPLE] DEBUG: [AUTO_PNG] imagepng() retornou SUCESSO. Verificando se o arquivo gerado é um PNG válido.
[2025-09-09 21:17:27] [GENERATE_SIMPLE] INFO: [AUTO_PNG] Certificado PNG gerado e salvo com sucesso em: /home/u335416710/domains/translators101.com/public_html/v/includes/../certificates/certificate_8cd73622-13ab-4c72-ba5c-c19f18e413f9.png. É um PNG válido.
[2025-09-09 21:17:27] [GENERATE_SIMPLE] Iniciando geração do arquivo PDF para download
[2025-09-09 21:17:27] [GENERATE_SIMPLE] DEBUG: [AUTO_PDF] Iniciando geração de PDF para ID: 8cd73622-13ab-4c72-ba5c-c19f18e413f9
[2025-09-09 21:17:27] [GENERATE_SIMPLE] DEBUG: [AUTO_PDF] TCPDF encontrado em: /home/u335416710/domains/translators101.com/public_html/v/includes/../vendor/tecnickcom/tcpdf/tcpdf.php
[2025-09-09 21:17:27] [GENERATE_SIMPLE] DEBUG: URL de verificação gerada: https://v.translators101.com/verificar_certificado.php?id=8cd73622-13ab-4c72-ba5c-c19f18e413f9
[2025-09-09 21:17:28] [GENERATE_SIMPLE] DEBUG: [AUTO_PDF] QR Code adicionado ao PDF
[2025-09-09 21:17:28] [GENERATE_SIMPLE] SUCESSO: [AUTO_PDF] PDF gerado em: /home/u335416710/domains/translators101.com/public_html/v/includes/../certificates/certificate_8cd73622-13ab-4c72-ba5c-c19f18e413f9.pdf
[2025-09-09 21:17:28] [GENERATE_SIMPLE] SUCESSO COMPLETO: PNG e PDF gerados
[2025-09-09 21:17:28] [GENERATE_SIMPLE] PROCESSO COMPLETO: Certificado ID: 8cd73622-13ab-4c72-ba5c-c19f18e413f9 gerado para usuário William Cassemiro - Palestra: Dicas: Celular  - 57s/60s (95%) - PNG: OK - PDF: OK
[2025-09-09 21:17:48] [GENERATE_SIMPLE] Script generate_simple_certificate.php iniciado
[2025-09-09 21:17:48] [GENERATE_SIMPLE] Dados recebidos - Lecture: 3b8a4d18-3fb4-4ba5-ad1f-28f17403ccec, User: debug-user, Watched: 87s
[2025-09-09 21:17:48] [GENERATE_SIMPLE] Iniciando validações simplificadas
[2025-09-09 21:17:48] [GENERATE_SIMPLE] Progresso no DB: 87s, Enviado pelo cliente: 87s
[2025-09-09 21:17:48] [GENERATE_SIMPLE] Tempo final considerado: 87s
[2025-09-09 21:17:48] [GENERATE_SIMPLE] Duração total: 60s, Requerido (85%): 51s
[2025-09-09 21:17:48] [GENERATE_SIMPLE] INFO: Certificado já existe - ID: 8cd73622-13ab-4c72-ba5c-c19f18e413f9
[2025-09-09 21:21:50] [PALESTRA] DEBUG: Script palestra.php iniciado.
[2025-09-09 21:21:50] [PALESTRA] DEBUG: Usuário tem permissão.
[2025-09-09 21:21:50] [PALESTRA] DEBUG: ID da palestra recebido: 0ece69f5-8288-40fa-bd1e-890b770fc66a
[2025-09-09 21:21:51] [PALESTRA] DEBUG: Palestra 'Dicas: Pausa ' encontrada. Duração em minutos: 1
[2025-09-09 21:21:51] [PALESTRA] DEBUG: User ID da sessão ('debug-user') é válido e existe na tabela 'users'.
[2025-09-09 21:21:51] [PALESTRA] INFO: Log de acesso atualizado para palestra 'Dicas: Pausa '.
[2025-09-09 21:21:51] [PALESTRA] DEBUG: Progresso inicial carregado do DB (user_progress_seconds): 77
[2025-09-09 21:21:51] [PALESTRA] DEBUG: Palestras relacionadas buscadas para categoria ''.
[2025-09-09 21:21:51] [PALESTRA] DEBUG: Verificação de certificado existente para exibição inicial. ID existente: Nenhum
[2025-09-09 21:21:51] [PALESTRA] DEBUG: Panda Player Div ID extraído do embed: 'panda-0ece69f5-8288-40fa-bd1e-890b770fc66a'
[2025-09-10 12:40:53] [PALESTRA] DEBUG: Script palestra.php iniciado.
[2025-09-10 12:40:53] [PALESTRA] DEBUG: Usuário tem permissão.
[2025-09-10 12:40:53] [PALESTRA] DEBUG: ID da palestra recebido: 664f764d-209c-4079-8ed2-d48a0475b5e9
[2025-09-10 12:40:53] [PALESTRA] DEBUG: Palestra 'Meditação ' encontrada. Duração em minutos: 30
[2025-09-10 12:40:53] [PALESTRA] DEBUG: User ID da sessão ('debug-user') é válido e existe na tabela 'users'.
[2025-09-10 12:40:53] [PALESTRA] INFO: Novo log de acesso registrado para palestra 'Meditação ' (User ID: debug-user).
[2025-09-10 12:40:53] [PALESTRA] DEBUG: Progresso inicial carregado do DB (user_progress_seconds): 0
[2025-09-10 12:40:53] [PALESTRA] DEBUG: Palestras relacionadas buscadas para categoria ''.
[2025-09-10 12:40:53] [PALESTRA] DEBUG: Verificação de certificado existente para exibição inicial. ID existente: Nenhum
[2025-09-10 12:40:53] [PALESTRA] DEBUG: Panda Player Div ID extraído do embed: 'panda-664f764d-209c-4079-8ed2-d48a0475b5e9'
[2025-09-10 13:07:56] [GENERATE_SIMPLE] Script generate_simple_certificate.php iniciado
[2025-09-10 13:07:56] [GENERATE_SIMPLE] Dados recebidos - Lecture: 664f764d-209c-4079-8ed2-d48a0475b5e9, User: debug-user, Watched: 1535s
[2025-09-10 13:07:56] [GENERATE_SIMPLE] Iniciando validações simplificadas
[2025-09-10 13:07:56] [GENERATE_SIMPLE] Progresso no DB: 1531s, Enviado pelo cliente: 1535s
[2025-09-10 13:07:56] [GENERATE_SIMPLE] Tempo final considerado: 1535s (limitado à duração de 1800s)
[2025-09-10 13:07:56] [GENERATE_SIMPLE] Duração total: 1800s, Requerido (85%): 1530s
[2025-09-10 13:07:56] [GENERATE_SIMPLE] Todas as validações passaram - gerando certificado
[2025-09-10 13:07:56] [GENERATE_SIMPLE] SUCESSO: Certificado inserido no banco - ID: 433e36b3-2aa3-44b4-9a6a-458404fb415d
[2025-09-10 13:07:56] [GENERATE_SIMPLE] Iniciando geração do arquivo PNG T101 oficial para visualização
[2025-09-10 13:07:56] [GENERATE_SIMPLE] DEBUG: [AUTO_PNG] Iniciando geração de PNG para ID: 433e36b3-2aa3-44b4-9a6a-458404fb415d
[2025-09-10 13:07:56] [GENERATE_SIMPLE] DEBUG: [AUTO_PNG] Conversão UTF-8 aplicada para geração.
[2025-09-10 13:07:56] [GENERATE_SIMPLE] DEBUG: [AUTO_PNG] Dimensões do template: Largura=3509, Altura=2481
[2025-09-10 13:07:56] [GENERATE_SIMPLE] DEBUG: [AUTO_PNG] Procurando fontes TTF para geração...
[2025-09-10 13:07:56] [GENERATE_SIMPLE] DEBUG: [AUTO_PNG] Fonte TTF Bold encontrada em: /home/u335416710/domains/translators101.com/public_html/v/includes/../fonts/DejaVuSans-Bold.ttf
[2025-09-10 13:07:56] [GENERATE_SIMPLE] DEBUG: [AUTO_PNG] Fonte TTF padrão encontrada em: /home/u335416710/domains/translators101.com/public_html/v/includes/../fonts/DejaVuSans-Bold.ttf
[2025-09-10 13:07:56] [GENERATE_SIMPLE] DEBUG: [AUTO_PNG] Usando imagettftext para geração.
[2025-09-10 13:07:56] [GENERATE_SIMPLE] DEBUG: [AUTO_PNG] Nome do usuário adicionado (X: 1203, Y: 1100).
[2025-09-10 13:07:56] [GENERATE_SIMPLE] DEBUG: [AUTO_PNG] Processando título: 'Meditação ' (tamanho: 12 caracteres)
[2025-09-10 13:07:56] [GENERATE_SIMPLE] DEBUG: [AUTO_PNG] Título curto - usando layout centralizado
[2025-09-10 13:07:56] [GENERATE_SIMPLE] DEBUG: [AUTO_PNG] Título curto centralizado adicionado (X: 1469.5, Y: 1400)
[2025-09-10 13:07:56] [GENERATE_SIMPLE] DEBUG: [AUTO_PNG] Duração da palestra adicionada (X: 2000, Y: 1570).
[2025-09-10 13:07:56] [GENERATE_SIMPLE] DEBUG: [AUTO_PNG] Data de emissão adicionada (X: 850, Y: 2330).
[2025-09-10 13:07:56] [GENERATE_SIMPLE] DEBUG: [AUTO_PNG] ID do certificado adicionado (X: 280, Y: 2430).
[2025-09-10 13:07:56] [GENERATE_SIMPLE] DEBUG: URL de verificação gerada: https://v.translators101.com/verificar_certificado.php?id=433e36b3-2aa3-44b4-9a6a-458404fb415d
[2025-09-10 13:07:57] [GENERATE_SIMPLE] DEBUG: QR Code colado na imagem base.
[2025-09-10 13:07:57] [GENERATE_SIMPLE] DEBUG: [AUTO_PNG] QR Code adicionado à imagem durante a geração (X: 2989, Y: 2131, Tamanho: 300).
[2025-09-10 13:08:01] [GENERATE_SIMPLE] DEBUG: [AUTO_PNG] imagepng() retornou SUCESSO. Verificando se o arquivo gerado é um PNG válido.
[2025-09-10 13:08:01] [GENERATE_SIMPLE] INFO: [AUTO_PNG] Certificado PNG gerado e salvo com sucesso em: /home/u335416710/domains/translators101.com/public_html/v/includes/../certificates/certificate_433e36b3-2aa3-44b4-9a6a-458404fb415d.png. É um PNG válido.
[2025-09-10 13:08:01] [GENERATE_SIMPLE] Iniciando geração do arquivo PDF para download
[2025-09-10 13:08:01] [GENERATE_SIMPLE] DEBUG: [AUTO_PDF] Iniciando geração de PDF T101 para ID: 433e36b3-2aa3-44b4-9a6a-458404fb415d
[2025-09-10 13:08:01] [GENERATE_SIMPLE] DEBUG: [AUTO_PDF] TCPDF encontrado em: /home/u335416710/domains/translators101.com/public_html/v/includes/../vendor/tecnickcom/tcpdf/tcpdf.php
[2025-09-10 13:08:04] [GENERATE_SIMPLE] DEBUG: [AUTO_PDF] Template T101 oficial adicionado ao PDF
[2025-09-10 13:08:04] [GENERATE_SIMPLE] DEBUG: URL de verificação gerada: https://v.translators101.com/verificar_certificado.php?id=433e36b3-2aa3-44b4-9a6a-458404fb415d
[2025-09-10 13:08:05] [GENERATE_SIMPLE] DEBUG: [AUTO_PDF] QR Code T101 adicionado ao PDF
[2025-09-10 13:08:05] [GENERATE_SIMPLE] SUCESSO: [AUTO_PDF] PDF T101 gerado em: /home/u335416710/domains/translators101.com/public_html/v/includes/../certificates/certificate_433e36b3-2aa3-44b4-9a6a-458404fb415d.pdf
[2025-09-10 13:08:05] [GENERATE_SIMPLE] SUCESSO COMPLETO: PNG T101 e PDF gerados
[2025-09-10 13:08:05] [GENERATE_SIMPLE] PROCESSO COMPLETO: Certificado ID: 433e36b3-2aa3-44b4-9a6a-458404fb415d gerado para usuário William Cassemiro - Palestra: Meditação  - 1535s/1800s (85.3%) - PNG T101: OK - PDF: OK
[2025-09-10 13:09:44] [VIEW] DEBUG: Script view_certificate_files.php iniciado.\
[2025-09-10 13:09:44] [VIEW] DEBUG: ID do certificado recebido: 433e36b3-2aa3-44b4-9a6a-458404fb415d\
[2025-09-10 13:09:44] [VIEW] DEBUG: Dados do certificado encontrados no banco de dados para ID: 433e36b3-2aa3-44b4-9a6a-458404fb415d\
[2025-09-10 13:09:44] [VIEW] DEBUG: Procurando arquivo físico do certificado...\
[2025-09-10 13:09:44] [VIEW] DEBUG: Arquivo físico encontrado em: /home/u335416710/domains/translators101.com/public_html/v/certificates/certificate_433e36b3-2aa3-44b4-9a6a-458404fb415d.png\
[2025-09-10 13:09:44] [VIEW] DEBUG: Preparando para visualização: Certificado_WilliamCassemiro.png (Tipo: image/png) - Arquivo físico: /home/u335416710/domains/translators101.com/public_html/v/certificates/certificate_433e36b3-2aa3-44b4-9a6a-458404fb415d.png\
[2025-09-10 13:09:44] [VIEW] INFO: Arquivo Certificado_WilliamCassemiro.png enviado para visualização.\
[2025-09-10 13:10:23] [VIEW] DEBUG: Script view_certificate_files.php iniciado.\
[2025-09-10 13:10:23] [VIEW] DEBUG: ID do certificado recebido: 433e36b3-2aa3-44b4-9a6a-458404fb415d\
[2025-09-10 13:10:23] [VIEW] DEBUG: Dados do certificado encontrados no banco de dados para ID: 433e36b3-2aa3-44b4-9a6a-458404fb415d\
[2025-09-10 13:10:23] [VIEW] DEBUG: Procurando arquivo físico do certificado...\
[2025-09-10 13:10:23] [VIEW] DEBUG: Arquivo físico encontrado em: /home/u335416710/domains/translators101.com/public_html/v/certificates/certificate_433e36b3-2aa3-44b4-9a6a-458404fb415d.png\
[2025-09-10 13:10:23] [VIEW] DEBUG: Preparando para visualização: Certificado_WilliamCassemiro.png (Tipo: image/png) - Arquivo físico: /home/u335416710/domains/translators101.com/public_html/v/certificates/certificate_433e36b3-2aa3-44b4-9a6a-458404fb415d.png\
[2025-09-10 13:10:23] [VIEW] INFO: Arquivo Certificado_WilliamCassemiro.png enviado para visualização.\
[2025-09-10 13:12:34] [PALESTRA] DEBUG: Script palestra.php iniciado.
[2025-09-10 13:12:34] [PALESTRA] DEBUG: Usuário tem permissão.
[2025-09-10 13:12:34] [PALESTRA] DEBUG: ID da palestra recebido: 2ff0b4a3-20e1-46be-a94b-4de34485e760
[2025-09-10 13:12:34] [PALESTRA] DEBUG: Palestra 'S08E20 — Além da Língua: Estratégias que Todo Intérprete Precisa Dominar — Manuela Sampaio' encontrada. Duração em minutos: 61
[2025-09-10 13:12:34] [PALESTRA] DEBUG: User ID da sessão ('debug-user') é válido e existe na tabela 'users'.
[2025-09-10 13:12:34] [PALESTRA] DEBUG: Log existente encontrado. Progresso: 21s
[2025-09-10 13:12:34] [PALESTRA] DEBUG: Progresso inicial carregado do DB (user_progress_seconds): 21
[2025-09-10 13:12:34] [PALESTRA] DEBUG: Palestras relacionadas buscadas para categoria ''.
[2025-09-10 13:12:34] [PALESTRA] DEBUG: Verificação de certificado existente para exibição inicial. ID existente: Nenhum
[2025-09-10 13:12:34] [PALESTRA] DEBUG: Panda Player Div ID extraído do embed: 'panda-2ff0b4a3-20e1-46be-a94b-4de34485e760'
[2025-09-10 13:13:19] [PALESTRA] DEBUG: Script palestra.php iniciado.
[2025-09-10 13:13:19] [PALESTRA] DEBUG: Usuário tem permissão.
[2025-09-10 13:13:19] [PALESTRA] DEBUG: ID da palestra recebido: b5f50600-3555-41ec-add4-96dfc52431b5
[2025-09-10 13:13:19] [PALESTRA] DEBUG: Palestra 'S08E18 — Tradução Audiovisual: Workflow da demanda à entrega — Bruna Andrade' encontrada. Duração em minutos: 88
[2025-09-10 13:13:19] [PALESTRA] DEBUG: User ID da sessão ('debug-user') é válido e existe na tabela 'users'.
[2025-09-10 13:13:19] [PALESTRA] DEBUG: Log existente encontrado. Progresso: 1686s
[2025-09-10 13:13:19] [PALESTRA] DEBUG: Progresso inicial carregado do DB (user_progress_seconds): 1686
[2025-09-10 13:13:19] [PALESTRA] DEBUG: Palestras relacionadas buscadas para categoria ''.
[2025-09-10 13:13:19] [PALESTRA] DEBUG: Verificação de certificado existente para exibição inicial. ID existente: Nenhum
[2025-09-10 13:13:19] [PALESTRA] DEBUG: Panda Player Div ID extraído do embed: 'panda-b5f50600-3555-41ec-add4-96dfc52431b5'
[2025-09-10 13:13:49] [PALESTRA] DEBUG: Script palestra.php iniciado.
[2025-09-10 13:13:49] [PALESTRA] DEBUG: Usuário tem permissão.
[2025-09-10 13:13:49] [PALESTRA] DEBUG: ID da palestra recebido: 079fe631-5e46-4029-8ab6-393e45662487
[2025-09-10 13:13:49] [PALESTRA] DEBUG: Palestra 'Maratona — Negociação avançada' encontrada. Duração em minutos: 109
[2025-09-10 13:13:49] [PALESTRA] DEBUG: User ID da sessão ('debug-user') é válido e existe na tabela 'users'.
[2025-09-10 13:13:49] [PALESTRA] INFO: Novo log de acesso registrado para palestra 'Maratona — Negociação avançada' (User ID: debug-user).
[2025-09-10 13:13:49] [PALESTRA] DEBUG: Progresso inicial carregado do DB (user_progress_seconds): 0
[2025-09-10 13:13:49] [PALESTRA] DEBUG: Palestras relacionadas buscadas para categoria ''.
[2025-09-10 13:13:49] [PALESTRA] DEBUG: Verificação de certificado existente para exibição inicial. ID existente: Nenhum
[2025-09-10 13:13:49] [PALESTRA] DEBUG: Panda Player Div ID extraído do embed: 'panda-079fe631-5e46-4029-8ab6-393e45662487'
[2025-09-10 14:13:41] [VIEW] DEBUG: Script view_certificate_files.php iniciado.\
[2025-09-10 14:13:41] [VIEW] DEBUG: ID do certificado recebido: 433e36b3-2aa3-44b4-9a6a-458404fb415d\
[2025-09-10 14:13:41] [VIEW] DEBUG: Dados do certificado encontrados no banco de dados para ID: 433e36b3-2aa3-44b4-9a6a-458404fb415d\
[2025-09-10 14:13:41] [VIEW] DEBUG: Procurando arquivo físico do certificado...\
[2025-09-10 14:13:41] [VIEW] DEBUG: Arquivo físico encontrado em: /home/u335416710/domains/translators101.com/public_html/v/certificates/certificate_433e36b3-2aa3-44b4-9a6a-458404fb415d.png\
[2025-09-10 14:13:41] [VIEW] DEBUG: Preparando para visualização: Certificado_WilliamCassemiro.png (Tipo: image/png) - Arquivo físico: /home/u335416710/domains/translators101.com/public_html/v/certificates/certificate_433e36b3-2aa3-44b4-9a6a-458404fb415d.png\
[2025-09-10 14:13:41] [VIEW] INFO: Arquivo Certificado_WilliamCassemiro.png enviado para visualização.\
[2025-09-10 14:15:41] [PALESTRA] DEBUG: Script palestra.php iniciado.
[2025-09-10 14:15:41] [PALESTRA] DEBUG: Usuário tem permissão.
[2025-09-10 14:15:41] [PALESTRA] DEBUG: ID da palestra recebido: 0ece69f5-8288-40fa-bd1e-890b770fc66a
[2025-09-10 14:15:41] [PALESTRA] DEBUG: Palestra 'Dicas: Pausa ' encontrada. Duração em minutos: 1
[2025-09-10 14:15:41] [PALESTRA] DEBUG: User ID da sessão ('debug-user') é válido e existe na tabela 'users'.
[2025-09-10 14:15:41] [PALESTRA] DEBUG: Log existente encontrado. Progresso: 77s
[2025-09-10 14:15:41] [PALESTRA] DEBUG: Progresso inicial carregado do DB (user_progress_seconds): 77
[2025-09-10 14:15:41] [PALESTRA] DEBUG: Palestras relacionadas buscadas para categoria ''.
[2025-09-10 14:15:41] [PALESTRA] DEBUG: Verificação de certificado existente para exibição inicial. ID existente: Nenhum
[2025-09-10 14:15:41] [PALESTRA] DEBUG: Panda Player Div ID extraído do embed: 'panda-0ece69f5-8288-40fa-bd1e-890b770fc66a'
[2025-09-10 14:15:51] [GENERATE_SIMPLE] Script generate_simple_certificate.php iniciado
[2025-09-10 14:15:51] [GENERATE_SIMPLE] Dados recebidos - Lecture: 0ece69f5-8288-40fa-bd1e-890b770fc66a, User: debug-user, Watched: 60s
[2025-09-10 14:15:51] [GENERATE_SIMPLE] Iniciando validações simplificadas
[2025-09-10 14:15:51] [GENERATE_SIMPLE] Progresso no DB: 60s, Enviado pelo cliente: 60s
[2025-09-10 14:15:51] [GENERATE_SIMPLE] Tempo final considerado: 60s (limitado à duração de 60s)
[2025-09-10 14:15:51] [GENERATE_SIMPLE] Duração total: 60s, Requerido (85%): 51s
[2025-09-10 14:15:51] [GENERATE_SIMPLE] Todas as validações passaram - gerando certificado
[2025-09-10 14:15:51] [GENERATE_SIMPLE] SUCESSO: Certificado inserido no banco - ID: 8181a0f4-05d8-474d-92ed-32aad4a7cff6
[2025-09-10 14:15:51] [GENERATE_SIMPLE] Iniciando geração do arquivo PNG T101 oficial para visualização
[2025-09-10 14:15:51] [GENERATE_SIMPLE] DEBUG: [AUTO_PNG] Iniciando geração de PNG para ID: 8181a0f4-05d8-474d-92ed-32aad4a7cff6
[2025-09-10 14:15:51] [GENERATE_SIMPLE] DEBUG: [AUTO_PNG] Conversão UTF-8 aplicada para geração.
[2025-09-10 14:15:51] [GENERATE_SIMPLE] DEBUG: [AUTO_PNG] Dimensões do template: Largura=3509, Altura=2481
[2025-09-10 14:15:51] [GENERATE_SIMPLE] DEBUG: [AUTO_PNG] Procurando fontes TTF para geração...
[2025-09-10 14:15:51] [GENERATE_SIMPLE] DEBUG: [AUTO_PNG] Fonte TTF Bold encontrada em: /home/u335416710/domains/translators101.com/public_html/v/includes/../fonts/DejaVuSans-Bold.ttf
[2025-09-10 14:15:51] [GENERATE_SIMPLE] DEBUG: [AUTO_PNG] Fonte TTF padrão encontrada em: /home/u335416710/domains/translators101.com/public_html/v/includes/../fonts/DejaVuSans-Bold.ttf
[2025-09-10 14:15:51] [GENERATE_SIMPLE] DEBUG: [AUTO_PNG] Usando imagettftext para geração.
[2025-09-10 14:15:51] [GENERATE_SIMPLE] DEBUG: [AUTO_PNG] Nome do usuário adicionado (X: 1203, Y: 1100).
[2025-09-10 14:15:51] [GENERATE_SIMPLE] DEBUG: [AUTO_PNG] Processando título: 'Dicas: Pausa ' (tamanho: 13 caracteres)
[2025-09-10 14:15:51] [GENERATE_SIMPLE] DEBUG: [AUTO_PNG] Título curto - usando layout centralizado
[2025-09-10 14:15:51] [GENERATE_SIMPLE] DEBUG: [AUTO_PNG] Título curto centralizado adicionado (X: 1408.5, Y: 1400)
[2025-09-10 14:15:51] [GENERATE_SIMPLE] DEBUG: [AUTO_PNG] Duração da palestra adicionada (X: 2000, Y: 1570).
[2025-09-10 14:15:51] [GENERATE_SIMPLE] DEBUG: [AUTO_PNG] Data de emissão adicionada (X: 850, Y: 2330).
[2025-09-10 14:15:51] [GENERATE_SIMPLE] DEBUG: [AUTO_PNG] ID do certificado adicionado (X: 280, Y: 2430).
[2025-09-10 14:15:51] [GENERATE_SIMPLE] DEBUG: URL de verificação gerada: https://v.translators101.com/verificar_certificado.php?id=8181a0f4-05d8-474d-92ed-32aad4a7cff6
[2025-09-10 14:15:52] [GENERATE_SIMPLE] DEBUG: QR Code colado na imagem base.
[2025-09-10 14:15:52] [GENERATE_SIMPLE] DEBUG: [AUTO_PNG] QR Code adicionado à imagem durante a geração (X: 2989, Y: 2131, Tamanho: 300).
[2025-09-10 14:15:56] [GENERATE_SIMPLE] DEBUG: [AUTO_PNG] imagepng() retornou SUCESSO. Verificando se o arquivo gerado é um PNG válido.
[2025-09-10 14:15:56] [GENERATE_SIMPLE] INFO: [AUTO_PNG] Certificado PNG gerado e salvo com sucesso em: /home/u335416710/domains/translators101.com/public_html/v/includes/../certificates/certificate_8181a0f4-05d8-474d-92ed-32aad4a7cff6.png. É um PNG válido.
[2025-09-10 14:15:56] [GENERATE_SIMPLE] Iniciando geração do arquivo PDF CORRIGIDO para download
[2025-09-10 14:15:56] [GENERATE_SIMPLE] DEBUG: [AUTO_PDF] Iniciando geração de PDF T101 CORRIGIDO para ID: 8181a0f4-05d8-474d-92ed-32aad4a7cff6
[2025-09-10 14:15:56] [GENERATE_SIMPLE] DEBUG: [AUTO_PDF] TCPDF encontrado em: /home/u335416710/domains/translators101.com/public_html/v/includes/../vendor/tecnickcom/tcpdf/tcpdf.php
[2025-09-10 14:15:59] [GENERATE_SIMPLE] DEBUG: [AUTO_PDF] Template T101 oficial aplicado como fundo
[2025-09-10 14:15:59] [GENERATE_SIMPLE] DEBUG: URL de verificação gerada: https://v.translators101.com/verificar_certificado.php?id=8181a0f4-05d8-474d-92ed-32aad4a7cff6
[2025-09-10 14:16:00] [GENERATE_SIMPLE] DEBUG: [AUTO_PDF] QR Code T101 adicionado ao PDF (posição corrigida)
[2025-09-10 14:16:00] [GENERATE_SIMPLE] SUCESSO: [AUTO_PDF] PDF T101 CORRIGIDO gerado em: /home/u335416710/domains/translators101.com/public_html/v/includes/../certificates/certificate_8181a0f4-05d8-474d-92ed-32aad4a7cff6.pdf
[2025-09-10 14:16:00] [GENERATE_SIMPLE] SUCESSO COMPLETO: PNG T101 e PDF CORRIGIDO gerados
[2025-09-10 14:16:00] [GENERATE_SIMPLE] PROCESSO COMPLETO: Certificado ID: 8181a0f4-05d8-474d-92ed-32aad4a7cff6 gerado para usuário William Cassemiro - Palestra: Dicas: Pausa  - 60s/60s (100%) - PNG T101: OK - PDF: OK
[2025-09-10 14:16:10] [VIEW] DEBUG: Script view_certificate_files.php iniciado.\
[2025-09-10 14:16:10] [VIEW] DEBUG: ID do certificado recebido: 8181a0f4-05d8-474d-92ed-32aad4a7cff6\
[2025-09-10 14:16:10] [VIEW] DEBUG: Dados do certificado encontrados no banco de dados para ID: 8181a0f4-05d8-474d-92ed-32aad4a7cff6\
[2025-09-10 14:16:10] [VIEW] DEBUG: Procurando arquivo físico do certificado...\
[2025-09-10 14:16:10] [VIEW] DEBUG: Arquivo físico encontrado em: /home/u335416710/domains/translators101.com/public_html/v/certificates/certificate_8181a0f4-05d8-474d-92ed-32aad4a7cff6.png\
[2025-09-10 14:16:10] [VIEW] DEBUG: Preparando para visualização: Certificado_WilliamCassemiro.png (Tipo: image/png) - Arquivo físico: /home/u335416710/domains/translators101.com/public_html/v/certificates/certificate_8181a0f4-05d8-474d-92ed-32aad4a7cff6.png\
[2025-09-10 14:16:10] [VIEW] INFO: Arquivo Certificado_WilliamCassemiro.png enviado para visualização.\
[2025-09-10 14:17:40] [PALESTRA] DEBUG: Script palestra.php iniciado.
[2025-09-10 14:17:40] [PALESTRA] DEBUG: Usuário tem permissão.
[2025-09-10 14:17:40] [PALESTRA] DEBUG: ID da palestra recebido: 3b8a4d18-3fb4-4ba5-ad1f-28f17403ccec
[2025-09-10 14:17:40] [PALESTRA] DEBUG: Palestra 'Dicas: Celular ' encontrada. Duração em minutos: 1
[2025-09-10 14:17:40] [PALESTRA] DEBUG: User ID da sessão ('debug-user') é válido e existe na tabela 'users'.
[2025-09-10 14:17:40] [PALESTRA] DEBUG: Log existente encontrado. Progresso: 114s
[2025-09-10 14:17:40] [PALESTRA] DEBUG: Progresso inicial carregado do DB (user_progress_seconds): 114
[2025-09-10 14:17:40] [PALESTRA] DEBUG: Palestras relacionadas buscadas para categoria ''.
[2025-09-10 14:17:40] [PALESTRA] DEBUG: Verificação de certificado existente para exibição inicial. ID existente: Nenhum
[2025-09-10 14:17:40] [PALESTRA] DEBUG: Panda Player Div ID extraído do embed: 'panda-3b8a4d18-3fb4-4ba5-ad1f-28f17403ccec'
[2025-09-10 14:18:23] [PALESTRA] DEBUG: Script palestra.php iniciado.
[2025-09-10 14:18:23] [PALESTRA] DEBUG: Usuário tem permissão.
[2025-09-10 14:18:23] [PALESTRA] DEBUG: ID da palestra recebido: 8d712fa2-ec7c-444f-bc53-17d012c7b132
[2025-09-10 14:18:23] [PALESTRA] DEBUG: Palestra 'Dicas: Alongamento ' encontrada. Duração em minutos: 1
[2025-09-10 14:18:23] [PALESTRA] DEBUG: User ID da sessão ('debug-user') é válido e existe na tabela 'users'.
[2025-09-10 14:18:23] [PALESTRA] INFO: Novo log de acesso registrado para palestra 'Dicas: Alongamento ' (User ID: debug-user).
[2025-09-10 14:18:23] [PALESTRA] DEBUG: Progresso inicial carregado do DB (user_progress_seconds): 0
[2025-09-10 14:18:23] [PALESTRA] DEBUG: Palestras relacionadas buscadas para categoria ''.
[2025-09-10 14:18:23] [PALESTRA] DEBUG: Verificação de certificado existente para exibição inicial. ID existente: Nenhum
[2025-09-10 14:18:23] [PALESTRA] DEBUG: Panda Player Div ID extraído do embed: 'panda-8d712fa2-ec7c-444f-bc53-17d012c7b132'
[2025-09-10 14:19:23] [GENERATE_SIMPLE] Script generate_simple_certificate.php iniciado
[2025-09-10 14:19:23] [GENERATE_SIMPLE] Dados recebidos - Lecture: 8d712fa2-ec7c-444f-bc53-17d012c7b132, User: debug-user, Watched: 57s
[2025-09-10 14:19:23] [GENERATE_SIMPLE] Iniciando validações simplificadas
[2025-09-10 14:19:23] [GENERATE_SIMPLE] Progresso no DB: 51s, Enviado pelo cliente: 57s
[2025-09-10 14:19:23] [GENERATE_SIMPLE] Tempo final considerado: 57s (limitado à duração de 60s)
[2025-09-10 14:19:23] [GENERATE_SIMPLE] Duração total: 60s, Requerido (85%): 51s
[2025-09-10 14:19:23] [GENERATE_SIMPLE] Todas as validações passaram - gerando certificado
[2025-09-10 14:19:23] [GENERATE_SIMPLE] SUCESSO: Certificado inserido no banco - ID: 14783f84-3814-4396-b89b-94c2497af1bb
[2025-09-10 14:19:23] [GENERATE_SIMPLE] Iniciando geração do arquivo PNG T101 oficial para visualização
[2025-09-10 14:19:23] [GENERATE_SIMPLE] DEBUG: [AUTO_PNG] Iniciando geração de PNG para ID: 14783f84-3814-4396-b89b-94c2497af1bb
[2025-09-10 14:19:23] [GENERATE_SIMPLE] DEBUG: [AUTO_PNG] Conversão UTF-8 aplicada para geração.
[2025-09-10 14:19:23] [GENERATE_SIMPLE] DEBUG: [AUTO_PNG] Dimensões do template: Largura=3509, Altura=2481
[2025-09-10 14:19:23] [GENERATE_SIMPLE] DEBUG: [AUTO_PNG] Procurando fontes TTF para geração...
[2025-09-10 14:19:23] [GENERATE_SIMPLE] DEBUG: [AUTO_PNG] Fonte TTF Bold encontrada em: /home/u335416710/domains/translators101.com/public_html/v/includes/../fonts/DejaVuSans-Bold.ttf
[2025-09-10 14:19:23] [GENERATE_SIMPLE] DEBUG: [AUTO_PNG] Fonte TTF padrão encontrada em: /home/u335416710/domains/translators101.com/public_html/v/includes/../fonts/DejaVuSans-Bold.ttf
[2025-09-10 14:19:23] [GENERATE_SIMPLE] DEBUG: [AUTO_PNG] Usando imagettftext para geração.
[2025-09-10 14:19:23] [GENERATE_SIMPLE] DEBUG: [AUTO_PNG] Nome do usuário adicionado (X: 1203, Y: 1100).
[2025-09-10 14:19:23] [GENERATE_SIMPLE] DEBUG: [AUTO_PNG] Processando título: 'Dicas: Alongamento ' (tamanho: 19 caracteres)
[2025-09-10 14:19:23] [GENERATE_SIMPLE] DEBUG: [AUTO_PNG] Título curto - usando layout centralizado
[2025-09-10 14:19:23] [GENERATE_SIMPLE] DEBUG: [AUTO_PNG] Título curto centralizado adicionado (X: 1215, Y: 1400)
[2025-09-10 14:19:23] [GENERATE_SIMPLE] DEBUG: [AUTO_PNG] Duração da palestra adicionada (X: 2000, Y: 1570).
[2025-09-10 14:19:23] [GENERATE_SIMPLE] DEBUG: [AUTO_PNG] Data de emissão adicionada (X: 850, Y: 2330).
[2025-09-10 14:19:23] [GENERATE_SIMPLE] DEBUG: [AUTO_PNG] ID do certificado adicionado (X: 280, Y: 2430).
[2025-09-10 14:19:23] [GENERATE_SIMPLE] DEBUG: URL de verificação gerada: https://v.translators101.com/verificar_certificado.php?id=14783f84-3814-4396-b89b-94c2497af1bb
[2025-09-10 14:19:24] [GENERATE_SIMPLE] DEBUG: QR Code colado na imagem base.
[2025-09-10 14:19:24] [GENERATE_SIMPLE] DEBUG: [AUTO_PNG] QR Code adicionado à imagem durante a geração (X: 2989, Y: 2131, Tamanho: 300).
[2025-09-10 14:19:28] [GENERATE_SIMPLE] DEBUG: [AUTO_PNG] imagepng() retornou SUCESSO. Verificando se o arquivo gerado é um PNG válido.
[2025-09-10 14:19:28] [GENERATE_SIMPLE] INFO: [AUTO_PNG] Certificado PNG gerado e salvo com sucesso em: /home/u335416710/domains/translators101.com/public_html/v/includes/../certificates/certificate_14783f84-3814-4396-b89b-94c2497af1bb.png. É um PNG válido.
[2025-09-10 14:19:28] [GENERATE_SIMPLE] Iniciando geração do arquivo PDF CORRIGIDO para download
[2025-09-10 14:19:28] [GENERATE_SIMPLE] DEBUG: [AUTO_PDF] Iniciando geração de PDF T101 CORRIGIDO para ID: 14783f84-3814-4396-b89b-94c2497af1bb
[2025-09-10 14:19:28] [GENERATE_SIMPLE] DEBUG: [AUTO_PDF] TCPDF encontrado em: /home/u335416710/domains/translators101.com/public_html/v/includes/../vendor/tecnickcom/tcpdf/tcpdf.php
[2025-09-10 14:19:31] [GENERATE_SIMPLE] DEBUG: [AUTO_PDF] Template T101 oficial aplicado como fundo
[2025-09-10 14:19:31] [GENERATE_SIMPLE] DEBUG: URL de verificação gerada: https://v.translators101.com/verificar_certificado.php?id=14783f84-3814-4396-b89b-94c2497af1bb
[2025-09-10 14:19:32] [GENERATE_SIMPLE] DEBUG: [AUTO_PDF] QR Code T101 adicionado ao PDF (posição corrigida)
[2025-09-10 14:19:32] [GENERATE_SIMPLE] SUCESSO: [AUTO_PDF] PDF T101 CORRIGIDO gerado em: /home/u335416710/domains/translators101.com/public_html/v/includes/../certificates/certificate_14783f84-3814-4396-b89b-94c2497af1bb.pdf
[2025-09-10 14:19:32] [GENERATE_SIMPLE] SUCESSO COMPLETO: PNG T101 e PDF CORRIGIDO gerados
[2025-09-10 14:19:32] [GENERATE_SIMPLE] PROCESSO COMPLETO: Certificado ID: 14783f84-3814-4396-b89b-94c2497af1bb gerado para usuário William Cassemiro - Palestra: Dicas: Alongamento  - 57s/60s (95%) - PNG T101: OK - PDF: OK
[2025-09-10 14:23:51] [PALESTRA] DEBUG: Script palestra.php iniciado.
[2025-09-10 14:23:51] [PALESTRA] DEBUG: Usuário tem permissão.
[2025-09-10 14:23:51] [PALESTRA] DEBUG: ID da palestra recebido: 4e3c5e84-d713-47a5-93f2-8e4a233ebf45
[2025-09-10 14:23:51] [PALESTRA] DEBUG: Palestra 'Mesa-redonda ITD 2023 — Tradução Literária' encontrada. Duração em minutos: 127
[2025-09-10 14:23:51] [PALESTRA] DEBUG: User ID da sessão ('debug-user') é válido e existe na tabela 'users'.
[2025-09-10 14:23:51] [PALESTRA] INFO: Novo log de acesso registrado para palestra 'Mesa-redonda ITD 2023 — Tradução Literária' (User ID: debug-user).
[2025-09-10 14:23:51] [PALESTRA] DEBUG: Progresso inicial carregado do DB (user_progress_seconds): 0
[2025-09-10 14:23:51] [PALESTRA] DEBUG: Palestras relacionadas buscadas para categoria ''.
[2025-09-10 14:23:51] [PALESTRA] DEBUG: Verificação de certificado existente para exibição inicial. ID existente: Nenhum
[2025-09-10 14:23:51] [PALESTRA] DEBUG: Panda Player Div ID extraído do embed: 'panda-4e3c5e84-d713-47a5-93f2-8e4a233ebf45'
[2025-09-10 15:28:37] [PALESTRA] DEBUG: Script palestra.php iniciado.
[2025-09-10 15:28:37] [PALESTRA] DEBUG: Usuário tem permissão.
[2025-09-10 15:28:37] [PALESTRA] DEBUG: ID da palestra recebido: 865a3d66-7c83-4521-9fe9-df09fea5431c
[2025-09-10 15:28:37] [PALESTRA] DEBUG: Palestra 'Especial #ITD 2020 — T101 explica SDL Studio' encontrada. Duração em minutos: 57
[2025-09-10 15:28:37] [PALESTRA] DEBUG: User ID da sessão ('debug-user') é válido e existe na tabela 'users'.
[2025-09-10 15:28:37] [PALESTRA] INFO: Novo log de acesso registrado para palestra 'Especial #ITD 2020 — T101 explica SDL Studio' (User ID: debug-user).
[2025-09-10 15:28:37] [PALESTRA] DEBUG: Progresso inicial carregado do DB (user_progress_seconds): 0
[2025-09-10 15:28:37] [PALESTRA] DEBUG: Palestras relacionadas buscadas para categoria ''.
[2025-09-10 15:28:37] [PALESTRA] DEBUG: Verificação de certificado existente para exibição inicial. ID existente: Nenhum
[2025-09-10 15:28:37] [PALESTRA] DEBUG: Panda Player Div ID extraído do embed: 'panda-865a3d66-7c83-4521-9fe9-df09fea5431c'
[2025-09-10 16:19:37] [GENERATE_SIMPLE] Script generate_simple_certificate.php iniciado
[2025-09-10 16:19:37] [GENERATE_SIMPLE] Dados recebidos - Lecture: 865a3d66-7c83-4521-9fe9-df09fea5431c, User: debug-user, Watched: 2900s
[2025-09-10 16:19:37] [GENERATE_SIMPLE] Iniciando validações simplificadas
[2025-09-10 16:19:37] [GENERATE_SIMPLE] Progresso no DB: 2900s, Enviado pelo cliente: 2900s
[2025-09-10 16:19:37] [GENERATE_SIMPLE] Tempo final considerado: 2900s
[2025-09-10 16:19:37] [GENERATE_SIMPLE] Duração total: 3420s, Requerido (85%): 2907s
[2025-09-10 16:19:37] [GENERATE_SIMPLE] ERRO: Tempo insuficiente - Assistido: 2900s, Requerido: 2907s
[2025-09-10 16:19:42] [GENERATE_SIMPLE] Script generate_simple_certificate.php iniciado
[2025-09-10 16:19:42] [GENERATE_SIMPLE] Dados recebidos - Lecture: 865a3d66-7c83-4521-9fe9-df09fea5431c, User: debug-user, Watched: 2900s
[2025-09-10 16:19:42] [GENERATE_SIMPLE] Iniciando validações simplificadas
[2025-09-10 16:19:42] [GENERATE_SIMPLE] Progresso no DB: 2900s, Enviado pelo cliente: 2900s
[2025-09-10 16:19:42] [GENERATE_SIMPLE] Tempo final considerado: 2900s
[2025-09-10 16:19:42] [GENERATE_SIMPLE] Duração total: 3420s, Requerido (85%): 2907s
[2025-09-10 16:19:42] [GENERATE_SIMPLE] ERRO: Tempo insuficiente - Assistido: 2900s, Requerido: 2907s
[2025-09-10 16:20:11] [GENERATE_SIMPLE] Script generate_simple_certificate.php iniciado
[2025-09-10 16:20:11] [GENERATE_SIMPLE] Dados recebidos - Lecture: 865a3d66-7c83-4521-9fe9-df09fea5431c, User: debug-user, Watched: 2939s
[2025-09-10 16:20:11] [GENERATE_SIMPLE] Iniciando validações simplificadas
[2025-09-10 16:20:11] [GENERATE_SIMPLE] Progresso no DB: 2939s, Enviado pelo cliente: 2939s
[2025-09-10 16:20:11] [GENERATE_SIMPLE] Tempo final considerado: 2939s
[2025-09-10 16:20:11] [GENERATE_SIMPLE] Duração total: 3420s, Requerido (85%): 2907s
[2025-09-10 16:20:11] [GENERATE_SIMPLE] Todas as validações passaram - gerando certificado
[2025-09-10 16:20:11] [GENERATE_SIMPLE] SUCESSO: Certificado inserido no banco - ID: 3ce78af3-86d3-468f-9375-a480c9094168
[2025-09-10 16:20:11] [GENERATE_SIMPLE] DEBUG: [GENERATE_SIMPLE] Iniciando geração de PNG para ID: 3ce78af3-86d3-468f-9375-a480c9094168
[2025-09-10 16:20:11] [GENERATE_SIMPLE] DEBUG: [GENERATE_SIMPLE] Conversão UTF-8 aplicada para geração.
[2025-09-10 16:20:11] [GENERATE_SIMPLE] DEBUG: [GENERATE_SIMPLE] Dimensões do template: Largura=3509, Altura=2481
[2025-09-10 16:20:11] [GENERATE_SIMPLE] DEBUG: [GENERATE_SIMPLE] Procurando fontes TTF para geração...
[2025-09-10 16:20:11] [GENERATE_SIMPLE] DEBUG: [GENERATE_SIMPLE] Fonte TTF Bold encontrada em: /home/u335416710/domains/translators101.com/public_html/v/includes/../fonts/DejaVuSans-Bold.ttf
[2025-09-10 16:20:11] [GENERATE_SIMPLE] DEBUG: [GENERATE_SIMPLE] Fonte TTF padrão encontrada em: /home/u335416710/domains/translators101.com/public_html/v/includes/../fonts/DejaVuSans-Bold.ttf
[2025-09-10 16:20:11] [GENERATE_SIMPLE] DEBUG: [GENERATE_SIMPLE] Usando imagettftext para geração.
[2025-09-10 16:20:11] [GENERATE_SIMPLE] DEBUG: [GENERATE_SIMPLE] Nome do usuário adicionado (X: 1203, Y: 1100).
[2025-09-10 16:20:11] [GENERATE_SIMPLE] DEBUG: [GENERATE_SIMPLE] Processando título: 'Especial #ITD 2020 — T101 explica SDL Studio' (tamanho: 46 caracteres)
[2025-09-10 16:20:11] [GENERATE_SIMPLE] DEBUG: [GENERATE_SIMPLE] Título curto - usando layout centralizado
[2025-09-10 16:20:11] [GENERATE_SIMPLE] DEBUG: [GENERATE_SIMPLE] Título curto centralizado adicionado (X: 536, Y: 1400)
[2025-09-10 16:20:11] [GENERATE_SIMPLE] DEBUG: [GENERATE_SIMPLE] Duração da palestra adicionada (X: 2000, Y: 1570).
[2025-09-10 16:20:11] [GENERATE_SIMPLE] DEBUG: [GENERATE_SIMPLE] Data de emissão adicionada (X: 850, Y: 2330).
[2025-09-10 16:20:11] [GENERATE_SIMPLE] DEBUG: [GENERATE_SIMPLE] ID do certificado adicionado (X: 280, Y: 2430).
[2025-09-10 16:20:11] [GENERATE_SIMPLE] DEBUG: URL de verificação gerada: https://v.translators101.com/verificar_certificado.php?id=3ce78af3-86d3-468f-9375-a480c9094168
[2025-09-10 16:20:12] [GENERATE_SIMPLE] DEBUG: QR Code colado na imagem base.
[2025-09-10 16:20:12] [GENERATE_SIMPLE] DEBUG: [GENERATE_SIMPLE] QR Code adicionado à imagem durante a geração (X: 2989, Y: 2131, Tamanho: 300).
[2025-09-10 16:20:15] [GENERATE_SIMPLE] DEBUG: [GENERATE_SIMPLE] imagepng() retornou SUCESSO. Verificando se o arquivo gerado é um PNG válido.
[2025-09-10 16:20:15] [GENERATE_SIMPLE] INFO: [GENERATE_SIMPLE] Certificado PNG gerado e salvo com sucesso em: /home/u335416710/domains/translators101.com/public_html/v/includes/../certificates/certificate_3ce78af3-86d3-468f-9375-a480c9094168.png. É um PNG válido.
[2025-09-10 16:20:15] [GENERATE_SIMPLE] SUCESSO: PNG gerado - /home/u335416710/domains/translators101.com/public_html/v/includes/../certificates/certificate_3ce78af3-86d3-468f-9375-a480c9094168.png
[2025-09-10 16:20:15] [GENERATE_SIMPLE] DEBUG: [GENERATE_SIMPLE] Iniciando geração de PDF T101 CORRIGIDO para ID: 3ce78af3-86d3-468f-9375-a480c9094168
[2025-09-10 16:20:15] [GENERATE_SIMPLE] DEBUG: [GENERATE_SIMPLE] TCPDF encontrado em: /home/u335416710/domains/translators101.com/public_html/v/includes/../vendor/tecnickcom/tcpdf/tcpdf.php
[2025-09-10 16:20:18] [GENERATE_SIMPLE] DEBUG: [GENERATE_SIMPLE] Template T101 oficial aplicado como fundo
[2025-09-10 16:20:18] [GENERATE_SIMPLE] DEBUG: URL de verificação gerada: https://v.translators101.com/verificar_certificado.php?id=3ce78af3-86d3-468f-9375-a480c9094168
[2025-09-10 16:20:19] [GENERATE_SIMPLE] DEBUG: [GENERATE_SIMPLE] QR Code T101 adicionado ao PDF (posição corrigida)
[2025-09-10 16:20:19] [GENERATE_SIMPLE] SUCESSO: [GENERATE_SIMPLE] PDF T101 CORRIGIDO gerado em: /home/u335416710/domains/translators101.com/public_html/v/includes/../certificates/certificate_3ce78af3-86d3-468f-9375-a480c9094168.pdf
[2025-09-10 16:20:19] [GENERATE_SIMPLE] SUCESSO: PDF gerado - /home/u335416710/domains/translators101.com/public_html/v/includes/../certificates/certificate_3ce78af3-86d3-468f-9375-a480c9094168.pdf
[2025-09-10 16:20:19] [GENERATE_SIMPLE] SUCESSO: Certificado gerado - ID: 3ce78af3-86d3-468f-9375-a480c9094168, PNG: SIM, PDF: SIM, Assistido: 2939s de 3420s (85.9%)
[2025-09-10 13:20:22] [DOWNLOAD] DEBUG: Script download_certificate_files.php iniciado.
[2025-09-10 13:20:22] [DOWNLOAD] DEBUG: ID do certificado recebido: 3ce78af3-86d3-468f-9375-a480c9094168
[2025-09-10 13:20:22] [DOWNLOAD] DEBUG: Dados do certificado encontrados no banco de dados.
[2025-09-10 13:20:22] [DOWNLOAD] DEBUG: Procurando arquivo físico para o certificado...
[2025-09-10 13:20:22] [DOWNLOAD] DEBUG: Arquivo físico encontrado em: /home/u335416710/domains/translators101.com/public_html/v/certificates/certificate_3ce78af3-86d3-468f-9375-a480c9094168.pdf
[2025-09-10 13:20:22] [DOWNLOAD] DEBUG: Preparando para download: Certificado_William_Cassemiro_2025-09-10.pdf (Tipo: application/pdf)
[2025-09-10 13:20:22] [DOWNLOAD] INFO: Arquivo Certificado_William_Cassemiro_2025-09-10.pdf enviado para download.
[2025-09-10 16:37:30] [DOWNLOAD] DEBUG: Script download_certificate_files.php iniciado.
[2025-09-10 16:37:30] [DOWNLOAD] DEBUG: ID do certificado recebido: 3ce78af3-86d3-468f-9375-a480c9094168
[2025-09-10 16:37:30] [DOWNLOAD] DEBUG: Dados do certificado encontrados no banco de dados.
[2025-09-10 16:37:30] [DOWNLOAD] DEBUG: Procurando arquivo físico para o certificado...
[2025-09-10 16:37:30] [DOWNLOAD] DEBUG: Arquivo físico encontrado em: /home/u335416710/domains/translators101.com/public_html/v/certificates/certificate_3ce78af3-86d3-468f-9375-a480c9094168.pdf
[2025-09-10 16:37:30] [DOWNLOAD] DEBUG: Preparando para download: Certificado_William_Cassemiro_2025-09-10.pdf (Tipo: application/pdf)
[2025-09-10 16:37:30] [DOWNLOAD] INFO: Arquivo Certificado_William_Cassemiro_2025-09-10.pdf enviado para download.
[2025-09-10 19:37:41] [PALESTRA] DEBUG: Script palestra.php iniciado.
[2025-09-10 19:37:41] [PALESTRA] DEBUG: Usuário tem permissão.
[2025-09-10 19:37:41] [PALESTRA] DEBUG: ID da palestra recebido: 865a3d66-7c83-4521-9fe9-df09fea5431c
[2025-09-10 19:37:41] [PALESTRA] DEBUG: Palestra 'Especial #ITD 2020 — T101 explica SDL Studio' encontrada. Duração em minutos: 57
[2025-09-10 19:37:41] [PALESTRA] DEBUG: User ID da sessão ('debug-user') é válido e existe na tabela 'users'.
[2025-09-10 19:37:41] [PALESTRA] INFO: Log de acesso atualizado para palestra 'Especial #ITD 2020 — T101 explica SDL Studio'.
[2025-09-10 19:37:41] [PALESTRA] DEBUG: Progresso inicial carregado do DB (user_progress_seconds): 14786
[2025-09-10 19:37:41] [PALESTRA] DEBUG: Palestras relacionadas buscadas para categoria ''.
[2025-09-10 19:37:41] [PALESTRA] DEBUG: Verificação de certificado existente para exibição inicial. ID existente: 3ce78af3-86d3-468f-9375-a480c9094168
[2025-09-10 19:37:41] [PALESTRA] DEBUG: Panda Player Div ID extraído do embed: 'panda-865a3d66-7c83-4521-9fe9-df09fea5431c'
[2025-09-10 23:53:08] [PALESTRA] DEBUG: Script palestra.php iniciado.
[2025-09-10 23:53:08] [PALESTRA] INFO: Usuário não tem permissão para acessar a palestra. Redirecionando para /planos.php.
[2025-09-11 13:08:11] [VIEW] DEBUG: Script view_certificate_files.php iniciado.\
[2025-09-11 13:08:11] [VIEW] DEBUG: ID do certificado recebido: 3ce78af3-86d3-468f-9375-a480c9094168\
[2025-09-11 13:08:11] [VIEW] DEBUG: Dados do certificado encontrados no banco de dados para ID: 3ce78af3-86d3-468f-9375-a480c9094168\
[2025-09-11 13:08:11] [VIEW] DEBUG: Procurando arquivo físico do certificado...\
[2025-09-11 13:08:11] [VIEW] DEBUG: Arquivo físico encontrado em: /home/u335416710/domains/translators101.com/public_html/v/certificates/certificate_3ce78af3-86d3-468f-9375-a480c9094168.png\
[2025-09-11 13:08:11] [VIEW] DEBUG: Preparando para visualização: Certificado_WilliamCassemiro.png (Tipo: image/png) - Arquivo físico: /home/u335416710/domains/translators101.com/public_html/v/certificates/certificate_3ce78af3-86d3-468f-9375-a480c9094168.png\
[2025-09-11 13:08:11] [VIEW] INFO: Arquivo Certificado_WilliamCassemiro.png enviado para visualização.\
[2025-09-11 13:10:14] [PALESTRA] DEBUG: Script palestra.php iniciado.
[2025-09-11 13:10:14] [PALESTRA] DEBUG: Usuário tem permissão.
[2025-09-11 13:10:14] [PALESTRA] DEBUG: ID da palestra recebido: 307882f8-f303-49c6-8652-a7902e571a8a
[2025-09-11 13:10:14] [PALESTRA] DEBUG: Palestra 'S02E03 — A Tradução para a dublagem brasileira — Dilma Machado' encontrada. Duração em minutos: 37
[2025-09-11 13:10:14] [PALESTRA] DEBUG: User ID da sessão ('debug-user') é válido e existe na tabela 'users'.
[2025-09-11 13:10:14] [PALESTRA] INFO: Log de acesso atualizado para palestra 'S02E03 — A Tradução para a dublagem brasileira — Dilma Machado'.
[2025-09-11 13:10:14] [PALESTRA] DEBUG: Progresso inicial carregado do DB (user_progress_seconds): 2129
[2025-09-11 13:10:14] [PALESTRA] DEBUG: Palestras relacionadas buscadas para categoria 'TAV'.
[2025-09-11 13:10:14] [PALESTRA] DEBUG: Verificação de certificado existente para exibição inicial. ID existente: Nenhum
[2025-09-11 13:10:14] [PALESTRA] DEBUG: Panda Player Div ID extraído do embed: 'panda-b01cff37-016b-4eca-b5ba-f184f1a4db87'
[2025-09-11 13:10:34] [GENERATE_SIMPLE] Script generate_simple_certificate.php iniciado
[2025-09-11 13:10:34] [GENERATE_SIMPLE] Dados recebidos - Lecture: 307882f8-f303-49c6-8652-a7902e571a8a, User: debug-user, Watched: 2129s
[2025-09-11 13:10:34] [GENERATE_SIMPLE] Iniciando validações simplificadas
[2025-09-11 13:10:34] [GENERATE_SIMPLE] Progresso no DB: 2129s, Enviado pelo cliente: 2129s
[2025-09-11 13:10:34] [GENERATE_SIMPLE] Tempo final considerado: 2129s
[2025-09-11 13:10:34] [GENERATE_SIMPLE] Duração total: 2220s, Requerido (85%): 1887s
[2025-09-11 13:10:34] [GENERATE_SIMPLE] Todas as validações passaram - gerando certificado
[2025-09-11 13:10:34] [GENERATE_SIMPLE] SUCESSO: Certificado inserido no banco - ID: 19e68dee-3d23-4cdb-8838-a2efb3602bed
[2025-09-11 13:10:34] [GENERATE_SIMPLE] DEBUG: [GENERATE_SIMPLE] Iniciando geração de PNG para ID: 19e68dee-3d23-4cdb-8838-a2efb3602bed
[2025-09-11 13:10:35] [GENERATE_SIMPLE] DEBUG: [GENERATE_SIMPLE] Conversão UTF-8 aplicada para geração.
[2025-09-11 13:10:35] [GENERATE_SIMPLE] DEBUG: [GENERATE_SIMPLE] Dimensões do template: Largura=3509, Altura=2481
[2025-09-11 13:10:35] [GENERATE_SIMPLE] DEBUG: [GENERATE_SIMPLE] Procurando fontes TTF para geração...
[2025-09-11 13:10:35] [GENERATE_SIMPLE] DEBUG: [GENERATE_SIMPLE] Fonte TTF Bold encontrada em: /home/u335416710/domains/translators101.com/public_html/v/includes/../fonts/DejaVuSans-Bold.ttf
[2025-09-11 13:10:35] [GENERATE_SIMPLE] DEBUG: [GENERATE_SIMPLE] Fonte TTF padrão encontrada em: /home/u335416710/domains/translators101.com/public_html/v/includes/../fonts/DejaVuSans-Bold.ttf
[2025-09-11 13:10:35] [GENERATE_SIMPLE] DEBUG: [GENERATE_SIMPLE] Usando imagettftext para geração.
[2025-09-11 13:10:35] [GENERATE_SIMPLE] DEBUG: [GENERATE_SIMPLE] Nome do usuário adicionado (X: 1203, Y: 1100).
[2025-09-11 13:10:35] [GENERATE_SIMPLE] DEBUG: [GENERATE_SIMPLE] Processando título: 'S02E03 — A Tradução para a dublagem brasileira — Dilma Machado' (tamanho: 68 caracteres)
[2025-09-11 13:10:35] [GENERATE_SIMPLE] DEBUG: [GENERATE_SIMPLE] Título longo detectado - aplicando quebra de linha inteligente
[2025-09-11 13:10:35] [GENERATE_SIMPLE] DEBUG: [GENERATE_SIMPLE] Linha 1: 'Tradução para a dublagem brasileira —'
[2025-09-11 13:10:35] [GENERATE_SIMPLE] DEBUG: [GENERATE_SIMPLE] Linha 2: 'S02E03 — A Dilma Machado'
[2025-09-11 13:10:35] [GENERATE_SIMPLE] DEBUG: [GENERATE_SIMPLE] Linha 1 adicionada (X: 1021.5, Y: 1350)
[2025-09-11 13:10:35] [GENERATE_SIMPLE] DEBUG: [GENERATE_SIMPLE] Linha 2 adicionada (X: 1236.5, Y: 1410)
[2025-09-11 13:10:35] [GENERATE_SIMPLE] DEBUG: [GENERATE_SIMPLE] Duração da palestra adicionada (X: 2000, Y: 1570).
[2025-09-11 13:10:35] [GENERATE_SIMPLE] DEBUG: [GENERATE_SIMPLE] Data de emissão adicionada (X: 850, Y: 2330).
[2025-09-11 13:10:35] [GENERATE_SIMPLE] DEBUG: [GENERATE_SIMPLE] ID do certificado adicionado (X: 280, Y: 2430).
[2025-09-11 13:10:35] [GENERATE_SIMPLE] DEBUG: URL de verificação gerada: https://v.translators101.com/verificar_certificado.php?id=19e68dee-3d23-4cdb-8838-a2efb3602bed
[2025-09-11 13:10:36] [GENERATE_SIMPLE] DEBUG: QR Code colado na imagem base.
[2025-09-11 13:10:36] [GENERATE_SIMPLE] DEBUG: [GENERATE_SIMPLE] QR Code adicionado à imagem durante a geração (X: 2989, Y: 2131, Tamanho: 300).
[2025-09-11 13:10:39] [GENERATE_SIMPLE] DEBUG: [GENERATE_SIMPLE] imagepng() retornou SUCESSO. Verificando se o arquivo gerado é um PNG válido.
[2025-09-11 13:10:39] [GENERATE_SIMPLE] INFO: [GENERATE_SIMPLE] Certificado PNG gerado e salvo com sucesso em: /home/u335416710/domains/translators101.com/public_html/v/includes/../certificates/certificate_19e68dee-3d23-4cdb-8838-a2efb3602bed.png. É um PNG válido.
[2025-09-11 13:10:39] [GENERATE_SIMPLE] SUCESSO: PNG gerado - /home/u335416710/domains/translators101.com/public_html/v/includes/../certificates/certificate_19e68dee-3d23-4cdb-8838-a2efb3602bed.png
[2025-09-11 13:10:39] [GENERATE_SIMPLE] DEBUG: [GENERATE_SIMPLE] Iniciando geração de PDF T101 CORRIGIDO para ID: 19e68dee-3d23-4cdb-8838-a2efb3602bed
[2025-09-11 13:10:39] [GENERATE_SIMPLE] DEBUG: [GENERATE_SIMPLE] TCPDF encontrado em: /home/u335416710/domains/translators101.com/public_html/v/includes/../vendor/tecnickcom/tcpdf/tcpdf.php
[2025-09-11 13:10:42] [GENERATE_SIMPLE] DEBUG: [GENERATE_SIMPLE] Template T101 oficial aplicado como fundo
[2025-09-11 13:10:42] [GENERATE_SIMPLE] DEBUG: URL de verificação gerada: https://v.translators101.com/verificar_certificado.php?id=19e68dee-3d23-4cdb-8838-a2efb3602bed
[2025-09-11 13:10:43] [GENERATE_SIMPLE] DEBUG: [GENERATE_SIMPLE] QR Code T101 adicionado ao PDF (posição corrigida)
[2025-09-11 13:10:43] [GENERATE_SIMPLE] SUCESSO: [GENERATE_SIMPLE] PDF T101 CORRIGIDO gerado em: /home/u335416710/domains/translators101.com/public_html/v/includes/../certificates/certificate_19e68dee-3d23-4cdb-8838-a2efb3602bed.pdf
[2025-09-11 13:10:43] [GENERATE_SIMPLE] SUCESSO: PDF gerado - /home/u335416710/domains/translators101.com/public_html/v/includes/../certificates/certificate_19e68dee-3d23-4cdb-8838-a2efb3602bed.pdf
[2025-09-11 13:10:43] [GENERATE_SIMPLE] SUCESSO: Certificado gerado - ID: 19e68dee-3d23-4cdb-8838-a2efb3602bed, PNG: SIM, PDF: SIM, Assistido: 2129s de 2220s (95.9%)
[2025-09-11 10:10:45] [DOWNLOAD] DEBUG: Script download_certificate_files.php iniciado.
[2025-09-11 10:10:45] [DOWNLOAD] DEBUG: ID do certificado recebido: 19e68dee-3d23-4cdb-8838-a2efb3602bed
[2025-09-11 10:10:45] [DOWNLOAD] DEBUG: Dados do certificado encontrados no banco de dados.
[2025-09-11 10:10:45] [DOWNLOAD] DEBUG: Procurando arquivo físico para o certificado...
[2025-09-11 10:10:45] [DOWNLOAD] DEBUG: Arquivo físico encontrado em: /home/u335416710/domains/translators101.com/public_html/v/certificates/certificate_19e68dee-3d23-4cdb-8838-a2efb3602bed.pdf
[2025-09-11 10:10:45] [DOWNLOAD] DEBUG: Preparando para download: Certificado_William_Cassemiro_2025-09-11.pdf (Tipo: application/pdf)
[2025-09-11 10:10:45] [DOWNLOAD] INFO: Arquivo Certificado_William_Cassemiro_2025-09-11.pdf enviado para download.
[2025-09-11 13:14:04] [PALESTRA] DEBUG: Script palestra.php iniciado.
[2025-09-11 13:14:04] [PALESTRA] DEBUG: Usuário tem permissão.
[2025-09-11 13:14:04] [PALESTRA] DEBUG: ID da palestra recebido: 307882f8-f303-49c6-8652-a7902e571a8a
[2025-09-11 13:14:04] [PALESTRA] DEBUG: Palestra 'S02E03 — A Tradução para a dublagem brasileira — Dilma Machado' encontrada. Duração em minutos: 37
[2025-09-11 13:14:04] [PALESTRA] DEBUG: User ID da sessão ('debug-user') é válido e existe na tabela 'users'.
[2025-09-11 13:14:04] [PALESTRA] DEBUG: Log existente encontrado. Progresso: 2129s
[2025-09-11 13:14:04] [PALESTRA] DEBUG: Progresso inicial carregado do DB (user_progress_seconds): 2129
[2025-09-11 13:14:04] [PALESTRA] DEBUG: Palestras relacionadas buscadas para categoria 'TAV'.
[2025-09-11 13:14:04] [PALESTRA] DEBUG: Verificação de certificado existente para exibição inicial. ID existente: 19e68dee-3d23-4cdb-8838-a2efb3602bed
[2025-09-11 13:14:04] [PALESTRA] DEBUG: Panda Player Div ID extraído do embed: 'panda-b01cff37-016b-4eca-b5ba-f184f1a4db87'
[2025-09-11 13:14:13] [VIEW] DEBUG: Script view_certificate_files.php iniciado.\
[2025-09-11 13:14:13] [VIEW] DEBUG: ID do certificado recebido: 19e68dee-3d23-4cdb-8838-a2efb3602bed\
[2025-09-11 13:14:13] [VIEW] DEBUG: Dados do certificado encontrados no banco de dados para ID: 19e68dee-3d23-4cdb-8838-a2efb3602bed\
[2025-09-11 13:14:13] [VIEW] DEBUG: Procurando arquivo físico do certificado...\
[2025-09-11 13:14:13] [VIEW] DEBUG: Arquivo físico encontrado em: /home/u335416710/domains/translators101.com/public_html/v/certificates/certificate_19e68dee-3d23-4cdb-8838-a2efb3602bed.png\
[2025-09-11 13:14:13] [VIEW] DEBUG: Preparando para visualização: Certificado_WilliamCassemiro.png (Tipo: image/png) - Arquivo físico: /home/u335416710/domains/translators101.com/public_html/v/certificates/certificate_19e68dee-3d23-4cdb-8838-a2efb3602bed.png\
[2025-09-11 13:14:13] [VIEW] INFO: Arquivo Certificado_WilliamCassemiro.png enviado para visualização.\
[2025-09-11 10:14:19] [DOWNLOAD] DEBUG: Script download_certificate_files.php iniciado.
[2025-09-11 10:14:19] [DOWNLOAD] DEBUG: ID do certificado recebido: 19e68dee-3d23-4cdb-8838-a2efb3602bed
[2025-09-11 10:14:19] [DOWNLOAD] DEBUG: Dados do certificado encontrados no banco de dados.
[2025-09-11 10:14:19] [DOWNLOAD] DEBUG: Procurando arquivo físico para o certificado...
[2025-09-11 10:14:19] [DOWNLOAD] DEBUG: Arquivo físico encontrado em: /home/u335416710/domains/translators101.com/public_html/v/certificates/certificate_19e68dee-3d23-4cdb-8838-a2efb3602bed.pdf
[2025-09-11 10:14:19] [DOWNLOAD] DEBUG: Preparando para download: Certificado_William_Cassemiro_2025-09-11.pdf (Tipo: application/pdf)
[2025-09-11 10:14:19] [DOWNLOAD] INFO: Arquivo Certificado_William_Cassemiro_2025-09-11.pdf enviado para download.
[2025-09-11 13:15:27] [PALESTRA] DEBUG: Script palestra.php iniciado.
[2025-09-11 13:15:27] [PALESTRA] DEBUG: Usuário tem permissão.
[2025-09-11 13:15:27] [PALESTRA] DEBUG: ID da palestra recebido: 0172db77-fa26-47ec-b606-7b579e0fd177
[2025-09-11 13:15:27] [PALESTRA] DEBUG: Palestra 'S06E10 — O tradutor profissional e a globalização — Jorge Rodrigues' encontrada. Duração em minutos: 52
[2025-09-11 13:15:27] [PALESTRA] DEBUG: User ID da sessão ('debug-user') é válido e existe na tabela 'users'.
[2025-09-11 13:15:27] [PALESTRA] DEBUG: Log existente encontrado. Progresso: 3106s
[2025-09-11 13:15:27] [PALESTRA] DEBUG: Progresso inicial carregado do DB (user_progress_seconds): 3106
[2025-09-11 13:15:27] [PALESTRA] DEBUG: Palestras relacionadas buscadas para categoria ''.
[2025-09-11 13:15:27] [PALESTRA] DEBUG: Verificação de certificado existente para exibição inicial. ID existente: Nenhum
[2025-09-11 13:15:27] [PALESTRA] DEBUG: Panda Player Div ID extraído do embed: 'panda-0172db77-fa26-47ec-b606-7b579e0fd177'
[2025-09-11 13:15:52] [GENERATE_SIMPLE] Script generate_simple_certificate.php iniciado
[2025-09-11 13:15:52] [GENERATE_SIMPLE] Dados recebidos - Lecture: 0172db77-fa26-47ec-b606-7b579e0fd177, User: debug-user, Watched: 3106s
[2025-09-11 13:15:52] [GENERATE_SIMPLE] Iniciando validações simplificadas
[2025-09-11 13:15:52] [GENERATE_SIMPLE] Progresso no DB: 3112s, Enviado pelo cliente: 3106s
[2025-09-11 13:15:52] [GENERATE_SIMPLE] Tempo final considerado: 3112s
[2025-09-11 13:15:52] [GENERATE_SIMPLE] Duração total: 3120s, Requerido (85%): 2652s
[2025-09-11 13:15:52] [GENERATE_SIMPLE] Todas as validações passaram - gerando certificado
[2025-09-11 13:15:52] [GENERATE_SIMPLE] SUCESSO: Certificado inserido no banco - ID: 7d41e59a-c8a3-410d-99b4-0158594ebf1c
[2025-09-11 13:15:52] [GENERATE_SIMPLE] DEBUG: [GENERATE_SIMPLE] Iniciando geração de PNG para ID: 7d41e59a-c8a3-410d-99b4-0158594ebf1c
[2025-09-11 13:15:53] [GENERATE_SIMPLE] DEBUG: [GENERATE_SIMPLE] Conversão UTF-8 aplicada para geração.
[2025-09-11 13:15:53] [GENERATE_SIMPLE] DEBUG: [GENERATE_SIMPLE] Dimensões do template: Largura=3509, Altura=2481
[2025-09-11 13:15:53] [GENERATE_SIMPLE] DEBUG: [GENERATE_SIMPLE] Procurando fontes TTF para geração...
[2025-09-11 13:15:53] [GENERATE_SIMPLE] DEBUG: [GENERATE_SIMPLE] Fonte TTF Bold encontrada em: /home/u335416710/domains/translators101.com/public_html/v/includes/../fonts/DejaVuSans-Bold.ttf
[2025-09-11 13:15:53] [GENERATE_SIMPLE] DEBUG: [GENERATE_SIMPLE] Fonte TTF padrão encontrada em: /home/u335416710/domains/translators101.com/public_html/v/includes/../fonts/DejaVuSans-Bold.ttf
[2025-09-11 13:15:53] [GENERATE_SIMPLE] DEBUG: [GENERATE_SIMPLE] Usando imagettftext para geração.
[2025-09-11 13:15:53] [GENERATE_SIMPLE] DEBUG: [GENERATE_SIMPLE] Nome do usuário adicionado (X: 1203, Y: 1100).
[2025-09-11 13:15:53] [GENERATE_SIMPLE] DEBUG: [GENERATE_SIMPLE] Processando título: 'S06E10 — O tradutor profissional e a globalização — Jorge Rodrigues' (tamanho: 73 caracteres)
[2025-09-11 13:15:53] [GENERATE_SIMPLE] DEBUG: [GENERATE_SIMPLE] Título longo detectado - aplicando quebra de linha inteligente
[2025-09-11 13:15:53] [GENERATE_SIMPLE] DEBUG: [GENERATE_SIMPLE] Linha 1: 'tradutor profissional e a globalização'
[2025-09-11 13:15:53] [GENERATE_SIMPLE] DEBUG: [GENERATE_SIMPLE] Linha 2: 'S06E10 — O — Jorge Rodrigues'
[2025-09-11 13:15:53] [GENERATE_SIMPLE] DEBUG: [GENERATE_SIMPLE] Linha 1 adicionada (X: 1052, Y: 1350)
[2025-09-11 13:15:53] [GENERATE_SIMPLE] DEBUG: [GENERATE_SIMPLE] Linha 2 adicionada (X: 1176.5, Y: 1410)
[2025-09-11 13:15:53] [GENERATE_SIMPLE] DEBUG: [GENERATE_SIMPLE] Duração da palestra adicionada (X: 2000, Y: 1570).
[2025-09-11 13:15:53] [GENERATE_SIMPLE] DEBUG: [GENERATE_SIMPLE] Data de emissão adicionada (X: 850, Y: 2330).
[2025-09-11 13:15:53] [GENERATE_SIMPLE] DEBUG: [GENERATE_SIMPLE] ID do certificado adicionado (X: 280, Y: 2430).
[2025-09-11 13:15:53] [GENERATE_SIMPLE] DEBUG: URL de verificação gerada: https://v.translators101.com/verificar_certificado.php?id=7d41e59a-c8a3-410d-99b4-0158594ebf1c
[2025-09-11 13:15:54] [GENERATE_SIMPLE] DEBUG: QR Code colado na imagem base.
[2025-09-11 13:15:54] [GENERATE_SIMPLE] DEBUG: [GENERATE_SIMPLE] QR Code adicionado à imagem durante a geração (X: 2989, Y: 2131, Tamanho: 300).
[2025-09-11 13:15:57] [GENERATE_SIMPLE] DEBUG: [GENERATE_SIMPLE] imagepng() retornou SUCESSO. Verificando se o arquivo gerado é um PNG válido.
[2025-09-11 13:15:57] [GENERATE_SIMPLE] INFO: [GENERATE_SIMPLE] Certificado PNG gerado e salvo com sucesso em: /home/u335416710/domains/translators101.com/public_html/v/includes/../certificates/certificate_7d41e59a-c8a3-410d-99b4-0158594ebf1c.png. É um PNG válido.
[2025-09-11 13:15:57] [GENERATE_SIMPLE] SUCESSO: PNG gerado - /home/u335416710/domains/translators101.com/public_html/v/includes/../certificates/certificate_7d41e59a-c8a3-410d-99b4-0158594ebf1c.png
[2025-09-11 13:15:57] [GENERATE_SIMPLE] DEBUG: [GENERATE_SIMPLE] Iniciando geração de PDF T101 CORRIGIDO para ID: 7d41e59a-c8a3-410d-99b4-0158594ebf1c
[2025-09-11 13:15:57] [GENERATE_SIMPLE] DEBUG: [GENERATE_SIMPLE] TCPDF encontrado em: /home/u335416710/domains/translators101.com/public_html/v/includes/../vendor/tecnickcom/tcpdf/tcpdf.php
[2025-09-11 13:16:00] [GENERATE_SIMPLE] DEBUG: [GENERATE_SIMPLE] Template T101 oficial aplicado como fundo
[2025-09-11 13:16:00] [GENERATE_SIMPLE] DEBUG: URL de verificação gerada: https://v.translators101.com/verificar_certificado.php?id=7d41e59a-c8a3-410d-99b4-0158594ebf1c
[2025-09-11 13:16:01] [GENERATE_SIMPLE] DEBUG: [GENERATE_SIMPLE] QR Code T101 adicionado ao PDF (posição corrigida)
[2025-09-11 13:16:01] [GENERATE_SIMPLE] SUCESSO: [GENERATE_SIMPLE] PDF T101 CORRIGIDO gerado em: /home/u335416710/domains/translators101.com/public_html/v/includes/../certificates/certificate_7d41e59a-c8a3-410d-99b4-0158594ebf1c.pdf
[2025-09-11 13:16:01] [GENERATE_SIMPLE] SUCESSO: PDF gerado - /home/u335416710/domains/translators101.com/public_html/v/includes/../certificates/certificate_7d41e59a-c8a3-410d-99b4-0158594ebf1c.pdf
[2025-09-11 13:16:01] [GENERATE_SIMPLE] SUCESSO: Certificado gerado - ID: 7d41e59a-c8a3-410d-99b4-0158594ebf1c, PNG: SIM, PDF: SIM, Assistido: 3112s de 3120s (99.7%)
[2025-09-11 13:16:08] [VIEW] DEBUG: Script view_certificate_files.php iniciado.\
[2025-09-11 13:16:08] [VIEW] DEBUG: ID do certificado recebido: 7d41e59a-c8a3-410d-99b4-0158594ebf1c\
[2025-09-11 13:16:08] [VIEW] DEBUG: Dados do certificado encontrados no banco de dados para ID: 7d41e59a-c8a3-410d-99b4-0158594ebf1c\
[2025-09-11 13:16:08] [VIEW] DEBUG: Procurando arquivo físico do certificado...\
[2025-09-11 13:16:08] [VIEW] DEBUG: Arquivo físico encontrado em: /home/u335416710/domains/translators101.com/public_html/v/certificates/certificate_7d41e59a-c8a3-410d-99b4-0158594ebf1c.png\
[2025-09-11 13:16:08] [VIEW] DEBUG: Preparando para visualização: Certificado_WilliamCassemiro.png (Tipo: image/png) - Arquivo físico: /home/u335416710/domains/translators101.com/public_html/v/certificates/certificate_7d41e59a-c8a3-410d-99b4-0158594ebf1c.png\
[2025-09-11 13:16:08] [VIEW] INFO: Arquivo Certificado_WilliamCassemiro.png enviado para visualização.\
[2025-09-11 13:16:13] [PALESTRA] DEBUG: Script palestra.php iniciado.
[2025-09-11 13:16:13] [PALESTRA] DEBUG: Usuário tem permissão.
[2025-09-11 13:16:13] [PALESTRA] DEBUG: ID da palestra recebido: 0172db77-fa26-47ec-b606-7b579e0fd177
[2025-09-11 13:16:13] [PALESTRA] DEBUG: Palestra 'S06E10 — O tradutor profissional e a globalização — Jorge Rodrigues' encontrada. Duração em minutos: 52
[2025-09-11 13:16:13] [PALESTRA] DEBUG: User ID da sessão ('debug-user') é válido e existe na tabela 'users'.
[2025-09-11 13:16:13] [PALESTRA] DEBUG: Log existente encontrado. Progresso: 3112s
[2025-09-11 13:16:13] [PALESTRA] DEBUG: Progresso inicial carregado do DB (user_progress_seconds): 3112
[2025-09-11 13:16:13] [PALESTRA] DEBUG: Palestras relacionadas buscadas para categoria ''.
[2025-09-11 13:16:13] [PALESTRA] DEBUG: Verificação de certificado existente para exibição inicial. ID existente: 7d41e59a-c8a3-410d-99b4-0158594ebf1c
[2025-09-11 13:16:13] [PALESTRA] DEBUG: Panda Player Div ID extraído do embed: 'panda-0172db77-fa26-47ec-b606-7b579e0fd177'
[2025-09-11 10:16:25] [DOWNLOAD] DEBUG: Script download_certificate_files.php iniciado.
[2025-09-11 10:16:25] [DOWNLOAD] DEBUG: ID do certificado recebido: 7d41e59a-c8a3-410d-99b4-0158594ebf1c
[2025-09-11 10:16:25] [DOWNLOAD] DEBUG: Dados do certificado encontrados no banco de dados.
[2025-09-11 10:16:25] [DOWNLOAD] DEBUG: Procurando arquivo físico para o certificado...
[2025-09-11 10:16:25] [DOWNLOAD] DEBUG: Arquivo físico encontrado em: /home/u335416710/domains/translators101.com/public_html/v/certificates/certificate_7d41e59a-c8a3-410d-99b4-0158594ebf1c.pdf
[2025-09-11 10:16:25] [DOWNLOAD] DEBUG: Preparando para download: Certificado_William_Cassemiro_2025-09-11.pdf (Tipo: application/pdf)
[2025-09-11 10:16:25] [DOWNLOAD] INFO: Arquivo Certificado_William_Cassemiro_2025-09-11.pdf enviado para download.
[2025-09-11 13:38:16] [PALESTRA] DEBUG: Script palestra.php iniciado.
[2025-09-11 13:38:16] [PALESTRA] DEBUG: Usuário tem permissão.
[2025-09-11 13:38:16] [PALESTRA] DEBUG: ID da palestra recebido: 5eedc122-e50a-4b34-803f-54a204fd0376
[2025-09-11 13:38:16] [PALESTRA] DEBUG: Palestra 'CULT-Estácio ' encontrada. Duração em minutos: 56
[2025-09-11 13:38:16] [PALESTRA] DEBUG: User ID da sessão ('debug-user') é válido e existe na tabela 'users'.
[2025-09-11 13:38:16] [PALESTRA] INFO: Novo log de acesso registrado para palestra 'CULT-Estácio ' (User ID: debug-user).
[2025-09-11 13:38:16] [PALESTRA] DEBUG: Progresso inicial carregado do DB (user_progress_seconds): 0
[2025-09-11 13:38:16] [PALESTRA] DEBUG: Palestras relacionadas buscadas para categoria ''.
[2025-09-11 13:38:16] [PALESTRA] DEBUG: Verificação de certificado existente para exibição inicial. ID existente: Nenhum
[2025-09-11 13:38:16] [PALESTRA] DEBUG: Panda Player Div ID extraído do embed: 'panda-5eedc122-e50a-4b34-803f-54a204fd0376'
[2025-09-11 15:12:21] [GENERATE_SIMPLE] Script generate_simple_certificate.php iniciado
[2025-09-11 15:12:21] [GENERATE_SIMPLE] Dados recebidos - Lecture: 5eedc122-e50a-4b34-803f-54a204fd0376, User: debug-user, Watched: 3275s
[2025-09-11 15:12:21] [GENERATE_SIMPLE] Iniciando validações simplificadas
[2025-09-11 15:12:21] [GENERATE_SIMPLE] Progresso no DB: 3275s, Enviado pelo cliente: 3275s
[2025-09-11 15:12:21] [GENERATE_SIMPLE] Tempo final considerado: 3275s
[2025-09-11 15:12:21] [GENERATE_SIMPLE] Duração total: 3360s, Requerido (85%): 2856s
[2025-09-11 15:12:21] [GENERATE_SIMPLE] Todas as validações passaram - gerando certificado
[2025-09-11 15:12:21] [GENERATE_SIMPLE] SUCESSO: Certificado inserido no banco - ID: 96fb30af-2139-4416-9c3a-35a2b8a82ea0
[2025-09-11 15:12:21] [GENERATE_SIMPLE] DEBUG: [GENERATE_SIMPLE] Iniciando geração de PNG para ID: 96fb30af-2139-4416-9c3a-35a2b8a82ea0
[2025-09-11 15:12:21] [GENERATE_SIMPLE] DEBUG: [GENERATE_SIMPLE] Conversão UTF-8 aplicada para geração.
[2025-09-11 15:12:21] [GENERATE_SIMPLE] DEBUG: [GENERATE_SIMPLE] Dimensões do template: Largura=3509, Altura=2481
[2025-09-11 15:12:21] [GENERATE_SIMPLE] DEBUG: [GENERATE_SIMPLE] Procurando fontes TTF para geração...
[2025-09-11 15:12:21] [GENERATE_SIMPLE] DEBUG: [GENERATE_SIMPLE] Fonte TTF Bold encontrada em: /home/u335416710/domains/translators101.com/public_html/v/includes/../fonts/DejaVuSans-Bold.ttf
[2025-09-11 15:12:21] [GENERATE_SIMPLE] DEBUG: [GENERATE_SIMPLE] Fonte TTF padrão encontrada em: /home/u335416710/domains/translators101.com/public_html/v/includes/../fonts/DejaVuSans-Bold.ttf
[2025-09-11 15:12:21] [GENERATE_SIMPLE] DEBUG: [GENERATE_SIMPLE] Usando imagettftext para geração.
[2025-09-11 15:12:21] [GENERATE_SIMPLE] DEBUG: [GENERATE_SIMPLE] Nome do usuário adicionado (X: 1203, Y: 1100).
[2025-09-11 15:12:21] [GENERATE_SIMPLE] DEBUG: [GENERATE_SIMPLE] Processando título: 'CULT-Estácio ' (tamanho: 14 caracteres)
[2025-09-11 15:12:21] [GENERATE_SIMPLE] DEBUG: [GENERATE_SIMPLE] Título curto - usando layout centralizado
[2025-09-11 15:12:21] [GENERATE_SIMPLE] DEBUG: [GENERATE_SIMPLE] Título curto centralizado adicionado (X: 1412.5, Y: 1400)
[2025-09-11 15:12:21] [GENERATE_SIMPLE] DEBUG: [GENERATE_SIMPLE] Duração da palestra adicionada (X: 2000, Y: 1570).
[2025-09-11 15:12:21] [GENERATE_SIMPLE] DEBUG: [GENERATE_SIMPLE] Data de emissão adicionada (X: 850, Y: 2330).
[2025-09-11 15:12:21] [GENERATE_SIMPLE] DEBUG: [GENERATE_SIMPLE] ID do certificado adicionado (X: 280, Y: 2430).
[2025-09-11 15:12:21] [GENERATE_SIMPLE] DEBUG: URL de verificação gerada: https://v.translators101.com/verificar_certificado.php?id=96fb30af-2139-4416-9c3a-35a2b8a82ea0
[2025-09-11 15:12:22] [GENERATE_SIMPLE] DEBUG: QR Code colado na imagem base.
[2025-09-11 15:12:22] [GENERATE_SIMPLE] DEBUG: [GENERATE_SIMPLE] QR Code adicionado à imagem durante a geração (X: 2989, Y: 2131, Tamanho: 300).
[2025-09-11 15:12:25] [GENERATE_SIMPLE] DEBUG: [GENERATE_SIMPLE] imagepng() retornou SUCESSO. Verificando se o arquivo gerado é um PNG válido.
[2025-09-11 15:12:25] [GENERATE_SIMPLE] INFO: [GENERATE_SIMPLE] Certificado PNG gerado e salvo com sucesso em: /home/u335416710/domains/translators101.com/public_html/v/includes/../certificates/certificate_96fb30af-2139-4416-9c3a-35a2b8a82ea0.png. É um PNG válido.
[2025-09-11 15:12:25] [GENERATE_SIMPLE] SUCESSO: PNG gerado - /home/u335416710/domains/translators101.com/public_html/v/includes/../certificates/certificate_96fb30af-2139-4416-9c3a-35a2b8a82ea0.png
[2025-09-11 15:12:25] [GENERATE_SIMPLE] DEBUG: [GENERATE_SIMPLE] Iniciando geração de PDF T101 CORRIGIDO para ID: 96fb30af-2139-4416-9c3a-35a2b8a82ea0
[2025-09-11 15:12:25] [GENERATE_SIMPLE] DEBUG: [GENERATE_SIMPLE] TCPDF encontrado em: /home/u335416710/domains/translators101.com/public_html/v/includes/../vendor/tecnickcom/tcpdf/tcpdf.php
[2025-09-11 15:12:28] [GENERATE_SIMPLE] DEBUG: [GENERATE_SIMPLE] Template T101 oficial aplicado como fundo
[2025-09-11 15:12:28] [GENERATE_SIMPLE] DEBUG: URL de verificação gerada: https://v.translators101.com/verificar_certificado.php?id=96fb30af-2139-4416-9c3a-35a2b8a82ea0
[2025-09-11 15:12:29] [GENERATE_SIMPLE] DEBUG: [GENERATE_SIMPLE] QR Code T101 adicionado ao PDF (posição corrigida)
[2025-09-11 15:12:29] [GENERATE_SIMPLE] SUCESSO: [GENERATE_SIMPLE] PDF T101 CORRIGIDO gerado em: /home/u335416710/domains/translators101.com/public_html/v/includes/../certificates/certificate_96fb30af-2139-4416-9c3a-35a2b8a82ea0.pdf
[2025-09-11 15:12:29] [GENERATE_SIMPLE] SUCESSO: PDF gerado - /home/u335416710/domains/translators101.com/public_html/v/includes/../certificates/certificate_96fb30af-2139-4416-9c3a-35a2b8a82ea0.pdf
[2025-09-11 15:12:29] [GENERATE_SIMPLE] SUCESSO: Certificado gerado - ID: 96fb30af-2139-4416-9c3a-35a2b8a82ea0, PNG: SIM, PDF: SIM, Assistido: 3275s de 3360s (97.5%)
[2025-09-11 12:12:50] [DOWNLOAD] DEBUG: Script download_certificate_files.php iniciado.
[2025-09-11 12:12:50] [DOWNLOAD] DEBUG: ID do certificado recebido: 96fb30af-2139-4416-9c3a-35a2b8a82ea0
[2025-09-11 12:12:50] [DOWNLOAD] DEBUG: Dados do certificado encontrados no banco de dados.
[2025-09-11 12:12:50] [DOWNLOAD] DEBUG: Procurando arquivo físico para o certificado...
[2025-09-11 12:12:50] [DOWNLOAD] DEBUG: Arquivo físico encontrado em: /home/u335416710/domains/translators101.com/public_html/v/certificates/certificate_96fb30af-2139-4416-9c3a-35a2b8a82ea0.pdf
[2025-09-11 12:12:50] [DOWNLOAD] DEBUG: Preparando para download: Certificado_William_Cassemiro_2025-09-11.pdf (Tipo: application/pdf)
[2025-09-11 12:12:50] [DOWNLOAD] INFO: Arquivo Certificado_William_Cassemiro_2025-09-11.pdf enviado para download.
[2025-09-11 12:13:55] [DOWNLOAD] DEBUG: Script download_certificate_files.php iniciado.
[2025-09-11 12:13:55] [DOWNLOAD] DEBUG: ID do certificado recebido: 96fb30af-2139-4416-9c3a-35a2b8a82ea0
[2025-09-11 12:13:55] [DOWNLOAD] DEBUG: Dados do certificado encontrados no banco de dados.
[2025-09-11 12:13:55] [DOWNLOAD] DEBUG: Procurando arquivo físico para o certificado...
[2025-09-11 12:13:55] [DOWNLOAD] DEBUG: Arquivo físico encontrado em: /home/u335416710/domains/translators101.com/public_html/v/certificates/certificate_96fb30af-2139-4416-9c3a-35a2b8a82ea0.pdf
[2025-09-11 12:13:55] [DOWNLOAD] DEBUG: Preparando para download: Certificado_William_Cassemiro_2025-09-11.pdf (Tipo: application/pdf)
[2025-09-11 12:13:55] [DOWNLOAD] INFO: Arquivo Certificado_William_Cassemiro_2025-09-11.pdf enviado para download.
[2025-09-11 15:16:39] [REPORT_DOWNLOAD] User: debug-user downloaded report: relatorio_capacitacao_debug-user_2025-09-11_15-16-36.pdf
[2025-09-11 15:17:12] [PALESTRA] DEBUG: Script palestra.php iniciado.
[2025-09-11 15:17:12] [PALESTRA] DEBUG: Usuário tem permissão.
[2025-09-11 15:17:12] [PALESTRA] DEBUG: ID da palestra recebido: df7c354a-7dc0-4a62-8bc6-c608f3cc6a0a
[2025-09-11 15:17:12] [PALESTRA] ERRO: Palestra com ID df7c354a-7dc0-4a62-8bc6-c608f3cc6a0a não encontrada no banco de dados. Redirecionando para /videoteca.php.
[2025-09-11 15:17:18] [PALESTRA] DEBUG: Script palestra.php iniciado.
[2025-09-11 15:17:18] [PALESTRA] DEBUG: Usuário tem permissão.
[2025-09-11 15:17:18] [PALESTRA] DEBUG: ID da palestra recebido: df7c354a-7dc0-4a62-8bc6-c608f3cc6a0a
[2025-09-11 15:17:18] [PALESTRA] ERRO: Palestra com ID df7c354a-7dc0-4a62-8bc6-c608f3cc6a0a não encontrada no banco de dados. Redirecionando para /videoteca.php.
[2025-09-11 12:17:21] [DOWNLOAD] DEBUG: Script download_certificate_files.php iniciado.
[2025-09-11 12:17:21] [DOWNLOAD] DEBUG: ID do certificado recebido: df7c354a-7dc0-4a62-8bc6-c608f3cc6a0a
[2025-09-11 12:17:21] [DOWNLOAD] DEBUG: Dados do certificado encontrados no banco de dados.
[2025-09-11 12:17:21] [DOWNLOAD] DEBUG: Procurando arquivo físico para o certificado...
[2025-09-11 12:17:21] [DOWNLOAD] DEBUG: Arquivo físico encontrado em: /home/u335416710/domains/translators101.com/public_html/v/certificates/certificate_df7c354a-7dc0-4a62-8bc6-c608f3cc6a0a.png
[2025-09-11 12:17:21] [DOWNLOAD] DEBUG: Preparando para download: Certificado_William_Cassemiro_2025-09-11.png (Tipo: image/png)
[2025-09-11 12:17:21] [DOWNLOAD] INFO: Arquivo Certificado_William_Cassemiro_2025-09-11.png enviado para download.
[2025-09-11 15:17:31] [PALESTRA] DEBUG: Script palestra.php iniciado.
[2025-09-11 15:17:31] [PALESTRA] DEBUG: Usuário tem permissão.
[2025-09-11 15:17:31] [PALESTRA] DEBUG: ID da palestra recebido: df7c354a-7dc0-4a62-8bc6-c608f3cc6a0a
[2025-09-11 15:17:31] [PALESTRA] ERRO: Palestra com ID df7c354a-7dc0-4a62-8bc6-c608f3cc6a0a não encontrada no banco de dados. Redirecionando para /videoteca.php.
[2025-09-11 15:19:48] [PALESTRA] DEBUG: Script palestra.php iniciado.
[2025-09-11 15:19:48] [PALESTRA] DEBUG: Usuário tem permissão.
[2025-09-11 15:19:48] [PALESTRA] DEBUG: ID da palestra recebido: 96fb30af-2139-4416-9c3a-35a2b8a82ea0
[2025-09-11 15:19:48] [PALESTRA] ERRO: Palestra com ID 96fb30af-2139-4416-9c3a-35a2b8a82ea0 não encontrada no banco de dados. Redirecionando para /videoteca.php.
[2025-09-11 13:49:36] [DOWNLOAD] DEBUG: Script download_certificate_files.php iniciado.
[2025-09-11 13:49:36] [DOWNLOAD] DEBUG: ID do certificado recebido: 96fb30af-2139-4416-9c3a-35a2b8a82ea0
[2025-09-11 13:49:36] [DOWNLOAD] DEBUG: Dados do certificado encontrados no banco de dados.
[2025-09-11 13:49:36] [DOWNLOAD] DEBUG: Procurando arquivo físico para o certificado...
[2025-09-11 13:49:36] [DOWNLOAD] DEBUG: Arquivo físico encontrado em: /home/u335416710/domains/translators101.com/public_html/v/certificates/certificate_96fb30af-2139-4416-9c3a-35a2b8a82ea0.pdf
[2025-09-11 13:49:36] [DOWNLOAD] DEBUG: Preparando para download: Certificado_William_Cassemiro_2025-09-11.pdf (Tipo: application/pdf)
[2025-09-11 13:49:36] [DOWNLOAD] INFO: Arquivo Certificado_William_Cassemiro_2025-09-11.pdf enviado para download.
[2025-09-11 13:49:58] [DOWNLOAD] DEBUG: Script download_certificate_files.php iniciado.
[2025-09-11 13:49:58] [DOWNLOAD] DEBUG: ID do certificado recebido: 96fb30af-2139-4416-9c3a-35a2b8a82ea0
[2025-09-11 13:49:58] [DOWNLOAD] DEBUG: Dados do certificado encontrados no banco de dados.
[2025-09-11 13:49:58] [DOWNLOAD] DEBUG: Procurando arquivo físico para o certificado...
[2025-09-11 13:49:58] [DOWNLOAD] DEBUG: Arquivo físico encontrado em: /home/u335416710/domains/translators101.com/public_html/v/certificates/certificate_96fb30af-2139-4416-9c3a-35a2b8a82ea0.pdf
[2025-09-11 13:49:58] [DOWNLOAD] DEBUG: Preparando para download: Certificado_William_Cassemiro_2025-09-11.pdf (Tipo: application/pdf)
[2025-09-11 13:49:58] [DOWNLOAD] INFO: Arquivo Certificado_William_Cassemiro_2025-09-11.pdf enviado para download.
[2025-09-11 16:50:08] [PALESTRA] DEBUG: Script palestra.php iniciado.
[2025-09-11 16:50:08] [PALESTRA] DEBUG: Usuário tem permissão.
[2025-09-11 16:50:08] [PALESTRA] DEBUG: ID da palestra recebido: 96fb30af-2139-4416-9c3a-35a2b8a82ea0
[2025-09-11 16:50:08] [PALESTRA] ERRO: Palestra com ID 96fb30af-2139-4416-9c3a-35a2b8a82ea0 não encontrada no banco de dados. Redirecionando para /videoteca.php.
[2025-09-11 16:50:25] [REPORT_DOWNLOAD] User: debug-user downloaded report: relatorio_educacao_continuada_debug-user_2025-09-11_16-50-21.png (png)
[2025-09-11 13:55:35] [ADMIN] DEBUG: [ADMIN_REGENERATE] Iniciando geração de PNG para ID: 19e68dee-3d23-4cdb-8838-a2efb3602bed
[2025-09-11 13:55:35] [ADMIN] DEBUG: [ADMIN_REGENERATE] Conversão UTF-8 aplicada para geração.
[2025-09-11 13:55:35] [ADMIN] DEBUG: [ADMIN_REGENERATE] Dimensões do template: Largura=3509, Altura=2481
[2025-09-11 13:55:35] [ADMIN] DEBUG: [ADMIN_REGENERATE] Procurando fontes TTF para geração...
[2025-09-11 13:55:35] [ADMIN] DEBUG: [ADMIN_REGENERATE] Fonte TTF Bold encontrada em: /home/u335416710/domains/translators101.com/public_html/v/includes/../fonts/DejaVuSans-Bold.ttf
[2025-09-11 13:55:35] [ADMIN] DEBUG: [ADMIN_REGENERATE] Fonte TTF padrão encontrada em: /home/u335416710/domains/translators101.com/public_html/v/includes/../fonts/DejaVuSans-Bold.ttf
[2025-09-11 13:55:35] [ADMIN] DEBUG: [ADMIN_REGENERATE] Usando imagettftext para geração.
[2025-09-11 13:55:35] [ADMIN] DEBUG: [ADMIN_REGENERATE] Nome do usuário adicionado (X: 1203, Y: 1100).
[2025-09-11 13:55:35] [ADMIN] DEBUG: [ADMIN_REGENERATE] Processando título: 'S02E03 — A Tradução para a dublagem brasileira — Dilma Machado' (tamanho: 68 caracteres)
[2025-09-11 13:55:35] [ADMIN] DEBUG: [ADMIN_REGENERATE] Título longo detectado - aplicando quebra de linha inteligente
[2025-09-11 13:55:35] [ADMIN] DEBUG: [ADMIN_REGENERATE] Linha 1: 'Tradução para a dublagem brasileira —'
[2025-09-11 13:55:35] [ADMIN] DEBUG: [ADMIN_REGENERATE] Linha 2: 'S02E03 — A Dilma Machado'
[2025-09-11 13:55:35] [ADMIN] DEBUG: [ADMIN_REGENERATE] Linha 1 adicionada (X: 1021.5, Y: 1350)
[2025-09-11 13:55:35] [ADMIN] DEBUG: [ADMIN_REGENERATE] Linha 2 adicionada (X: 1236.5, Y: 1410)
[2025-09-11 13:55:35] [ADMIN] DEBUG: [ADMIN_REGENERATE] Duração da palestra adicionada (X: 2000, Y: 1570).
[2025-09-11 13:55:35] [ADMIN] DEBUG: [ADMIN_REGENERATE] Data de emissão adicionada (X: 850, Y: 2330).
[2025-09-11 13:55:35] [ADMIN] DEBUG: [ADMIN_REGENERATE] ID do certificado adicionado (X: 280, Y: 2430).
[2025-09-11 13:55:35] [ADMIN] DEBUG: URL de verificação gerada: https://v.translators101.com/verificar_certificado.php?id=19e68dee-3d23-4cdb-8838-a2efb3602bed
[2025-09-11 13:55:36] [ADMIN] DEBUG: QR Code colado na imagem base.
[2025-09-11 13:55:36] [ADMIN] DEBUG: [ADMIN_REGENERATE] QR Code adicionado à imagem durante a geração (X: 2989, Y: 2131, Tamanho: 300).
[2025-09-11 13:55:40] [ADMIN] DEBUG: [ADMIN_REGENERATE] imagepng() retornou SUCESSO. Verificando se o arquivo gerado é um PNG válido.
[2025-09-11 13:55:40] [ADMIN] INFO: [ADMIN_REGENERATE] Certificado PNG gerado e salvo com sucesso em: /home/u335416710/domains/translators101.com/public_html/v/includes/../certificates/certificate_19e68dee-3d23-4cdb-8838-a2efb3602bed.png. É um PNG válido.
[2025-09-11 13:56:01] [DOWNLOAD] DEBUG: Script download_certificate_files.php iniciado.
[2025-09-11 13:56:01] [DOWNLOAD] DEBUG: ID do certificado recebido: 19e68dee-3d23-4cdb-8838-a2efb3602bed
[2025-09-11 13:56:01] [DOWNLOAD] DEBUG: Dados do certificado encontrados no banco de dados.
[2025-09-11 13:56:01] [DOWNLOAD] DEBUG: Procurando arquivo físico para o certificado...
[2025-09-11 13:56:01] [DOWNLOAD] DEBUG: Arquivo físico encontrado em: /home/u335416710/domains/translators101.com/public_html/v/certificates/certificate_19e68dee-3d23-4cdb-8838-a2efb3602bed.pdf
[2025-09-11 13:56:01] [DOWNLOAD] DEBUG: Preparando para download: Certificado_William_Cassemiro_2025-09-11.pdf (Tipo: application/pdf)
[2025-09-11 13:56:01] [DOWNLOAD] INFO: Arquivo Certificado_William_Cassemiro_2025-09-11.pdf enviado para download.
[2025-09-11 13:56:58] [ADMIN] DEBUG: [ADMIN_GENERATE] Iniciando geração de PNG para ID: 0bee714c-73c9-4652-8f71-848da012f221
[2025-09-11 13:56:58] [ADMIN] DEBUG: [ADMIN_GENERATE] Conversão UTF-8 aplicada para geração.
[2025-09-11 13:56:58] [ADMIN] DEBUG: [ADMIN_GENERATE] Dimensões do template: Largura=3509, Altura=2481
[2025-09-11 13:56:58] [ADMIN] DEBUG: [ADMIN_GENERATE] Procurando fontes TTF para geração...
[2025-09-11 13:56:58] [ADMIN] DEBUG: [ADMIN_GENERATE] Fonte TTF Bold encontrada em: /home/u335416710/domains/translators101.com/public_html/v/includes/../fonts/DejaVuSans-Bold.ttf
[2025-09-11 13:56:58] [ADMIN] DEBUG: [ADMIN_GENERATE] Fonte TTF padrão encontrada em: /home/u335416710/domains/translators101.com/public_html/v/includes/../fonts/DejaVuSans-Bold.ttf
[2025-09-11 13:56:58] [ADMIN] DEBUG: [ADMIN_GENERATE] Usando imagettftext para geração.
[2025-09-11 13:56:58] [ADMIN] DEBUG: [ADMIN_GENERATE] Nome do usuário adicionado (X: 1203, Y: 1100).
[2025-09-11 13:56:58] [ADMIN] DEBUG: [ADMIN_GENERATE] Processando título: 'S03E37 — Localização de jogos de tabuleiro — Luciana Boldorini e Ivar Jr.' (tamanho: 79 caracteres)
[2025-09-11 13:56:58] [ADMIN] DEBUG: [ADMIN_GENERATE] Título longo detectado - aplicando quebra de linha inteligente
[2025-09-11 13:56:58] [ADMIN] DEBUG: [ADMIN_GENERATE] Linha 1: 'S03E37 — Localização de jogos de tabuleiro —'
[2025-09-11 13:56:58] [ADMIN] DEBUG: [ADMIN_GENERATE] Linha 2: 'Luciana Boldorini e Ivar Jr.'
[2025-09-11 13:56:58] [ADMIN] DEBUG: [ADMIN_GENERATE] Linha 1 adicionada (X: 890.5, Y: 1350)
[2025-09-11 13:56:58] [ADMIN] DEBUG: [ADMIN_GENERATE] Linha 2 adicionada (X: 1265.5, Y: 1410)
[2025-09-11 13:56:58] [ADMIN] DEBUG: [ADMIN_GENERATE] Duração da palestra adicionada (X: 2000, Y: 1570).
[2025-09-11 13:56:58] [ADMIN] DEBUG: [ADMIN_GENERATE] Data de emissão adicionada (X: 850, Y: 2330).
[2025-09-11 13:56:58] [ADMIN] DEBUG: [ADMIN_GENERATE] ID do certificado adicionado (X: 280, Y: 2430).
[2025-09-11 13:56:58] [ADMIN] DEBUG: URL de verificação gerada: https://v.translators101.com/verificar_certificado.php?id=0bee714c-73c9-4652-8f71-848da012f221
[2025-09-11 13:56:59] [ADMIN] DEBUG: QR Code colado na imagem base.
[2025-09-11 13:56:59] [ADMIN] DEBUG: [ADMIN_GENERATE] QR Code adicionado à imagem durante a geração (X: 2989, Y: 2131, Tamanho: 300).
[2025-09-11 13:57:02] [ADMIN] DEBUG: [ADMIN_GENERATE] imagepng() retornou SUCESSO. Verificando se o arquivo gerado é um PNG válido.
[2025-09-11 13:57:02] [ADMIN] INFO: [ADMIN_GENERATE] Certificado PNG gerado e salvo com sucesso em: /home/u335416710/domains/translators101.com/public_html/v/includes/../certificates/certificate_0bee714c-73c9-4652-8f71-848da012f221.png. É um PNG válido.
[2025-09-11 13:57:21] [DOWNLOAD] DEBUG: Script download_certificate_files.php iniciado.
[2025-09-11 13:57:21] [DOWNLOAD] DEBUG: ID do certificado recebido: 0bee714c-73c9-4652-8f71-848da012f221
[2025-09-11 13:57:21] [DOWNLOAD] DEBUG: Dados do certificado encontrados no banco de dados.
[2025-09-11 13:57:21] [DOWNLOAD] DEBUG: Procurando arquivo físico para o certificado...
[2025-09-11 13:57:21] [DOWNLOAD] DEBUG: Arquivo físico encontrado em: /home/u335416710/domains/translators101.com/public_html/v/certificates/certificate_0bee714c-73c9-4652-8f71-848da012f221.png
[2025-09-11 13:57:21] [DOWNLOAD] DEBUG: Preparando para download: Certificado_William_Cassemiro_2025-09-11.png (Tipo: image/png)
[2025-09-11 13:57:21] [DOWNLOAD] INFO: Arquivo Certificado_William_Cassemiro_2025-09-11.png enviado para download.
[2025-09-11 16:57:58] [PALESTRA] DEBUG: Script palestra.php iniciado.
[2025-09-11 16:57:58] [PALESTRA] DEBUG: Usuário tem permissão.
[2025-09-11 16:57:58] [PALESTRA] DEBUG: ID da palestra recebido: 0bee714c-73c9-4652-8f71-848da012f221
[2025-09-11 16:57:58] [PALESTRA] ERRO: Palestra com ID 0bee714c-73c9-4652-8f71-848da012f221 não encontrada no banco de dados. Redirecionando para /videoteca.php.
[2025-09-11 16:58:45] [PALESTRA] DEBUG: Script palestra.php iniciado.
[2025-09-11 16:58:45] [PALESTRA] INFO: Usuário não tem permissão para acessar a palestra. Redirecionando para /planos.php.
[2025-09-11 14:08:48] [DOWNLOAD] DEBUG: Script download_certificate_files.php iniciado.
[2025-09-11 14:08:48] [DOWNLOAD] DEBUG: ID do certificado recebido: 0bee714c-73c9-4652-8f71-848da012f221
[2025-09-11 14:08:48] [DOWNLOAD] DEBUG: Dados do certificado encontrados no banco de dados.
[2025-09-11 14:08:48] [DOWNLOAD] DEBUG: Procurando arquivo físico para o certificado...
[2025-09-11 14:08:48] [DOWNLOAD] DEBUG: Arquivo físico encontrado em: /home/u335416710/domains/translators101.com/public_html/v/certificates/certificate_0bee714c-73c9-4652-8f71-848da012f221.png
[2025-09-11 14:08:48] [DOWNLOAD] DEBUG: Preparando para download: Certificado_William_Cassemiro_2025-09-11.png (Tipo: image/png)
[2025-09-11 14:08:48] [DOWNLOAD] INFO: Arquivo Certificado_William_Cassemiro_2025-09-11.png enviado para download.
[2025-09-11 17:09:58] [REPORT_DOWNLOAD] User: debug-user downloaded report: relatorio_educacao_continuada_debug-user_2025-09-11_17-09-56.pdf (pdf)
[2025-09-11 14:10:38] [DOWNLOAD] DEBUG: Script download_certificate_files.php iniciado.
[2025-09-11 14:10:38] [DOWNLOAD] INFO: Usuário não logado. Redirecionando para login.php.
[2025-09-11 14:12:35] [ADMIN] DEBUG: [ADMIN_GENERATE] Iniciando geração de PNG para ID: 7da3b5af-add7-4fb4-9a46-2d26658c2a4f
[2025-09-11 14:12:35] [ADMIN] DEBUG: [ADMIN_GENERATE] Conversão UTF-8 aplicada para geração.
[2025-09-11 14:12:35] [ADMIN] DEBUG: [ADMIN_GENERATE] Dimensões do template: Largura=3509, Altura=2481
[2025-09-11 14:12:35] [ADMIN] DEBUG: [ADMIN_GENERATE] Procurando fontes TTF para geração...
[2025-09-11 14:12:35] [ADMIN] DEBUG: [ADMIN_GENERATE] Fonte TTF Bold encontrada em: /home/u335416710/domains/translators101.com/public_html/v/includes/../fonts/DejaVuSans-Bold.ttf
[2025-09-11 14:12:35] [ADMIN] DEBUG: [ADMIN_GENERATE] Fonte TTF padrão encontrada em: /home/u335416710/domains/translators101.com/public_html/v/includes/../fonts/DejaVuSans-Bold.ttf
[2025-09-11 14:12:35] [ADMIN] DEBUG: [ADMIN_GENERATE] Usando imagettftext para geração.
[2025-09-11 14:12:35] [ADMIN] DEBUG: [ADMIN_GENERATE] Nome do usuário adicionado (X: 1203, Y: 1100).
[2025-09-11 14:12:35] [ADMIN] DEBUG: [ADMIN_GENERATE] Processando título: 'Aula aberta do TRADUSA ' (tamanho: 23 caracteres)
[2025-09-11 14:12:35] [ADMIN] DEBUG: [ADMIN_GENERATE] Título curto - usando layout centralizado
[2025-09-11 14:12:35] [ADMIN] DEBUG: [ADMIN_GENERATE] Título curto centralizado adicionado (X: 1083, Y: 1400)
[2025-09-11 14:12:35] [ADMIN] DEBUG: [ADMIN_GENERATE] Duração da palestra adicionada (X: 2000, Y: 1570).
[2025-09-11 14:12:35] [ADMIN] DEBUG: [ADMIN_GENERATE] Data de emissão adicionada (X: 850, Y: 2330).
[2025-09-11 14:12:35] [ADMIN] DEBUG: [ADMIN_GENERATE] ID do certificado adicionado (X: 280, Y: 2430).
[2025-09-11 14:12:35] [ADMIN] DEBUG: URL de verificação gerada: https://v.translators101.com/verificar_certificado.php?id=7da3b5af-add7-4fb4-9a46-2d26658c2a4f
[2025-09-11 14:12:36] [ADMIN] DEBUG: QR Code colado na imagem base.
[2025-09-11 14:12:36] [ADMIN] DEBUG: [ADMIN_GENERATE] QR Code adicionado à imagem durante a geração (X: 2989, Y: 2131, Tamanho: 300).
[2025-09-11 14:12:39] [ADMIN] DEBUG: [ADMIN_GENERATE] imagepng() retornou SUCESSO. Verificando se o arquivo gerado é um PNG válido.
[2025-09-11 14:12:39] [ADMIN] INFO: [ADMIN_GENERATE] Certificado PNG gerado e salvo com sucesso em: /home/u335416710/domains/translators101.com/public_html/v/includes/../certificates/certificate_7da3b5af-add7-4fb4-9a46-2d26658c2a4f.png. É um PNG válido.
[2025-09-11 14:30:10] [DOWNLOAD] DEBUG: Script download_certificate_files.php iniciado.
[2025-09-11 14:30:10] [DOWNLOAD] DEBUG: ID do certificado recebido: 0bee714c-73c9-4652-8f71-848da012f221
[2025-09-11 14:30:10] [DOWNLOAD] DEBUG: Dados do certificado encontrados no banco de dados.
[2025-09-11 14:30:10] [DOWNLOAD] DEBUG: Procurando arquivo físico para o certificado...
[2025-09-11 14:30:10] [DOWNLOAD] DEBUG: Arquivo físico encontrado em: /home/u335416710/domains/translators101.com/public_html/v/certificates/certificate_0bee714c-73c9-4652-8f71-848da012f221.png
[2025-09-11 14:30:10] [DOWNLOAD] DEBUG: Preparando para download: Certificado_William_Cassemiro_2025-09-11.png (Tipo: image/png)
[2025-09-11 14:30:10] [DOWNLOAD] INFO: Arquivo Certificado_William_Cassemiro_2025-09-11.png enviado para download.
[2025-09-11 18:12:37] [DOWNLOAD] DEBUG: Script download_certificate_files.php iniciado.
[2025-09-11 18:12:37] [DOWNLOAD] DEBUG: ID do certificado recebido: 7da3b5af-add7-4fb4-9a46-2d26658c2a4f
[2025-09-11 18:12:37] [DOWNLOAD] DEBUG: Dados do certificado encontrados no banco de dados.
[2025-09-11 18:12:37] [DOWNLOAD] DEBUG: Procurando arquivo físico para o certificado...
[2025-09-11 18:12:37] [DOWNLOAD] DEBUG: Arquivo físico encontrado em: /home/u335416710/domains/translators101.com/public_html/v/certificates/certificate_7da3b5af-add7-4fb4-9a46-2d26658c2a4f.png
[2025-09-11 18:12:37] [DOWNLOAD] DEBUG: Preparando para download: Certificado_William_Cassemiro_2025-09-11.png (Tipo: image/png)
[2025-09-11 18:12:37] [DOWNLOAD] INFO: Arquivo Certificado_William_Cassemiro_2025-09-11.png enviado para download.
[2025-09-11 21:14:33] [PALESTRA] DEBUG: Script palestra.php iniciado.
[2025-09-11 21:14:33] [PALESTRA] DEBUG: Usuário tem permissão.
[2025-09-11 21:14:33] [PALESTRA] DEBUG: ID da palestra recebido: b5f50600-3555-41ec-add4-96dfc52431b5
[2025-09-11 21:14:33] [PALESTRA] DEBUG: Palestra 'S08E18 — Tradução Audiovisual: Workflow da demanda à entrega — Bruna Andrade' encontrada. Duração em minutos: 88
[2025-09-11 21:14:33] [PALESTRA] DEBUG: User ID da sessão ('debug-user') é válido e existe na tabela 'users'.
[2025-09-11 21:14:33] [PALESTRA] DEBUG: Log existente encontrado. Progresso: 1686s
[2025-09-11 21:14:33] [PALESTRA] DEBUG: Progresso inicial carregado do DB (user_progress_seconds): 1686
[2025-09-11 21:14:33] [PALESTRA] DEBUG: Palestras relacionadas buscadas para categoria ''.
[2025-09-11 21:14:33] [PALESTRA] DEBUG: Verificação de certificado existente para exibição inicial. ID existente: Nenhum
[2025-09-11 21:14:33] [PALESTRA] DEBUG: Panda Player Div ID extraído do embed: 'panda-b5f50600-3555-41ec-add4-96dfc52431b5'
[2025-09-11 21:42:17] [PALESTRA] DEBUG: Script palestra.php iniciado.
[2025-09-11 21:42:17] [PALESTRA] DEBUG: Usuário tem permissão.
[2025-09-11 21:42:17] [PALESTRA] DEBUG: ID da palestra recebido: d23dddd0-5878-4fe8-a294-aad8792c5050
[2025-09-11 21:42:17] [PALESTRA] DEBUG: Palestra 'S03E39 — Tradução de patentes: por onde começar? — Beatriz Araújo' encontrada. Duração em minutos: 79
[2025-09-11 21:42:17] [PALESTRA] DEBUG: User ID da sessão ('0daad7cc-e8ad-4060-be95-feb1b92a2ba5') é válido e existe na tabela 'users'.
[2025-09-11 21:42:17] [PALESTRA] INFO: Novo log de acesso registrado para palestra 'S03E39 — Tradução de patentes: por onde começar? — Beatriz Araújo' (User ID: 0daad7cc-e8ad-4060-be95-feb1b92a2ba5).
[2025-09-11 21:42:17] [PALESTRA] DEBUG: Progresso inicial carregado do DB (user_progress_seconds): 0
[2025-09-11 21:42:17] [PALESTRA] DEBUG: Palestras relacionadas buscadas para categoria ''.
[2025-09-11 21:42:17] [PALESTRA] DEBUG: Verificação de certificado existente para exibição inicial. ID existente: Nenhum
[2025-09-11 21:42:17] [PALESTRA] DEBUG: Panda Player Div ID extraído do embed: 'panda-d23dddd0-5878-4fe8-a294-aad8792c5050'
[2025-09-11 22:26:59] [PALESTRA] DEBUG: Script palestra.php iniciado.
[2025-09-11 22:26:59] [PALESTRA] DEBUG: Usuário tem permissão.
[2025-09-11 22:26:59] [PALESTRA] DEBUG: ID da palestra recebido: bf2d9642-af5e-4d6d-823d-bc5b33d1fa96
[2025-09-11 22:26:59] [PALESTRA] DEBUG: Palestra 'S02E01 — Primeiros passos na tradução literária — Cláudia Mello Belhassof' encontrada. Duração em minutos: 98
[2025-09-11 22:26:59] [PALESTRA] DEBUG: User ID da sessão ('debug-user') é válido e existe na tabela 'users'.
[2025-09-11 22:26:59] [PALESTRA] DEBUG: Log existente encontrado. Progresso: 2954s
[2025-09-11 22:26:59] [PALESTRA] DEBUG: Progresso inicial carregado do DB (user_progress_seconds): 2954
[2025-09-11 22:26:59] [PALESTRA] DEBUG: Palestras relacionadas buscadas para categoria ''.
[2025-09-11 22:26:59] [PALESTRA] DEBUG: Verificação de certificado existente para exibição inicial. ID existente: Nenhum
[2025-09-11 22:26:59] [PALESTRA] DEBUG: Panda Player Div ID extraído do embed: 'panda-bf2d9642-af5e-4d6d-823d-bc5b33d1fa96'
[2025-09-12 02:00:19] [PALESTRA] DEBUG: Script palestra.php iniciado.
[2025-09-12 02:00:19] [PALESTRA] DEBUG: Usuário tem permissão.
[2025-09-12 02:00:19] [PALESTRA] DEBUG: ID da palestra recebido: f3ff813e-88c2-4527-8720-3568011afec0
[2025-09-12 02:00:19] [PALESTRA] DEBUG: Palestra 'S06E25 — Montando passo a passo uma macro no Word — Victor Almeida' encontrada. Duração em minutos: 52
[2025-09-12 02:00:19] [PALESTRA] DEBUG: User ID da sessão ('4cb942d4-5fda-4d76-b206-386a01b2aa64') é válido e existe na tabela 'users'.
[2025-09-12 02:00:19] [PALESTRA] INFO: Novo log de acesso registrado para palestra 'S06E25 — Montando passo a passo uma macro no Word — Victor Almeida' (User ID: 4cb942d4-5fda-4d76-b206-386a01b2aa64).
[2025-09-12 02:00:19] [PALESTRA] DEBUG: Progresso inicial carregado do DB (user_progress_seconds): 0
[2025-09-12 02:00:19] [PALESTRA] DEBUG: Palestras relacionadas buscadas para categoria ''.
[2025-09-12 02:00:19] [PALESTRA] DEBUG: Verificação de certificado existente para exibição inicial. ID existente: Nenhum
[2025-09-12 02:00:19] [PALESTRA] DEBUG: Panda Player Div ID extraído do embed: 'panda-f3ff813e-88c2-4527-8720-3568011afec0'
[2025-09-12 11:24:46] [PALESTRA] DEBUG: Script palestra.php iniciado.
[2025-09-12 11:24:46] [PALESTRA] DEBUG: Usuário tem permissão.
[2025-09-12 11:24:46] [PALESTRA] DEBUG: ID da palestra recebido: b5f50600-3555-41ec-add4-96dfc52431b5
[2025-09-12 11:24:46] [PALESTRA] DEBUG: Palestra 'S08E18 — Tradução Audiovisual: Workflow da demanda à entrega — Bruna Andrade' encontrada. Duração em minutos: 88
[2025-09-12 11:24:46] [PALESTRA] DEBUG: User ID da sessão ('debug-user') é válido e existe na tabela 'users'.
[2025-09-12 11:24:46] [PALESTRA] DEBUG: Log existente encontrado. Progresso: 16096s
[2025-09-12 11:24:46] [PALESTRA] DEBUG: Progresso inicial carregado do DB (user_progress_seconds): 16096
[2025-09-12 11:24:46] [PALESTRA] DEBUG: Palestras relacionadas buscadas para categoria ''.
[2025-09-12 11:24:46] [PALESTRA] DEBUG: Verificação de certificado existente para exibição inicial. ID existente: Nenhum
[2025-09-12 11:24:46] [PALESTRA] DEBUG: Panda Player Div ID extraído do embed: 'panda-b5f50600-3555-41ec-add4-96dfc52431b5'
[2025-09-12 11:25:01] [GENERATE_SIMPLE] Script generate_simple_certificate.php iniciado
[2025-09-12 11:25:01] [GENERATE_SIMPLE] Dados recebidos - Lecture: b5f50600-3555-41ec-add4-96dfc52431b5, User: debug-user, Watched: 5280s
[2025-09-12 11:25:01] [GENERATE_SIMPLE] Iniciando validações simplificadas
[2025-09-12 11:25:01] [GENERATE_SIMPLE] Progresso no DB: 16102s, Enviado pelo cliente: 5280s
[2025-09-12 11:25:01] [GENERATE_SIMPLE] Tempo final considerado: 16102s
[2025-09-12 11:25:01] [GENERATE_SIMPLE] Duração total: 5280s, Requerido (85%): 4488s
[2025-09-12 11:25:01] [GENERATE_SIMPLE] Todas as validações passaram - gerando certificado
[2025-09-12 11:25:01] [GENERATE_SIMPLE] SUCESSO: Certificado inserido no banco - ID: 49178dc3-7653-4829-a516-c575c5130408
[2025-09-12 11:25:01] [GENERATE_SIMPLE] DEBUG: [GENERATE_SIMPLE] Iniciando geração de PNG para ID: 49178dc3-7653-4829-a516-c575c5130408
[2025-09-12 11:25:01] [GENERATE_SIMPLE] DEBUG: [GENERATE_SIMPLE] Conversão UTF-8 aplicada para geração.
[2025-09-12 11:25:01] [GENERATE_SIMPLE] DEBUG: [GENERATE_SIMPLE] Dimensões do template: Largura=3509, Altura=2481
[2025-09-12 11:25:01] [GENERATE_SIMPLE] DEBUG: [GENERATE_SIMPLE] Procurando fontes TTF para geração...
[2025-09-12 11:25:01] [GENERATE_SIMPLE] DEBUG: [GENERATE_SIMPLE] Fonte TTF Bold encontrada em: /home/u335416710/domains/translators101.com/public_html/v/includes/../fonts/DejaVuSans-Bold.ttf
[2025-09-12 11:25:01] [GENERATE_SIMPLE] DEBUG: [GENERATE_SIMPLE] Fonte TTF padrão encontrada em: /home/u335416710/domains/translators101.com/public_html/v/includes/../fonts/DejaVuSans-Bold.ttf
[2025-09-12 11:25:01] [GENERATE_SIMPLE] DEBUG: [GENERATE_SIMPLE] Usando imagettftext para geração.
[2025-09-12 11:25:01] [GENERATE_SIMPLE] DEBUG: [GENERATE_SIMPLE] Nome do usuário adicionado (X: 1203, Y: 1100).
[2025-09-12 11:25:01] [GENERATE_SIMPLE] DEBUG: [GENERATE_SIMPLE] Processando título: 'S08E18 — Tradução Audiovisual: Workflow da demanda à entrega — Bruna Andrade' (tamanho: 83 caracteres)
[2025-09-12 11:25:01] [GENERATE_SIMPLE] DEBUG: [GENERATE_SIMPLE] Título longo detectado - aplicando quebra de linha inteligente
[2025-09-12 11:25:01] [GENERATE_SIMPLE] DEBUG: [GENERATE_SIMPLE] Linha 1: 'S08E18 — Tradução Audiovisual: Workflow da demanda'
[2025-09-12 11:25:01] [GENERATE_SIMPLE] DEBUG: [GENERATE_SIMPLE] Linha 2: 'à entrega — Bruna Andrade'
[2025-09-12 11:25:01] [GENERATE_SIMPLE] DEBUG: [GENERATE_SIMPLE] Linha 1 adicionada (X: 717, Y: 1350)
[2025-09-12 11:25:01] [GENERATE_SIMPLE] DEBUG: [GENERATE_SIMPLE] Linha 2 adicionada (X: 1236.5, Y: 1410)
[2025-09-12 11:25:01] [GENERATE_SIMPLE] DEBUG: [GENERATE_SIMPLE] Duração da palestra adicionada (X: 2000, Y: 1570).
[2025-09-12 11:25:01] [GENERATE_SIMPLE] DEBUG: [GENERATE_SIMPLE] Data de emissão adicionada (X: 850, Y: 2330).
[2025-09-12 11:25:01] [GENERATE_SIMPLE] DEBUG: [GENERATE_SIMPLE] ID do certificado adicionado (X: 280, Y: 2430).
[2025-09-12 11:25:01] [GENERATE_SIMPLE] DEBUG: URL de verificação gerada: https://v.translators101.com/verificar_certificado.php?id=49178dc3-7653-4829-a516-c575c5130408
[2025-09-12 11:25:02] [GENERATE_SIMPLE] DEBUG: QR Code colado na imagem base.
[2025-09-12 11:25:02] [GENERATE_SIMPLE] DEBUG: [GENERATE_SIMPLE] QR Code adicionado à imagem durante a geração (X: 2989, Y: 2131, Tamanho: 300).
[2025-09-12 11:25:06] [GENERATE_SIMPLE] DEBUG: [GENERATE_SIMPLE] imagepng() retornou SUCESSO. Verificando se o arquivo gerado é um PNG válido.
[2025-09-12 11:25:06] [GENERATE_SIMPLE] INFO: [GENERATE_SIMPLE] Certificado PNG gerado e salvo com sucesso em: /home/u335416710/domains/translators101.com/public_html/v/includes/../certificates/certificate_49178dc3-7653-4829-a516-c575c5130408.png. É um PNG válido.
[2025-09-12 11:25:06] [GENERATE_SIMPLE] SUCESSO: PNG gerado - /home/u335416710/domains/translators101.com/public_html/v/includes/../certificates/certificate_49178dc3-7653-4829-a516-c575c5130408.png
[2025-09-12 11:25:06] [GENERATE_SIMPLE] DEBUG: [GENERATE_SIMPLE] Iniciando geração de PDF T101 CORRIGIDO para ID: 49178dc3-7653-4829-a516-c575c5130408
[2025-09-12 11:25:06] [GENERATE_SIMPLE] DEBUG: [GENERATE_SIMPLE] TCPDF encontrado em: /home/u335416710/domains/translators101.com/public_html/v/includes/../vendor/tecnickcom/tcpdf/tcpdf.php
[2025-09-12 11:25:09] [GENERATE_SIMPLE] DEBUG: [GENERATE_SIMPLE] Template T101 oficial aplicado como fundo
[2025-09-12 11:25:09] [GENERATE_SIMPLE] DEBUG: URL de verificação gerada: https://v.translators101.com/verificar_certificado.php?id=49178dc3-7653-4829-a516-c575c5130408
[2025-09-12 11:25:10] [GENERATE_SIMPLE] DEBUG: [GENERATE_SIMPLE] QR Code T101 adicionado ao PDF (posição corrigida)
[2025-09-12 11:25:10] [GENERATE_SIMPLE] SUCESSO: [GENERATE_SIMPLE] PDF T101 CORRIGIDO gerado em: /home/u335416710/domains/translators101.com/public_html/v/includes/../certificates/certificate_49178dc3-7653-4829-a516-c575c5130408.pdf
[2025-09-12 11:25:10] [GENERATE_SIMPLE] SUCESSO: PDF gerado - /home/u335416710/domains/translators101.com/public_html/v/includes/../certificates/certificate_49178dc3-7653-4829-a516-c575c5130408.pdf
[2025-09-12 11:25:10] [GENERATE_SIMPLE] SUCESSO: Certificado gerado - ID: 49178dc3-7653-4829-a516-c575c5130408, PNG: SIM, PDF: SIM, Assistido: 16102s de 5280s (305%)
[2025-09-12 08:25:33] [DOWNLOAD] DEBUG: Script download_certificate_files.php iniciado.
[2025-09-12 08:25:33] [DOWNLOAD] DEBUG: ID do certificado recebido: 49178dc3-7653-4829-a516-c575c5130408
[2025-09-12 08:25:33] [DOWNLOAD] DEBUG: Dados do certificado encontrados no banco de dados.
[2025-09-12 08:25:33] [DOWNLOAD] DEBUG: Procurando arquivo físico para o certificado...
[2025-09-12 08:25:33] [DOWNLOAD] DEBUG: Arquivo físico encontrado em: /home/u335416710/domains/translators101.com/public_html/v/certificates/certificate_49178dc3-7653-4829-a516-c575c5130408.pdf
[2025-09-12 08:25:33] [DOWNLOAD] DEBUG: Preparando para download: Certificado_William_Cassemiro_2025-09-12.pdf (Tipo: application/pdf)
[2025-09-12 08:25:33] [DOWNLOAD] INFO: Arquivo Certificado_William_Cassemiro_2025-09-12.pdf enviado para download.
[2025-09-12 13:35:30] [REPORT_DOWNLOAD] User: debug-user downloaded report: relatorio_educacao_continuada_debug-user_2025-09-12_13-35-28.pdf (pdf)
[2025-09-12 10:36:49] [DOWNLOAD] DEBUG: Script download_certificate_files.php iniciado.
[2025-09-12 10:36:49] [DOWNLOAD] DEBUG: ID do certificado recebido: 49178dc3-7653-4829-a516-c575c5130408
[2025-09-12 10:36:49] [DOWNLOAD] DEBUG: Dados do certificado encontrados no banco de dados.
[2025-09-12 10:36:49] [DOWNLOAD] DEBUG: Procurando arquivo físico para o certificado...
[2025-09-12 10:36:49] [DOWNLOAD] DEBUG: Arquivo físico encontrado em: /home/u335416710/domains/translators101.com/public_html/v/certificates/certificate_49178dc3-7653-4829-a516-c575c5130408.pdf
[2025-09-12 10:36:49] [DOWNLOAD] DEBUG: Preparando para download: Certificado_William_Cassemiro_2025-09-12.pdf (Tipo: application/pdf)
[2025-09-12 10:36:49] [DOWNLOAD] INFO: Arquivo Certificado_William_Cassemiro_2025-09-12.pdf enviado para download.
[2025-09-15 14:54:36] [DOWNLOAD] DEBUG: Script download_certificate_files.php iniciado.
[2025-09-15 14:54:36] [DOWNLOAD] DEBUG: ID do certificado recebido: 49178dc3-7653-4829-a516-c575c5130408
[2025-09-15 14:54:36] [DOWNLOAD] DEBUG: Dados do certificado encontrados no banco de dados.
[2025-09-15 14:54:36] [DOWNLOAD] DEBUG: Procurando arquivo físico para o certificado...
[2025-09-15 14:54:36] [DOWNLOAD] DEBUG: Arquivo físico encontrado em: /home/u335416710/domains/translators101.com/public_html/v/certificates/certificate_49178dc3-7653-4829-a516-c575c5130408.pdf
[2025-09-15 14:54:36] [DOWNLOAD] DEBUG: Preparando para download: Certificado_William_Cassemiro_2025-09-15.pdf (Tipo: application/pdf)
[2025-09-15 14:54:36] [DOWNLOAD] INFO: Arquivo Certificado_William_Cassemiro_2025-09-15.pdf enviado para download.
[2025-09-15 15:11:30] [DOWNLOAD] DEBUG: Script download_certificate_files.php iniciado.
[2025-09-15 15:11:30] [DOWNLOAD] DEBUG: ID do certificado recebido: 0bee714c-73c9-4652-8f71-848da012f221, formato solicitado: png
[2025-09-15 15:11:30] [DOWNLOAD] DEBUG: Dados do certificado encontrados no banco de dados.
[2025-09-15 15:11:30] [DOWNLOAD] DEBUG: Arquivo PNG encontrado: /home/u335416710/domains/translators101.com/public_html/v/certificates/certificate_0bee714c-73c9-4652-8f71-848da012f221.png
[2025-09-15 15:11:30] [DOWNLOAD] DEBUG: Preparando download final: Certificado_William_Cassemiro_2025-09-15.png (Tipo: image/png) - Arquivo: /home/u335416710/domains/translators101.com/public_html/v/certificates/certificate_0bee714c-73c9-4652-8f71-848da012f221.png
[2025-09-15 15:11:30] [DOWNLOAD] INFO: Arquivo Certificado_William_Cassemiro_2025-09-15.png enviado para download com sucesso.
[2025-09-15 18:11:46] [VIEW] DEBUG: Script view_certificate_files.php iniciado.
[2025-09-15 18:11:46] [VIEW] DEBUG: ID do certificado recebido: 49178dc3-7653-4829-a516-c575c5130408
[2025-09-15 18:11:46] [VIEW] DEBUG: Dados do certificado encontrados no banco de dados para ID: 49178dc3-7653-4829-a516-c575c5130408
[2025-09-15 18:11:46] [VIEW] DEBUG: Arquivo PNG encontrado: /home/u335416710/domains/translators101.com/public_html/v/certificates/certificate_49178dc3-7653-4829-a516-c575c5130408.png
[2025-09-15 18:11:46] [VIEW] DEBUG: Preparando para visualização: Certificado_WilliamCassemiro.png (PNG) - Arquivo: /home/u335416710/domains/translators101.com/public_html/v/certificates/certificate_49178dc3-7653-4829-a516-c575c5130408.png
[2025-09-15 18:11:46] [VIEW] INFO: Arquivo PNG Certificado_WilliamCassemiro.png enviado para visualização.
[2025-09-15 15:12:15] [DOWNLOAD] DEBUG: Script download_certificate_files.php iniciado.
[2025-09-15 15:12:15] [DOWNLOAD] DEBUG: ID do certificado recebido: 7da3b5af-add7-4fb4-9a46-2d26658c2a4f, formato solicitado: png
[2025-09-15 15:12:15] [DOWNLOAD] DEBUG: Dados do certificado encontrados no banco de dados.
[2025-09-15 15:12:15] [DOWNLOAD] DEBUG: Arquivo PNG encontrado: /home/u335416710/domains/translators101.com/public_html/v/certificates/certificate_7da3b5af-add7-4fb4-9a46-2d26658c2a4f.png
[2025-09-15 15:12:15] [DOWNLOAD] DEBUG: Preparando download final: Certificado_William_Cassemiro_2025-09-15.png (Tipo: image/png) - Arquivo: /home/u335416710/domains/translators101.com/public_html/v/certificates/certificate_7da3b5af-add7-4fb4-9a46-2d26658c2a4f.png
[2025-09-15 15:12:15] [DOWNLOAD] INFO: Arquivo Certificado_William_Cassemiro_2025-09-15.png enviado para download com sucesso.
[2025-09-15 18:12:27] [VIEW] DEBUG: Script view_certificate_files.php iniciado.
[2025-09-15 18:12:27] [VIEW] DEBUG: ID do certificado recebido: 0bee714c-73c9-4652-8f71-848da012f221
[2025-09-15 18:12:27] [VIEW] DEBUG: Dados do certificado encontrados no banco de dados para ID: 0bee714c-73c9-4652-8f71-848da012f221
[2025-09-15 18:12:27] [VIEW] DEBUG: Arquivo PNG encontrado: /home/u335416710/domains/translators101.com/public_html/v/certificates/certificate_0bee714c-73c9-4652-8f71-848da012f221.png
[2025-09-15 18:12:27] [VIEW] DEBUG: Preparando para visualização: Certificado_WilliamCassemiro.png (PNG) - Arquivo: /home/u335416710/domains/translators101.com/public_html/v/certificates/certificate_0bee714c-73c9-4652-8f71-848da012f221.png
[2025-09-15 18:12:27] [VIEW] INFO: Arquivo PNG Certificado_WilliamCassemiro.png enviado para visualização.
[2025-09-15 18:20:29] [VIEW] DEBUG: Script view_certificate_files.php iniciado.
[2025-09-15 18:20:29] [VIEW] DEBUG: ID do certificado recebido: 0bee714c-73c9-4652-8f71-848da012f221
[2025-09-15 18:20:29] [VIEW] DEBUG: Dados do certificado encontrados no banco de dados para ID: 0bee714c-73c9-4652-8f71-848da012f221
[2025-09-15 18:20:29] [VIEW] DEBUG: Arquivo PNG encontrado: /home/u335416710/domains/translators101.com/public_html/v/certificates/certificate_0bee714c-73c9-4652-8f71-848da012f221.png
[2025-09-15 18:20:29] [VIEW] DEBUG: Script view_certificate_files.php iniciado.
[2025-09-15 18:20:29] [VIEW] DEBUG: ID do certificado recebido: 0bee714c-73c9-4652-8f71-848da012f221
[2025-09-15 18:20:29] [VIEW] DEBUG: Dados do certificado encontrados no banco de dados para ID: 0bee714c-73c9-4652-8f71-848da012f221
[2025-09-15 18:20:29] [VIEW] DEBUG: Arquivo PNG encontrado: /home/u335416710/domains/translators101.com/public_html/v/certificates/certificate_0bee714c-73c9-4652-8f71-848da012f221.png
[2025-09-15 18:20:29] [VIEW] DEBUG: Mostrando imagem diretamente: Certificado_WilliamCassemiro.png
[2025-09-15 18:20:29] [VIEW] INFO: Imagem PNG enviada para visualização direta.
[2025-09-15 15:20:41] [DOWNLOAD] DEBUG: Script download_certificate_files.php iniciado.
[2025-09-15 15:20:41] [DOWNLOAD] DEBUG: ID do certificado recebido: 0bee714c-73c9-4652-8f71-848da012f221, formato solicitado: pdf
[2025-09-15 15:20:41] [DOWNLOAD] DEBUG: Dados do certificado encontrados no banco de dados.
[2025-09-15 15:20:41] [DOWNLOAD] DEBUG: Arquivo PNG encontrado: /home/u335416710/domains/translators101.com/public_html/v/certificates/certificate_0bee714c-73c9-4652-8f71-848da012f221.png
[2025-09-15 15:20:41] [DOWNLOAD] DEBUG: Iniciando conversão PNG para PDF: /home/u335416710/domains/translators101.com/public_html/v/certificates/certificate_0bee714c-73c9-4652-8f71-848da012f221.png -> /home/u335416710/domains/translators101.com/public_html/v/certificates/certificate_0bee714c-73c9-4652-8f71-848da012f221_converted.pdf
[2025-09-15 15:20:41] [DOWNLOAD] SUCESSO: PDF criado com TCPDF: /home/u335416710/domains/translators101.com/public_html/v/certificates/certificate_0bee714c-73c9-4652-8f71-848da012f221_converted.pdf
[2025-09-15 15:20:41] [DOWNLOAD] DEBUG: PNG convertido para PDF com sucesso: /home/u335416710/domains/translators101.com/public_html/v/certificates/certificate_0bee714c-73c9-4652-8f71-848da012f221_converted.pdf
[2025-09-15 15:20:41] [DOWNLOAD] DEBUG: Preparando download final: Certificado_William_Cassemiro_2025-09-15.pdf (Tipo: application/pdf) - Arquivo: /home/u335416710/domains/translators101.com/public_html/v/certificates/certificate_0bee714c-73c9-4652-8f71-848da012f221_converted.pdf
[2025-09-15 15:20:41] [DOWNLOAD] INFO: Arquivo Certificado_William_Cassemiro_2025-09-15.pdf enviado para download com sucesso.
[2025-09-15 18:20:50] [VIEW] DEBUG: Script view_certificate_files.php iniciado.
[2025-09-15 18:20:50] [VIEW] DEBUG: ID do certificado recebido: 0bee714c-73c9-4652-8f71-848da012f221
[2025-09-15 18:20:50] [VIEW] DEBUG: Dados do certificado encontrados no banco de dados para ID: 0bee714c-73c9-4652-8f71-848da012f221
[2025-09-15 18:20:50] [VIEW] DEBUG: Arquivo PNG encontrado: /home/u335416710/domains/translators101.com/public_html/v/certificates/certificate_0bee714c-73c9-4652-8f71-848da012f221.png
[2025-09-15 18:20:50] [VIEW] DEBUG: Mostrando imagem diretamente: Certificado_WilliamCassemiro.png
[2025-09-15 18:20:50] [VIEW] INFO: Imagem PNG enviada para visualização direta.
[2025-09-15 15:38:54] [ADMIN] DEBUG: [ADMIN_GENERATE] Iniciando geração de PNG para ID: 9b6996eb-762c-41f1-aacb-237da62d82d0
[2025-09-15 15:38:55] [ADMIN] DEBUG: [ADMIN_GENERATE] Conversão UTF-8 aplicada para geração.
[2025-09-15 15:38:55] [ADMIN] DEBUG: [ADMIN_GENERATE] Dimensões do template: Largura=3509, Altura=2481
[2025-09-15 15:38:55] [ADMIN] DEBUG: [ADMIN_GENERATE] Procurando fontes TTF para geração...
[2025-09-15 15:38:55] [ADMIN] DEBUG: [ADMIN_GENERATE] Fonte TTF Bold encontrada em: /home/u335416710/domains/translators101.com/public_html/v/includes/../fonts/DejaVuSans-Bold.ttf
[2025-09-15 15:38:55] [ADMIN] DEBUG: [ADMIN_GENERATE] Fonte TTF padrão encontrada em: /home/u335416710/domains/translators101.com/public_html/v/includes/../fonts/DejaVuSans-Bold.ttf
[2025-09-15 15:38:55] [ADMIN] DEBUG: [ADMIN_GENERATE] Usando imagettftext para geração.
[2025-09-15 15:38:55] [ADMIN] DEBUG: [ADMIN_GENERATE] Nome do usuário adicionado (X: 1169.5, Y: 1100).
[2025-09-15 15:38:55] [ADMIN] DEBUG: [ADMIN_GENERATE] Processando título: 'S08E05 — Corpora de Aprendizes de Tradução: Análise e Aplicações — Joacyr Oliveira' (tamanho: 91 caracteres)
[2025-09-15 15:38:55] [ADMIN] DEBUG: [ADMIN_GENERATE] Título longo detectado - aplicando quebra de linha inteligente
[2025-09-15 15:38:55] [ADMIN] DEBUG: [ADMIN_GENERATE] Linha 1: 'S08E05 — Corpora de Aprendizes de Tradução:'
[2025-09-15 15:38:55] [ADMIN] DEBUG: [ADMIN_GENERATE] Linha 2: 'Análise e Aplicações — Joacyr Oliveira'
[2025-09-15 15:38:55] [ADMIN] DEBUG: [ADMIN_GENERATE] Linha 1 adicionada (X: 879.5, Y: 1350)
[2025-09-15 15:38:55] [ADMIN] DEBUG: [ADMIN_GENERATE] Linha 2 adicionada (X: 1044, Y: 1410)
[2025-09-15 15:38:55] [ADMIN] DEBUG: [ADMIN_GENERATE] Duração da palestra adicionada (X: 2000, Y: 1570).
[2025-09-15 15:38:55] [ADMIN] DEBUG: [ADMIN_GENERATE] Data de emissão adicionada (X: 850, Y: 2330).
[2025-09-15 15:38:55] [ADMIN] DEBUG: [ADMIN_GENERATE] ID do certificado adicionado (X: 280, Y: 2430).
[2025-09-15 15:38:55] [ADMIN] DEBUG: URL de verificação gerada: https://v.translators101.com/verificar_certificado.php?id=9b6996eb-762c-41f1-aacb-237da62d82d0
[2025-09-15 15:38:56] [ADMIN] DEBUG: QR Code colado na imagem base.
[2025-09-15 15:38:56] [ADMIN] DEBUG: [ADMIN_GENERATE] QR Code adicionado à imagem durante a geração (X: 2989, Y: 2131, Tamanho: 300).
[2025-09-15 15:38:59] [ADMIN] DEBUG: [ADMIN_GENERATE] imagepng() retornou SUCESSO. Verificando se o arquivo gerado é um PNG válido.
[2025-09-15 15:38:59] [ADMIN] INFO: [ADMIN_GENERATE] Certificado PNG gerado e salvo com sucesso em: /home/u335416710/domains/translators101.com/public_html/v/includes/../certificates/certificate_9b6996eb-762c-41f1-aacb-237da62d82d0.png. É um PNG válido.
[2025-09-15 15:43:54] [ADMIN] DEBUG: [ADMIN_GENERATE] Iniciando geração de PNG para ID: d5ecc17c-6ac9-49be-adac-6bdc55943d8f
[2025-09-15 15:43:54] [ADMIN] DEBUG: [ADMIN_GENERATE] Conversão UTF-8 aplicada para geração.
[2025-09-15 15:43:54] [ADMIN] DEBUG: [ADMIN_GENERATE] Dimensões do template: Largura=3509, Altura=2481
[2025-09-15 15:43:54] [ADMIN] DEBUG: [ADMIN_GENERATE] Procurando fontes TTF para geração...
[2025-09-15 15:43:54] [ADMIN] DEBUG: [ADMIN_GENERATE] Fonte TTF Bold encontrada em: /home/u335416710/domains/translators101.com/public_html/v/includes/../fonts/DejaVuSans-Bold.ttf
[2025-09-15 15:43:54] [ADMIN] DEBUG: [ADMIN_GENERATE] Fonte TTF padrão encontrada em: /home/u335416710/domains/translators101.com/public_html/v/includes/../fonts/DejaVuSans-Bold.ttf
[2025-09-15 15:43:54] [ADMIN] DEBUG: [ADMIN_GENERATE] Usando imagettftext para geração.
[2025-09-15 15:43:54] [ADMIN] DEBUG: [ADMIN_GENERATE] Nome do usuário adicionado (X: 1299, Y: 1100).
[2025-09-15 15:43:54] [ADMIN] DEBUG: [ADMIN_GENERATE] Processando título: 'S08E05 — Corpora de Aprendizes de Tradução: Análise e Aplicações — Joacyr Oliveira' (tamanho: 91 caracteres)
[2025-09-15 15:43:54] [ADMIN] DEBUG: [ADMIN_GENERATE] Título longo detectado - aplicando quebra de linha inteligente
[2025-09-15 15:43:54] [ADMIN] DEBUG: [ADMIN_GENERATE] Linha 1: 'S08E05 — Corpora de Aprendizes de Tradução:'
[2025-09-15 15:43:54] [ADMIN] DEBUG: [ADMIN_GENERATE] Linha 2: 'Análise e Aplicações — Joacyr Oliveira'
[2025-09-15 15:43:54] [ADMIN] DEBUG: [ADMIN_GENERATE] Linha 1 adicionada (X: 879.5, Y: 1350)
[2025-09-15 15:43:54] [ADMIN] DEBUG: [ADMIN_GENERATE] Linha 2 adicionada (X: 1044, Y: 1410)
[2025-09-15 15:43:54] [ADMIN] DEBUG: [ADMIN_GENERATE] Duração da palestra adicionada (X: 2000, Y: 1570).
[2025-09-15 15:43:54] [ADMIN] DEBUG: [ADMIN_GENERATE] Data de emissão adicionada (X: 850, Y: 2330).
[2025-09-15 15:43:54] [ADMIN] DEBUG: [ADMIN_GENERATE] ID do certificado adicionado (X: 280, Y: 2430).
[2025-09-15 15:43:54] [ADMIN] DEBUG: URL de verificação gerada: https://v.translators101.com/verificar_certificado.php?id=d5ecc17c-6ac9-49be-adac-6bdc55943d8f
[2025-09-15 15:43:55] [ADMIN] DEBUG: QR Code colado na imagem base.
[2025-09-15 15:43:55] [ADMIN] DEBUG: [ADMIN_GENERATE] QR Code adicionado à imagem durante a geração (X: 2989, Y: 2131, Tamanho: 300).
[2025-09-15 15:43:59] [ADMIN] DEBUG: [ADMIN_GENERATE] imagepng() retornou SUCESSO. Verificando se o arquivo gerado é um PNG válido.
[2025-09-15 15:43:59] [ADMIN] INFO: [ADMIN_GENERATE] Certificado PNG gerado e salvo com sucesso em: /home/u335416710/domains/translators101.com/public_html/v/includes/../certificates/certificate_d5ecc17c-6ac9-49be-adac-6bdc55943d8f.png. É um PNG válido.
[2025-09-15 15:43:59] [ADMIN] DEBUG: [ADMIN_GENERATE] Iniciando geração de PNG para ID: 699451ef-3ce1-449a-8b04-b972886205f6
[2025-09-15 15:43:59] [ADMIN] DEBUG: [ADMIN_GENERATE] Conversão UTF-8 aplicada para geração.
[2025-09-15 15:43:59] [ADMIN] DEBUG: [ADMIN_GENERATE] Dimensões do template: Largura=3509, Altura=2481
[2025-09-15 15:43:59] [ADMIN] DEBUG: [ADMIN_GENERATE] Procurando fontes TTF para geração...
[2025-09-15 15:43:59] [ADMIN] DEBUG: [ADMIN_GENERATE] Fonte TTF Bold encontrada em: /home/u335416710/domains/translators101.com/public_html/v/includes/../fonts/DejaVuSans-Bold.ttf
[2025-09-15 15:43:59] [ADMIN] DEBUG: [ADMIN_GENERATE] Fonte TTF padrão encontrada em: /home/u335416710/domains/translators101.com/public_html/v/includes/../fonts/DejaVuSans-Bold.ttf
[2025-09-15 15:43:59] [ADMIN] DEBUG: [ADMIN_GENERATE] Usando imagettftext para geração.
[2025-09-15 15:43:59] [ADMIN] DEBUG: [ADMIN_GENERATE] Nome do usuário adicionado (X: 1299, Y: 1100).
[2025-09-15 15:43:59] [ADMIN] DEBUG: [ADMIN_GENERATE] Processando título: 'S08E13 — Regulamentação da Inteligência Artificial no Brasil, nos Estados Unidos e na Europa — Dinaura Julles' (tamanho: 116 caracteres)
[2025-09-15 15:43:59] [ADMIN] DEBUG: [ADMIN_GENERATE] Título longo detectado - aplicando quebra de linha inteligente
[2025-09-15 15:43:59] [ADMIN] DEBUG: [ADMIN_GENERATE] Linha 1: 'S08E13 — Regulamentação da Inteligência Artificial'
[2025-09-15 15:43:59] [ADMIN] DEBUG: [ADMIN_GENERATE] Linha 2: 'no Brasil, nos Estados Unidos e na Europa — Dinaura Julles'
[2025-09-15 15:43:59] [ADMIN] DEBUG: [ADMIN_GENERATE] Linha 1 adicionada (X: 785.5, Y: 1350)
[2025-09-15 15:43:59] [ADMIN] DEBUG: [ADMIN_GENERATE] Linha 2 adicionada (X: 651, Y: 1410)
[2025-09-15 15:43:59] [ADMIN] DEBUG: [ADMIN_GENERATE] Duração da palestra adicionada (X: 2000, Y: 1570).
[2025-09-15 15:43:59] [ADMIN] DEBUG: [ADMIN_GENERATE] Data de emissão adicionada (X: 850, Y: 2330).
[2025-09-15 15:43:59] [ADMIN] DEBUG: [ADMIN_GENERATE] ID do certificado adicionado (X: 280, Y: 2430).
[2025-09-15 15:43:59] [ADMIN] DEBUG: URL de verificação gerada: https://v.translators101.com/verificar_certificado.php?id=699451ef-3ce1-449a-8b04-b972886205f6
[2025-09-15 15:44:00] [ADMIN] DEBUG: QR Code colado na imagem base.
[2025-09-15 15:44:00] [ADMIN] DEBUG: [ADMIN_GENERATE] QR Code adicionado à imagem durante a geração (X: 2989, Y: 2131, Tamanho: 300).
[2025-09-15 15:44:04] [ADMIN] DEBUG: [ADMIN_GENERATE] imagepng() retornou SUCESSO. Verificando se o arquivo gerado é um PNG válido.
[2025-09-15 15:44:04] [ADMIN] INFO: [ADMIN_GENERATE] Certificado PNG gerado e salvo com sucesso em: /home/u335416710/domains/translators101.com/public_html/v/includes/../certificates/certificate_699451ef-3ce1-449a-8b04-b972886205f6.png. É um PNG válido.
[2025-09-15 15:44:04] [ADMIN] DEBUG: [ADMIN_GENERATE] Iniciando geração de PNG para ID: b63aba31-58db-4bf5-8304-562792a29e96
[2025-09-15 15:44:04] [ADMIN] DEBUG: [ADMIN_GENERATE] Conversão UTF-8 aplicada para geração.
[2025-09-15 15:44:04] [ADMIN] DEBUG: [ADMIN_GENERATE] Dimensões do template: Largura=3509, Altura=2481
[2025-09-15 15:44:04] [ADMIN] DEBUG: [ADMIN_GENERATE] Procurando fontes TTF para geração...
[2025-09-15 15:44:04] [ADMIN] DEBUG: [ADMIN_GENERATE] Fonte TTF Bold encontrada em: /home/u335416710/domains/translators101.com/public_html/v/includes/../fonts/DejaVuSans-Bold.ttf
[2025-09-15 15:44:04] [ADMIN] DEBUG: [ADMIN_GENERATE] Fonte TTF padrão encontrada em: /home/u335416710/domains/translators101.com/public_html/v/includes/../fonts/DejaVuSans-Bold.ttf
[2025-09-15 15:44:04] [ADMIN] DEBUG: [ADMIN_GENERATE] Usando imagettftext para geração.
[2025-09-15 15:44:04] [ADMIN] DEBUG: [ADMIN_GENERATE] Nome do usuário adicionado (X: 1299, Y: 1100).
[2025-09-15 15:44:04] [ADMIN] DEBUG: [ADMIN_GENERATE] Processando título: 'S08E15 — Tradução Médica e ChatGPT: do Prontuário ao Prompt — Luciana Bonancio' (tamanho: 86 caracteres)
[2025-09-15 15:44:04] [ADMIN] DEBUG: [ADMIN_GENERATE] Título longo detectado - aplicando quebra de linha inteligente
[2025-09-15 15:44:04] [ADMIN] DEBUG: [ADMIN_GENERATE] Linha 1: 'S08E15 — Tradução Médica e ChatGPT: do Prontuário'
[2025-09-15 15:44:04] [ADMIN] DEBUG: [ADMIN_GENERATE] Linha 2: 'ao Prompt — Luciana Bonancio'
[2025-09-15 15:44:04] [ADMIN] DEBUG: [ADMIN_GENERATE] Linha 1 adicionada (X: 758.5, Y: 1350)
[2025-09-15 15:44:04] [ADMIN] DEBUG: [ADMIN_GENERATE] Linha 2 adicionada (X: 1176.5, Y: 1410)
[2025-09-15 15:44:04] [ADMIN] DEBUG: [ADMIN_GENERATE] Duração da palestra adicionada (X: 2000, Y: 1570).
[2025-09-15 15:44:04] [ADMIN] DEBUG: [ADMIN_GENERATE] Data de emissão adicionada (X: 850, Y: 2330).
[2025-09-15 15:44:04] [ADMIN] DEBUG: [ADMIN_GENERATE] ID do certificado adicionado (X: 280, Y: 2430).
[2025-09-15 15:44:04] [ADMIN] DEBUG: URL de verificação gerada: https://v.translators101.com/verificar_certificado.php?id=b63aba31-58db-4bf5-8304-562792a29e96
[2025-09-15 15:44:05] [ADMIN] DEBUG: QR Code colado na imagem base.
[2025-09-15 15:44:05] [ADMIN] DEBUG: [ADMIN_GENERATE] QR Code adicionado à imagem durante a geração (X: 2989, Y: 2131, Tamanho: 300).
[2025-09-15 15:44:09] [ADMIN] DEBUG: [ADMIN_GENERATE] imagepng() retornou SUCESSO. Verificando se o arquivo gerado é um PNG válido.
[2025-09-15 15:44:09] [ADMIN] INFO: [ADMIN_GENERATE] Certificado PNG gerado e salvo com sucesso em: /home/u335416710/domains/translators101.com/public_html/v/includes/../certificates/certificate_b63aba31-58db-4bf5-8304-562792a29e96.png. É um PNG válido.
[2025-09-15 15:44:09] [ADMIN] DEBUG: [ADMIN_GENERATE] Iniciando geração de PNG para ID: c3c4a8af-8ad2-4fe2-a35d-cf9c10df8e97
[2025-09-15 15:44:09] [ADMIN] DEBUG: [ADMIN_GENERATE] Conversão UTF-8 aplicada para geração.
[2025-09-15 15:44:09] [ADMIN] DEBUG: [ADMIN_GENERATE] Dimensões do template: Largura=3509, Altura=2481
[2025-09-15 15:44:09] [ADMIN] DEBUG: [ADMIN_GENERATE] Procurando fontes TTF para geração...
[2025-09-15 15:44:09] [ADMIN] DEBUG: [ADMIN_GENERATE] Fonte TTF Bold encontrada em: /home/u335416710/domains/translators101.com/public_html/v/includes/../fonts/DejaVuSans-Bold.ttf
[2025-09-15 15:44:09] [ADMIN] DEBUG: [ADMIN_GENERATE] Fonte TTF padrão encontrada em: /home/u335416710/domains/translators101.com/public_html/v/includes/../fonts/DejaVuSans-Bold.ttf
[2025-09-15 15:44:09] [ADMIN] DEBUG: [ADMIN_GENERATE] Usando imagettftext para geração.
[2025-09-15 15:44:09] [ADMIN] DEBUG: [ADMIN_GENERATE] Nome do usuário adicionado (X: 1299, Y: 1100).
[2025-09-15 15:44:09] [ADMIN] DEBUG: [ADMIN_GENERATE] Processando título: 'S08E17 — Reflexões sobre estratégias de tradução — Sátia Marini' (tamanho: 72 caracteres)
[2025-09-15 15:44:09] [ADMIN] DEBUG: [ADMIN_GENERATE] Título longo detectado - aplicando quebra de linha inteligente
[2025-09-15 15:44:09] [ADMIN] DEBUG: [ADMIN_GENERATE] Linha 1: 'Reflexões sobre estratégias de tradução'
[2025-09-15 15:44:09] [ADMIN] DEBUG: [ADMIN_GENERATE] Linha 2: 'S08E17 — — Sátia Marini'
[2025-09-15 15:44:09] [ADMIN] DEBUG: [ADMIN_GENERATE] Linha 1 adicionada (X: 996, Y: 1350)
[2025-09-15 15:44:09] [ADMIN] DEBUG: [ADMIN_GENERATE] Linha 2 adicionada (X: 1290, Y: 1410)
[2025-09-15 15:44:09] [ADMIN] DEBUG: [ADMIN_GENERATE] Duração da palestra adicionada (X: 2000, Y: 1570).
[2025-09-15 15:44:09] [ADMIN] DEBUG: [ADMIN_GENERATE] Data de emissão adicionada (X: 850, Y: 2330).
[2025-09-15 15:44:09] [ADMIN] DEBUG: [ADMIN_GENERATE] ID do certificado adicionado (X: 280, Y: 2430).
[2025-09-15 15:44:09] [ADMIN] DEBUG: URL de verificação gerada: https://v.translators101.com/verificar_certificado.php?id=c3c4a8af-8ad2-4fe2-a35d-cf9c10df8e97
[2025-09-15 15:44:10] [ADMIN] DEBUG: QR Code colado na imagem base.
[2025-09-15 15:44:10] [ADMIN] DEBUG: [ADMIN_GENERATE] QR Code adicionado à imagem durante a geração (X: 2989, Y: 2131, Tamanho: 300).
[2025-09-15 15:44:14] [ADMIN] DEBUG: [ADMIN_GENERATE] imagepng() retornou SUCESSO. Verificando se o arquivo gerado é um PNG válido.
[2025-09-15 15:44:14] [ADMIN] INFO: [ADMIN_GENERATE] Certificado PNG gerado e salvo com sucesso em: /home/u335416710/domains/translators101.com/public_html/v/includes/../certificates/certificate_c3c4a8af-8ad2-4fe2-a35d-cf9c10df8e97.png. É um PNG válido.
[2025-09-15 15:44:14] [ADMIN] DEBUG: [ADMIN_GENERATE] Iniciando geração de PNG para ID: b53b94af-0752-48fd-800d-4fd5bba1e6be
[2025-09-15 15:44:15] [ADMIN] DEBUG: [ADMIN_GENERATE] Conversão UTF-8 aplicada para geração.
[2025-09-15 15:44:15] [ADMIN] DEBUG: [ADMIN_GENERATE] Dimensões do template: Largura=3509, Altura=2481
[2025-09-15 15:44:15] [ADMIN] DEBUG: [ADMIN_GENERATE] Procurando fontes TTF para geração...
[2025-09-15 15:44:15] [ADMIN] DEBUG: [ADMIN_GENERATE] Fonte TTF Bold encontrada em: /home/u335416710/domains/translators101.com/public_html/v/includes/../fonts/DejaVuSans-Bold.ttf
[2025-09-15 15:44:15] [ADMIN] DEBUG: [ADMIN_GENERATE] Fonte TTF padrão encontrada em: /home/u335416710/domains/translators101.com/public_html/v/includes/../fonts/DejaVuSans-Bold.ttf
[2025-09-15 15:44:15] [ADMIN] DEBUG: [ADMIN_GENERATE] Usando imagettftext para geração.
[2025-09-15 15:44:15] [ADMIN] DEBUG: [ADMIN_GENERATE] Nome do usuário adicionado (X: 1299, Y: 1100).
[2025-09-15 15:44:15] [ADMIN] DEBUG: [ADMIN_GENERATE] Processando título: 'S08E18 — Tradução Audiovisual: Workflow da demanda à entrega — Bruna Andrade' (tamanho: 83 caracteres)
[2025-09-15 15:44:15] [ADMIN] DEBUG: [ADMIN_GENERATE] Título longo detectado - aplicando quebra de linha inteligente
[2025-09-15 15:44:15] [ADMIN] DEBUG: [ADMIN_GENERATE] Linha 1: 'S08E18 — Tradução Audiovisual: Workflow da demanda'
[2025-09-15 15:44:15] [ADMIN] DEBUG: [ADMIN_GENERATE] Linha 2: 'à entrega — Bruna Andrade'
[2025-09-15 15:44:15] [ADMIN] DEBUG: [ADMIN_GENERATE] Linha 1 adicionada (X: 717, Y: 1350)
[2025-09-15 15:44:15] [ADMIN] DEBUG: [ADMIN_GENERATE] Linha 2 adicionada (X: 1236.5, Y: 1410)
[2025-09-15 15:44:15] [ADMIN] DEBUG: [ADMIN_GENERATE] Duração da palestra adicionada (X: 2000, Y: 1570).
[2025-09-15 15:44:15] [ADMIN] DEBUG: [ADMIN_GENERATE] Data de emissão adicionada (X: 850, Y: 2330).
[2025-09-15 15:44:15] [ADMIN] DEBUG: [ADMIN_GENERATE] ID do certificado adicionado (X: 280, Y: 2430).
[2025-09-15 15:44:15] [ADMIN] DEBUG: URL de verificação gerada: https://v.translators101.com/verificar_certificado.php?id=b53b94af-0752-48fd-800d-4fd5bba1e6be
[2025-09-15 15:44:16] [ADMIN] DEBUG: QR Code colado na imagem base.
[2025-09-15 15:44:16] [ADMIN] DEBUG: [ADMIN_GENERATE] QR Code adicionado à imagem durante a geração (X: 2989, Y: 2131, Tamanho: 300).
[2025-09-15 15:44:19] [ADMIN] DEBUG: [ADMIN_GENERATE] imagepng() retornou SUCESSO. Verificando se o arquivo gerado é um PNG válido.
[2025-09-15 15:44:19] [ADMIN] INFO: [ADMIN_GENERATE] Certificado PNG gerado e salvo com sucesso em: /home/u335416710/domains/translators101.com/public_html/v/includes/../certificates/certificate_b53b94af-0752-48fd-800d-4fd5bba1e6be.png. É um PNG válido.
[2025-09-15 15:44:19] [ADMIN] DEBUG: [ADMIN_GENERATE] Iniciando geração de PNG para ID: d7293dfb-c43f-419f-a6ec-ae0a9fb038e8
[2025-09-15 15:44:20] [ADMIN] DEBUG: [ADMIN_GENERATE] Conversão UTF-8 aplicada para geração.
[2025-09-15 15:44:20] [ADMIN] DEBUG: [ADMIN_GENERATE] Dimensões do template: Largura=3509, Altura=2481
[2025-09-15 15:44:20] [ADMIN] DEBUG: [ADMIN_GENERATE] Procurando fontes TTF para geração...
[2025-09-15 15:44:20] [ADMIN] DEBUG: [ADMIN_GENERATE] Fonte TTF Bold encontrada em: /home/u335416710/domains/translators101.com/public_html/v/includes/../fonts/DejaVuSans-Bold.ttf
[2025-09-15 15:44:20] [ADMIN] DEBUG: [ADMIN_GENERATE] Fonte TTF padrão encontrada em: /home/u335416710/domains/translators101.com/public_html/v/includes/../fonts/DejaVuSans-Bold.ttf
[2025-09-15 15:44:20] [ADMIN] DEBUG: [ADMIN_GENERATE] Usando imagettftext para geração.
[2025-09-15 15:44:20] [ADMIN] DEBUG: [ADMIN_GENERATE] Nome do usuário adicionado (X: 1299, Y: 1100).
[2025-09-15 15:44:20] [ADMIN] DEBUG: [ADMIN_GENERATE] Processando título: 'S08E19 — A IA e o futuro da tradução: uma análise do panorama atual e expectativas — Valter Mendes' (tamanho: 105 caracteres)
[2025-09-15 15:44:20] [ADMIN] DEBUG: [ADMIN_GENERATE] Título longo detectado - aplicando quebra de linha inteligente
[2025-09-15 15:44:20] [ADMIN] DEBUG: [ADMIN_GENERATE] Linha 1: 'S08E19 — A IA e o futuro da tradução: uma análise'
[2025-09-15 15:44:20] [ADMIN] DEBUG: [ADMIN_GENERATE] Linha 2: 'do panorama atual e expectativas — Valter Mendes'
[2025-09-15 15:44:20] [ADMIN] DEBUG: [ADMIN_GENERATE] Linha 1 adicionada (X: 801, Y: 1350)
[2025-09-15 15:44:20] [ADMIN] DEBUG: [ADMIN_GENERATE] Linha 2 adicionada (X: 790.5, Y: 1410)
[2025-09-15 15:44:20] [ADMIN] DEBUG: [ADMIN_GENERATE] Duração da palestra adicionada (X: 2000, Y: 1570).
[2025-09-15 15:44:20] [ADMIN] DEBUG: [ADMIN_GENERATE] Data de emissão adicionada (X: 850, Y: 2330).
[2025-09-15 15:44:20] [ADMIN] DEBUG: [ADMIN_GENERATE] ID do certificado adicionado (X: 280, Y: 2430).
[2025-09-15 15:44:20] [ADMIN] DEBUG: URL de verificação gerada: https://v.translators101.com/verificar_certificado.php?id=d7293dfb-c43f-419f-a6ec-ae0a9fb038e8
[2025-09-15 15:44:21] [ADMIN] DEBUG: QR Code colado na imagem base.
[2025-09-15 15:44:21] [ADMIN] DEBUG: [ADMIN_GENERATE] QR Code adicionado à imagem durante a geração (X: 2989, Y: 2131, Tamanho: 300).
[2025-09-15 15:44:24] [ADMIN] DEBUG: [ADMIN_GENERATE] imagepng() retornou SUCESSO. Verificando se o arquivo gerado é um PNG válido.
[2025-09-15 15:44:24] [ADMIN] INFO: [ADMIN_GENERATE] Certificado PNG gerado e salvo com sucesso em: /home/u335416710/domains/translators101.com/public_html/v/includes/../certificates/certificate_d7293dfb-c43f-419f-a6ec-ae0a9fb038e8.png. É um PNG válido.
[2025-09-15 15:44:24] [ADMIN] DEBUG: [ADMIN_GENERATE] Iniciando geração de PNG para ID: 4b96ac05-de18-43a5-8dfc-ccde2a0c3775
[2025-09-15 15:44:24] [ADMIN] DEBUG: [ADMIN_GENERATE] Conversão UTF-8 aplicada para geração.
[2025-09-15 15:44:24] [ADMIN] DEBUG: [ADMIN_GENERATE] Dimensões do template: Largura=3509, Altura=2481
[2025-09-15 15:44:24] [ADMIN] DEBUG: [ADMIN_GENERATE] Procurando fontes TTF para geração...
[2025-09-15 15:44:24] [ADMIN] DEBUG: [ADMIN_GENERATE] Fonte TTF Bold encontrada em: /home/u335416710/domains/translators101.com/public_html/v/includes/../fonts/DejaVuSans-Bold.ttf
[2025-09-15 15:44:24] [ADMIN] DEBUG: [ADMIN_GENERATE] Fonte TTF padrão encontrada em: /home/u335416710/domains/translators101.com/public_html/v/includes/../fonts/DejaVuSans-Bold.ttf
[2025-09-15 15:44:24] [ADMIN] DEBUG: [ADMIN_GENERATE] Usando imagettftext para geração.
[2025-09-15 15:44:24] [ADMIN] DEBUG: [ADMIN_GENERATE] Nome do usuário adicionado (X: 1299, Y: 1100).
[2025-09-15 15:44:24] [ADMIN] DEBUG: [ADMIN_GENERATE] Processando título: 'S08E20 — Além da Língua: Estratégias que Todo Intérprete Precisa Dominar — Manuela Sampaio' (tamanho: 98 caracteres)
[2025-09-15 15:44:24] [ADMIN] DEBUG: [ADMIN_GENERATE] Título longo detectado - aplicando quebra de linha inteligente
[2025-09-15 15:44:24] [ADMIN] DEBUG: [ADMIN_GENERATE] Linha 1: 'S08E20 — Além da Língua: Estratégias que Todo'
[2025-09-15 15:44:24] [ADMIN] DEBUG: [ADMIN_GENERATE] Linha 2: 'Intérprete Precisa Dominar — Manuela Sampaio'
[2025-09-15 15:44:24] [ADMIN] DEBUG: [ADMIN_GENERATE] Linha 1 adicionada (X: 852, Y: 1350)
[2025-09-15 15:44:24] [ADMIN] DEBUG: [ADMIN_GENERATE] Linha 2 adicionada (X: 858, Y: 1410)
[2025-09-15 15:44:24] [ADMIN] DEBUG: [ADMIN_GENERATE] Duração da palestra adicionada (X: 2000, Y: 1570).
[2025-09-15 15:44:24] [ADMIN] DEBUG: [ADMIN_GENERATE] Data de emissão adicionada (X: 850, Y: 2330).
[2025-09-15 15:44:24] [ADMIN] DEBUG: [ADMIN_GENERATE] ID do certificado adicionado (X: 280, Y: 2430).
[2025-09-15 15:44:24] [ADMIN] DEBUG: URL de verificação gerada: https://v.translators101.com/verificar_certificado.php?id=4b96ac05-de18-43a5-8dfc-ccde2a0c3775
[2025-09-15 15:44:25] [ADMIN] DEBUG: QR Code colado na imagem base.
[2025-09-15 15:44:25] [ADMIN] DEBUG: [ADMIN_GENERATE] QR Code adicionado à imagem durante a geração (X: 2989, Y: 2131, Tamanho: 300).
[2025-09-15 15:44:29] [ADMIN] DEBUG: [ADMIN_GENERATE] imagepng() retornou SUCESSO. Verificando se o arquivo gerado é um PNG válido.
[2025-09-15 15:44:29] [ADMIN] INFO: [ADMIN_GENERATE] Certificado PNG gerado e salvo com sucesso em: /home/u335416710/domains/translators101.com/public_html/v/includes/../certificates/certificate_4b96ac05-de18-43a5-8dfc-ccde2a0c3775.png. É um PNG válido.
[2025-09-15 18:47:11] [VIEW] DEBUG: Script view_certificate_files.php iniciado.
[2025-09-15 18:47:11] [VIEW] DEBUG: ID do certificado recebido: 4b96ac05-de18-43a5-8dfc-ccde2a0c3775
[2025-09-15 18:47:11] [VIEW] DEBUG: Dados do certificado encontrados no banco de dados para ID: 4b96ac05-de18-43a5-8dfc-ccde2a0c3775
[2025-09-15 18:47:11] [VIEW] DEBUG: Arquivo PNG encontrado: /home/u335416710/domains/translators101.com/public_html/v/certificates/certificate_4b96ac05-de18-43a5-8dfc-ccde2a0c3775.png
[2025-09-15 18:47:11] [VIEW] DEBUG: Script view_certificate_files.php iniciado.
[2025-09-15 18:47:11] [VIEW] DEBUG: ID do certificado recebido: 4b96ac05-de18-43a5-8dfc-ccde2a0c3775
[2025-09-15 18:47:11] [VIEW] DEBUG: Dados do certificado encontrados no banco de dados para ID: 4b96ac05-de18-43a5-8dfc-ccde2a0c3775
[2025-09-15 18:47:11] [VIEW] DEBUG: Arquivo PNG encontrado: /home/u335416710/domains/translators101.com/public_html/v/certificates/certificate_4b96ac05-de18-43a5-8dfc-ccde2a0c3775.png
[2025-09-15 18:47:11] [VIEW] DEBUG: Mostrando imagem diretamente: Certificado_EulaliaNavarro.png
[2025-09-15 18:47:11] [VIEW] INFO: Imagem PNG enviada para visualização direta.
[2025-09-15 16:22:16] [ADMIN] DEBUG: [ADMIN_GENERATE] Iniciando geração de PNG para ID: 688948e4-6588-49cf-9a60-e626824421ab
[2025-09-15 16:22:16] [ADMIN] DEBUG: [ADMIN_GENERATE] Conversão UTF-8 aplicada para geração.
[2025-09-15 16:22:16] [ADMIN] DEBUG: [ADMIN_GENERATE] Dimensões do template: Largura=3509, Altura=2481
[2025-09-15 16:22:16] [ADMIN] DEBUG: [ADMIN_GENERATE] Procurando fontes TTF para geração...
[2025-09-15 16:22:16] [ADMIN] DEBUG: [ADMIN_GENERATE] Fonte TTF Bold encontrada em: /home/u335416710/domains/translators101.com/public_html/v/includes/../fonts/DejaVuSans-Bold.ttf
[2025-09-15 16:22:16] [ADMIN] DEBUG: [ADMIN_GENERATE] Fonte TTF padrão encontrada em: /home/u335416710/domains/translators101.com/public_html/v/includes/../fonts/DejaVuSans-Bold.ttf
[2025-09-15 16:22:16] [ADMIN] DEBUG: [ADMIN_GENERATE] Usando imagettftext para geração.
[2025-09-15 16:22:16] [ADMIN] DEBUG: [ADMIN_GENERATE] Nome do usuário adicionado (X: 1299, Y: 1100).
[2025-09-15 16:22:16] [ADMIN] DEBUG: [ADMIN_GENERATE] Processando título: 'S08E12 — Missão impossível? Não! Como gerenciar projetos de tradução sem pirar — Jerusa Marreti' (tamanho: 104 caracteres)
[2025-09-15 16:22:16] [ADMIN] DEBUG: [ADMIN_GENERATE] Título longo detectado - aplicando quebra de linha inteligente
[2025-09-15 16:22:16] [ADMIN] DEBUG: [ADMIN_GENERATE] Linha 1: 'S08E12 — Missão impossível? Não! Como gerenciar'
[2025-09-15 16:22:16] [ADMIN] DEBUG: [ADMIN_GENERATE] Linha 2: 'projetos de tradução sem pirar — Jerusa Marreti'
[2025-09-15 16:22:16] [ADMIN] DEBUG: [ADMIN_GENERATE] Linha 1 adicionada (X: 794, Y: 1350)
[2025-09-15 16:22:16] [ADMIN] DEBUG: [ADMIN_GENERATE] Linha 2 adicionada (X: 851, Y: 1410)
[2025-09-15 16:22:16] [ADMIN] DEBUG: [ADMIN_GENERATE] Duração da palestra adicionada (X: 2000, Y: 1570).
[2025-09-15 16:22:16] [ADMIN] DEBUG: [ADMIN_GENERATE] Data de emissão adicionada (X: 850, Y: 2330).
[2025-09-15 16:22:16] [ADMIN] DEBUG: [ADMIN_GENERATE] ID do certificado adicionado (X: 280, Y: 2430).
[2025-09-15 16:22:16] [ADMIN] DEBUG: URL de verificação gerada: https://v.translators101.com/verificar_certificado.php?id=688948e4-6588-49cf-9a60-e626824421ab
[2025-09-15 16:22:17] [ADMIN] DEBUG: QR Code colado na imagem base.
[2025-09-15 16:22:17] [ADMIN] DEBUG: [ADMIN_GENERATE] QR Code adicionado à imagem durante a geração (X: 2989, Y: 2131, Tamanho: 300).
[2025-09-15 16:22:21] [ADMIN] DEBUG: [ADMIN_GENERATE] imagepng() retornou SUCESSO. Verificando se o arquivo gerado é um PNG válido.
[2025-09-15 16:22:21] [ADMIN] INFO: [ADMIN_GENERATE] Certificado PNG gerado e salvo com sucesso em: /home/u335416710/domains/translators101.com/public_html/v/includes/../certificates/certificate_688948e4-6588-49cf-9a60-e626824421ab.png. É um PNG válido.
[2025-09-15 16:22:21] [ADMIN] DEBUG: [ADMIN_GENERATE] Iniciando geração de PNG para ID: 0d66e9c6-41af-4aac-87b7-0e38fdddcbb1
[2025-09-15 16:22:21] [ADMIN] DEBUG: [ADMIN_GENERATE] Conversão UTF-8 aplicada para geração.
[2025-09-15 16:22:21] [ADMIN] DEBUG: [ADMIN_GENERATE] Dimensões do template: Largura=3509, Altura=2481
[2025-09-15 16:22:21] [ADMIN] DEBUG: [ADMIN_GENERATE] Procurando fontes TTF para geração...
[2025-09-15 16:22:21] [ADMIN] DEBUG: [ADMIN_GENERATE] Fonte TTF Bold encontrada em: /home/u335416710/domains/translators101.com/public_html/v/includes/../fonts/DejaVuSans-Bold.ttf
[2025-09-15 16:22:21] [ADMIN] DEBUG: [ADMIN_GENERATE] Fonte TTF padrão encontrada em: /home/u335416710/domains/translators101.com/public_html/v/includes/../fonts/DejaVuSans-Bold.ttf
[2025-09-15 16:22:21] [ADMIN] DEBUG: [ADMIN_GENERATE] Usando imagettftext para geração.
[2025-09-15 16:22:21] [ADMIN] DEBUG: [ADMIN_GENERATE] Nome do usuário adicionado (X: 1299, Y: 1100).
[2025-09-15 16:22:21] [ADMIN] DEBUG: [ADMIN_GENERATE] Processando título: 'S08E11 — Tradução e revisão de artigos científicos em inglês: desafios e estratégias para tradutores profissionais — Marina Araujo' (tamanho: 140 caracteres)
[2025-09-15 16:22:21] [ADMIN] DEBUG: [ADMIN_GENERATE] Título longo detectado - aplicando quebra de linha inteligente
[2025-09-15 16:22:21] [ADMIN] DEBUG: [ADMIN_GENERATE] Linha 1: 'S08E11 — Tradução e revisão de artigos em inglês:'
[2025-09-15 16:22:21] [ADMIN] DEBUG: [ADMIN_GENERATE] Linha 2: 'científicos desafios e estratégias para tradutores profissionais — Marina Araujo'
[2025-09-15 16:22:21] [ADMIN] DEBUG: [ADMIN_GENERATE] Linha 1 adicionada (X: 799.5, Y: 1350)
[2025-09-15 16:22:21] [ADMIN] DEBUG: [ADMIN_GENERATE] Linha 2 adicionada (X: 256, Y: 1410)
[2025-09-15 16:22:21] [ADMIN] DEBUG: [ADMIN_GENERATE] Duração da palestra adicionada (X: 2000, Y: 1570).
[2025-09-15 16:22:21] [ADMIN] DEBUG: [ADMIN_GENERATE] Data de emissão adicionada (X: 850, Y: 2330).
[2025-09-15 16:22:21] [ADMIN] DEBUG: [ADMIN_GENERATE] ID do certificado adicionado (X: 280, Y: 2430).
[2025-09-15 16:22:21] [ADMIN] DEBUG: URL de verificação gerada: https://v.translators101.com/verificar_certificado.php?id=0d66e9c6-41af-4aac-87b7-0e38fdddcbb1
[2025-09-15 16:22:22] [ADMIN] DEBUG: QR Code colado na imagem base.
[2025-09-15 16:22:22] [ADMIN] DEBUG: [ADMIN_GENERATE] QR Code adicionado à imagem durante a geração (X: 2989, Y: 2131, Tamanho: 300).
[2025-09-15 16:22:26] [ADMIN] DEBUG: [ADMIN_GENERATE] imagepng() retornou SUCESSO. Verificando se o arquivo gerado é um PNG válido.
[2025-09-15 16:22:26] [ADMIN] INFO: [ADMIN_GENERATE] Certificado PNG gerado e salvo com sucesso em: /home/u335416710/domains/translators101.com/public_html/v/includes/../certificates/certificate_0d66e9c6-41af-4aac-87b7-0e38fdddcbb1.png. É um PNG válido.
[2025-09-15 16:22:26] [ADMIN] DEBUG: [ADMIN_GENERATE] Iniciando geração de PNG para ID: e0090988-87a0-4d36-ac12-8be208fe76e5
[2025-09-15 16:22:26] [ADMIN] DEBUG: [ADMIN_GENERATE] Conversão UTF-8 aplicada para geração.
[2025-09-15 16:22:26] [ADMIN] DEBUG: [ADMIN_GENERATE] Dimensões do template: Largura=3509, Altura=2481
[2025-09-15 16:22:26] [ADMIN] DEBUG: [ADMIN_GENERATE] Procurando fontes TTF para geração...
[2025-09-15 16:22:26] [ADMIN] DEBUG: [ADMIN_GENERATE] Fonte TTF Bold encontrada em: /home/u335416710/domains/translators101.com/public_html/v/includes/../fonts/DejaVuSans-Bold.ttf
[2025-09-15 16:22:26] [ADMIN] DEBUG: [ADMIN_GENERATE] Fonte TTF padrão encontrada em: /home/u335416710/domains/translators101.com/public_html/v/includes/../fonts/DejaVuSans-Bold.ttf
[2025-09-15 16:22:26] [ADMIN] DEBUG: [ADMIN_GENERATE] Usando imagettftext para geração.
[2025-09-15 16:22:26] [ADMIN] DEBUG: [ADMIN_GENERATE] Nome do usuário adicionado (X: 1299, Y: 1100).
[2025-09-15 16:22:26] [ADMIN] DEBUG: [ADMIN_GENERATE] Processando título: 'S08E09 — Como integrar a ModernMT a seu fluxo de trabalho — Val Ivonica' (tamanho: 75 caracteres)
[2025-09-15 16:22:26] [ADMIN] DEBUG: [ADMIN_GENERATE] Título longo detectado - aplicando quebra de linha inteligente
[2025-09-15 16:22:26] [ADMIN] DEBUG: [ADMIN_GENERATE] Linha 1: 'S08E09 — Como integrar a ModernMT a seu fluxo de'
[2025-09-15 16:22:26] [ADMIN] DEBUG: [ADMIN_GENERATE] Linha 2: 'trabalho — Val Ivonica'
[2025-09-15 16:22:26] [ADMIN] DEBUG: [ADMIN_GENERATE] Linha 1 adicionada (X: 773, Y: 1350)
[2025-09-15 16:22:26] [ADMIN] DEBUG: [ADMIN_GENERATE] Linha 2 adicionada (X: 1336, Y: 1410)
[2025-09-15 16:22:26] [ADMIN] DEBUG: [ADMIN_GENERATE] Duração da palestra adicionada (X: 2000, Y: 1570).
[2025-09-15 16:22:26] [ADMIN] DEBUG: [ADMIN_GENERATE] Data de emissão adicionada (X: 850, Y: 2330).
[2025-09-15 16:22:26] [ADMIN] DEBUG: [ADMIN_GENERATE] ID do certificado adicionado (X: 280, Y: 2430).
[2025-09-15 16:22:26] [ADMIN] DEBUG: URL de verificação gerada: https://v.translators101.com/verificar_certificado.php?id=e0090988-87a0-4d36-ac12-8be208fe76e5
[2025-09-15 16:22:27] [ADMIN] DEBUG: QR Code colado na imagem base.
[2025-09-15 16:22:27] [ADMIN] DEBUG: [ADMIN_GENERATE] QR Code adicionado à imagem durante a geração (X: 2989, Y: 2131, Tamanho: 300).
[2025-09-15 16:22:31] [ADMIN] DEBUG: [ADMIN_GENERATE] imagepng() retornou SUCESSO. Verificando se o arquivo gerado é um PNG válido.
[2025-09-15 16:22:31] [ADMIN] INFO: [ADMIN_GENERATE] Certificado PNG gerado e salvo com sucesso em: /home/u335416710/domains/translators101.com/public_html/v/includes/../certificates/certificate_e0090988-87a0-4d36-ac12-8be208fe76e5.png. É um PNG válido.
[2025-09-15 16:22:31] [ADMIN] DEBUG: [ADMIN_GENERATE] Iniciando geração de PNG para ID: bdb0e266-7d2f-4979-8df8-f50f23ad0918
[2025-09-15 16:22:31] [ADMIN] DEBUG: [ADMIN_GENERATE] Conversão UTF-8 aplicada para geração.
[2025-09-15 16:22:31] [ADMIN] DEBUG: [ADMIN_GENERATE] Dimensões do template: Largura=3509, Altura=2481
[2025-09-15 16:22:31] [ADMIN] DEBUG: [ADMIN_GENERATE] Procurando fontes TTF para geração...
[2025-09-15 16:22:31] [ADMIN] DEBUG: [ADMIN_GENERATE] Fonte TTF Bold encontrada em: /home/u335416710/domains/translators101.com/public_html/v/includes/../fonts/DejaVuSans-Bold.ttf
[2025-09-15 16:22:31] [ADMIN] DEBUG: [ADMIN_GENERATE] Fonte TTF padrão encontrada em: /home/u335416710/domains/translators101.com/public_html/v/includes/../fonts/DejaVuSans-Bold.ttf
[2025-09-15 16:22:31] [ADMIN] DEBUG: [ADMIN_GENERATE] Usando imagettftext para geração.
[2025-09-15 16:22:31] [ADMIN] DEBUG: [ADMIN_GENERATE] Nome do usuário adicionado (X: 1299, Y: 1100).
[2025-09-15 16:22:31] [ADMIN] DEBUG: [ADMIN_GENERATE] Processando título: 'S08E08 — Espelho, espelho na parede? Nem sempre é traduzindo que se traduz — Luiza Levy e Renato R. Geraldes' (tamanho: 113 caracteres)
[2025-09-15 16:22:31] [ADMIN] DEBUG: [ADMIN_GENERATE] Título longo detectado - aplicando quebra de linha inteligente
[2025-09-15 16:22:31] [ADMIN] DEBUG: [ADMIN_GENERATE] Linha 1: 'S08E08 — Espelho, espelho na parede? Nem sempre é'
[2025-09-15 16:22:31] [ADMIN] DEBUG: [ADMIN_GENERATE] Linha 2: 'traduzindo que se traduz — Luiza Levy e Renato R. Geraldes'
[2025-09-15 16:22:31] [ADMIN] DEBUG: [ADMIN_GENERATE] Linha 1 adicionada (X: 740.5, Y: 1350)
[2025-09-15 16:22:31] [ADMIN] DEBUG: [ADMIN_GENERATE] Linha 2 adicionada (X: 622.5, Y: 1410)
[2025-09-15 16:22:31] [ADMIN] DEBUG: [ADMIN_GENERATE] Duração da palestra adicionada (X: 2000, Y: 1570).
[2025-09-15 16:22:31] [ADMIN] DEBUG: [ADMIN_GENERATE] Data de emissão adicionada (X: 850, Y: 2330).
[2025-09-15 16:22:31] [ADMIN] DEBUG: [ADMIN_GENERATE] ID do certificado adicionado (X: 280, Y: 2430).
[2025-09-15 16:22:31] [ADMIN] DEBUG: URL de verificação gerada: https://v.translators101.com/verificar_certificado.php?id=bdb0e266-7d2f-4979-8df8-f50f23ad0918
[2025-09-15 16:22:32] [ADMIN] DEBUG: QR Code colado na imagem base.
[2025-09-15 16:22:32] [ADMIN] DEBUG: [ADMIN_GENERATE] QR Code adicionado à imagem durante a geração (X: 2989, Y: 2131, Tamanho: 300).
[2025-09-15 16:22:36] [ADMIN] DEBUG: [ADMIN_GENERATE] imagepng() retornou SUCESSO. Verificando se o arquivo gerado é um PNG válido.
[2025-09-15 16:22:36] [ADMIN] INFO: [ADMIN_GENERATE] Certificado PNG gerado e salvo com sucesso em: /home/u335416710/domains/translators101.com/public_html/v/includes/../certificates/certificate_bdb0e266-7d2f-4979-8df8-f50f23ad0918.png. É um PNG válido.
[2025-09-15 16:22:36] [ADMIN] DEBUG: [ADMIN_GENERATE] Iniciando geração de PNG para ID: 02a1cfb4-3936-4849-a11e-f7c29e75bfdb
[2025-09-15 16:22:36] [ADMIN] DEBUG: [ADMIN_GENERATE] Conversão UTF-8 aplicada para geração.
[2025-09-15 16:22:36] [ADMIN] DEBUG: [ADMIN_GENERATE] Dimensões do template: Largura=3509, Altura=2481
[2025-09-15 16:22:36] [ADMIN] DEBUG: [ADMIN_GENERATE] Procurando fontes TTF para geração...
[2025-09-15 16:22:36] [ADMIN] DEBUG: [ADMIN_GENERATE] Fonte TTF Bold encontrada em: /home/u335416710/domains/translators101.com/public_html/v/includes/../fonts/DejaVuSans-Bold.ttf
[2025-09-15 16:22:36] [ADMIN] DEBUG: [ADMIN_GENERATE] Fonte TTF padrão encontrada em: /home/u335416710/domains/translators101.com/public_html/v/includes/../fonts/DejaVuSans-Bold.ttf
[2025-09-15 16:22:36] [ADMIN] DEBUG: [ADMIN_GENERATE] Usando imagettftext para geração.
[2025-09-15 16:22:36] [ADMIN] DEBUG: [ADMIN_GENERATE] Nome do usuário adicionado (X: 1299, Y: 1100).
[2025-09-15 16:22:36] [ADMIN] DEBUG: [ADMIN_GENERATE] Processando título: 'S08E07 — Regex aplicado ao memoQ — Matheus Fabris' (tamanho: 53 caracteres)
[2025-09-15 16:22:36] [ADMIN] DEBUG: [ADMIN_GENERATE] Título curto - usando layout centralizado
[2025-09-15 16:22:36] [ADMIN] DEBUG: [ADMIN_GENERATE] Título curto centralizado adicionado (X: 301.5, Y: 1400)
[2025-09-15 16:22:36] [ADMIN] DEBUG: [ADMIN_GENERATE] Duração da palestra adicionada (X: 2000, Y: 1570).
[2025-09-15 16:22:36] [ADMIN] DEBUG: [ADMIN_GENERATE] Data de emissão adicionada (X: 850, Y: 2330).
[2025-09-15 16:22:36] [ADMIN] DEBUG: [ADMIN_GENERATE] ID do certificado adicionado (X: 280, Y: 2430).
[2025-09-15 16:22:36] [ADMIN] DEBUG: URL de verificação gerada: https://v.translators101.com/verificar_certificado.php?id=02a1cfb4-3936-4849-a11e-f7c29e75bfdb
[2025-09-15 16:22:37] [ADMIN] DEBUG: QR Code colado na imagem base.
[2025-09-15 16:22:37] [ADMIN] DEBUG: [ADMIN_GENERATE] QR Code adicionado à imagem durante a geração (X: 2989, Y: 2131, Tamanho: 300).
[2025-09-15 16:22:40] [ADMIN] DEBUG: [ADMIN_GENERATE] imagepng() retornou SUCESSO. Verificando se o arquivo gerado é um PNG válido.
[2025-09-15 16:22:40] [ADMIN] INFO: [ADMIN_GENERATE] Certificado PNG gerado e salvo com sucesso em: /home/u335416710/domains/translators101.com/public_html/v/includes/../certificates/certificate_02a1cfb4-3936-4849-a11e-f7c29e75bfdb.png. É um PNG válido.
[2025-09-15 16:22:41] [ADMIN] DEBUG: [ADMIN_GENERATE] Iniciando geração de PNG para ID: 6f927885-7394-4968-acfd-a15a79c93fac
[2025-09-15 16:22:41] [ADMIN] DEBUG: [ADMIN_GENERATE] Conversão UTF-8 aplicada para geração.
[2025-09-15 16:22:41] [ADMIN] DEBUG: [ADMIN_GENERATE] Dimensões do template: Largura=3509, Altura=2481
[2025-09-15 16:22:41] [ADMIN] DEBUG: [ADMIN_GENERATE] Procurando fontes TTF para geração...
[2025-09-15 16:22:41] [ADMIN] DEBUG: [ADMIN_GENERATE] Fonte TTF Bold encontrada em: /home/u335416710/domains/translators101.com/public_html/v/includes/../fonts/DejaVuSans-Bold.ttf
[2025-09-15 16:22:41] [ADMIN] DEBUG: [ADMIN_GENERATE] Fonte TTF padrão encontrada em: /home/u335416710/domains/translators101.com/public_html/v/includes/../fonts/DejaVuSans-Bold.ttf
[2025-09-15 16:22:41] [ADMIN] DEBUG: [ADMIN_GENERATE] Usando imagettftext para geração.
[2025-09-15 16:22:41] [ADMIN] DEBUG: [ADMIN_GENERATE] Nome do usuário adicionado (X: 1299, Y: 1100).
[2025-09-15 16:22:41] [ADMIN] DEBUG: [ADMIN_GENERATE] Processando título: 'S08E06 — Tradução e tecnologia: até que ponto elas caminham juntas? — Simone Brito' (tamanho: 89 caracteres)
[2025-09-15 16:22:41] [ADMIN] DEBUG: [ADMIN_GENERATE] Título longo detectado - aplicando quebra de linha inteligente
[2025-09-15 16:22:41] [ADMIN] DEBUG: [ADMIN_GENERATE] Linha 1: 'S08E06 — Tradução e tecnologia: até que ponto elas'
[2025-09-15 16:22:41] [ADMIN] DEBUG: [ADMIN_GENERATE] Linha 2: 'caminham juntas? — Simone Brito'
[2025-09-15 16:22:41] [ADMIN] DEBUG: [ADMIN_GENERATE] Linha 1 adicionada (X: 773, Y: 1350)
[2025-09-15 16:22:41] [ADMIN] DEBUG: [ADMIN_GENERATE] Linha 2 adicionada (X: 1116.5, Y: 1410)
[2025-09-15 16:22:41] [ADMIN] DEBUG: [ADMIN_GENERATE] Duração da palestra adicionada (X: 2000, Y: 1570).
[2025-09-15 16:22:41] [ADMIN] DEBUG: [ADMIN_GENERATE] Data de emissão adicionada (X: 850, Y: 2330).
[2025-09-15 16:22:41] [ADMIN] DEBUG: [ADMIN_GENERATE] ID do certificado adicionado (X: 280, Y: 2430).
[2025-09-15 16:22:41] [ADMIN] DEBUG: URL de verificação gerada: https://v.translators101.com/verificar_certificado.php?id=6f927885-7394-4968-acfd-a15a79c93fac
[2025-09-15 16:22:42] [ADMIN] DEBUG: QR Code colado na imagem base.
[2025-09-15 16:22:42] [ADMIN] DEBUG: [ADMIN_GENERATE] QR Code adicionado à imagem durante a geração (X: 2989, Y: 2131, Tamanho: 300).
[2025-09-15 16:22:45] [ADMIN] DEBUG: [ADMIN_GENERATE] imagepng() retornou SUCESSO. Verificando se o arquivo gerado é um PNG válido.
[2025-09-15 16:22:45] [ADMIN] INFO: [ADMIN_GENERATE] Certificado PNG gerado e salvo com sucesso em: /home/u335416710/domains/translators101.com/public_html/v/includes/../certificates/certificate_6f927885-7394-4968-acfd-a15a79c93fac.png. É um PNG válido.
[2025-09-15 16:22:46] [ADMIN] DEBUG: [ADMIN_GENERATE] Iniciando geração de PNG para ID: c221347a-0f5b-45e7-ad22-17aedc95581a
[2025-09-15 16:22:46] [ADMIN] DEBUG: [ADMIN_GENERATE] Conversão UTF-8 aplicada para geração.
[2025-09-15 16:22:46] [ADMIN] DEBUG: [ADMIN_GENERATE] Dimensões do template: Largura=3509, Altura=2481
[2025-09-15 16:22:46] [ADMIN] DEBUG: [ADMIN_GENERATE] Procurando fontes TTF para geração...
[2025-09-15 16:22:46] [ADMIN] DEBUG: [ADMIN_GENERATE] Fonte TTF Bold encontrada em: /home/u335416710/domains/translators101.com/public_html/v/includes/../fonts/DejaVuSans-Bold.ttf
[2025-09-15 16:22:46] [ADMIN] DEBUG: [ADMIN_GENERATE] Fonte TTF padrão encontrada em: /home/u335416710/domains/translators101.com/public_html/v/includes/../fonts/DejaVuSans-Bold.ttf
[2025-09-15 16:22:46] [ADMIN] DEBUG: [ADMIN_GENERATE] Usando imagettftext para geração.
[2025-09-15 16:22:46] [ADMIN] DEBUG: [ADMIN_GENERATE] Nome do usuário adicionado (X: 1299, Y: 1100).
[2025-09-15 16:22:46] [ADMIN] DEBUG: [ADMIN_GENERATE] Processando título: 'S08E04 — Localizando aplicativos móveis: uma jornada desafiadora e limitante! — Bruna Beatriz' (tamanho: 98 caracteres)
[2025-09-15 16:22:46] [ADMIN] DEBUG: [ADMIN_GENERATE] Título longo detectado - aplicando quebra de linha inteligente
[2025-09-15 16:22:46] [ADMIN] DEBUG: [ADMIN_GENERATE] Linha 1: 'S08E04 — Localizando aplicativos móveis: uma jornada'
[2025-09-15 16:22:46] [ADMIN] DEBUG: [ADMIN_GENERATE] Linha 2: 'desafiadora e limitante! — Bruna Beatriz'
[2025-09-15 16:22:46] [ADMIN] DEBUG: [ADMIN_GENERATE] Linha 1 adicionada (X: 720.5, Y: 1350)
[2025-09-15 16:22:46] [ADMIN] DEBUG: [ADMIN_GENERATE] Linha 2 adicionada (X: 990.5, Y: 1410)
[2025-09-15 16:22:46] [ADMIN] DEBUG: [ADMIN_GENERATE] Duração da palestra adicionada (X: 2000, Y: 1570).
[2025-09-15 16:22:46] [ADMIN] DEBUG: [ADMIN_GENERATE] Data de emissão adicionada (X: 850, Y: 2330).
[2025-09-15 16:22:46] [ADMIN] DEBUG: [ADMIN_GENERATE] ID do certificado adicionado (X: 280, Y: 2430).
[2025-09-15 16:22:46] [ADMIN] DEBUG: URL de verificação gerada: https://v.translators101.com/verificar_certificado.php?id=c221347a-0f5b-45e7-ad22-17aedc95581a
[2025-09-15 16:22:47] [ADMIN] DEBUG: QR Code colado na imagem base.
[2025-09-15 16:22:47] [ADMIN] DEBUG: [ADMIN_GENERATE] QR Code adicionado à imagem durante a geração (X: 2989, Y: 2131, Tamanho: 300).
[2025-09-15 16:22:50] [ADMIN] DEBUG: [ADMIN_GENERATE] imagepng() retornou SUCESSO. Verificando se o arquivo gerado é um PNG válido.
[2025-09-15 16:22:50] [ADMIN] INFO: [ADMIN_GENERATE] Certificado PNG gerado e salvo com sucesso em: /home/u335416710/domains/translators101.com/public_html/v/includes/../certificates/certificate_c221347a-0f5b-45e7-ad22-17aedc95581a.png. É um PNG válido.
[2025-09-15 16:22:51] [ADMIN] DEBUG: [ADMIN_GENERATE] Iniciando geração de PNG para ID: 2618ce60-2ab8-4bd2-bd17-69184f2d403e
[2025-09-15 16:22:51] [ADMIN] DEBUG: [ADMIN_GENERATE] Conversão UTF-8 aplicada para geração.
[2025-09-15 16:22:51] [ADMIN] DEBUG: [ADMIN_GENERATE] Dimensões do template: Largura=3509, Altura=2481
[2025-09-15 16:22:51] [ADMIN] DEBUG: [ADMIN_GENERATE] Procurando fontes TTF para geração...
[2025-09-15 16:22:51] [ADMIN] DEBUG: [ADMIN_GENERATE] Fonte TTF Bold encontrada em: /home/u335416710/domains/translators101.com/public_html/v/includes/../fonts/DejaVuSans-Bold.ttf
[2025-09-15 16:22:51] [ADMIN] DEBUG: [ADMIN_GENERATE] Fonte TTF padrão encontrada em: /home/u335416710/domains/translators101.com/public_html/v/includes/../fonts/DejaVuSans-Bold.ttf
[2025-09-15 16:22:51] [ADMIN] DEBUG: [ADMIN_GENERATE] Usando imagettftext para geração.
[2025-09-15 16:22:51] [ADMIN] DEBUG: [ADMIN_GENERATE] Nome do usuário adicionado (X: 1299, Y: 1100).
[2025-09-15 16:22:51] [ADMIN] DEBUG: [ADMIN_GENERATE] Processando título: 'S08E02 — Manipulando a IA Generativa — Inteligências Artificiais, Perigos Reais — Marcus Mangetti' (tamanho: 104 caracteres)
[2025-09-15 16:22:51] [ADMIN] DEBUG: [ADMIN_GENERATE] Título longo detectado - aplicando quebra de linha inteligente
[2025-09-15 16:22:51] [ADMIN] DEBUG: [ADMIN_GENERATE] Linha 1: 'S08E02 — Manipulando a IA Generativa —'
[2025-09-15 16:22:51] [ADMIN] DEBUG: [ADMIN_GENERATE] Linha 2: 'Inteligências Artificiais, Perigos Reais — Marcus Mangetti'
[2025-09-15 16:22:51] [ADMIN] DEBUG: [ADMIN_GENERATE] Linha 1 adicionada (X: 972.5, Y: 1350)
[2025-09-15 16:22:51] [ADMIN] DEBUG: [ADMIN_GENERATE] Linha 2 adicionada (X: 675.5, Y: 1410)
[2025-09-15 16:22:51] [ADMIN] DEBUG: [ADMIN_GENERATE] Duração da palestra adicionada (X: 2000, Y: 1570).
[2025-09-15 16:22:51] [ADMIN] DEBUG: [ADMIN_GENERATE] Data de emissão adicionada (X: 850, Y: 2330).
[2025-09-15 16:22:51] [ADMIN] DEBUG: [ADMIN_GENERATE] ID do certificado adicionado (X: 280, Y: 2430).
[2025-09-15 16:22:51] [ADMIN] DEBUG: URL de verificação gerada: https://v.translators101.com/verificar_certificado.php?id=2618ce60-2ab8-4bd2-bd17-69184f2d403e
[2025-09-15 16:22:52] [ADMIN] DEBUG: QR Code colado na imagem base.
[2025-09-15 16:22:52] [ADMIN] DEBUG: [ADMIN_GENERATE] QR Code adicionado à imagem durante a geração (X: 2989, Y: 2131, Tamanho: 300).
[2025-09-15 16:22:55] [ADMIN] DEBUG: [ADMIN_GENERATE] imagepng() retornou SUCESSO. Verificando se o arquivo gerado é um PNG válido.
[2025-09-15 16:22:55] [ADMIN] INFO: [ADMIN_GENERATE] Certificado PNG gerado e salvo com sucesso em: /home/u335416710/domains/translators101.com/public_html/v/includes/../certificates/certificate_2618ce60-2ab8-4bd2-bd17-69184f2d403e.png. É um PNG válido.
[2025-09-15 16:22:56] [ADMIN] DEBUG: [ADMIN_GENERATE] Iniciando geração de PNG para ID: f746df70-214a-4fee-bfc7-619873f8dfd5
[2025-09-15 16:22:56] [ADMIN] DEBUG: [ADMIN_GENERATE] Conversão UTF-8 aplicada para geração.
[2025-09-15 16:22:56] [ADMIN] DEBUG: [ADMIN_GENERATE] Dimensões do template: Largura=3509, Altura=2481
[2025-09-15 16:22:56] [ADMIN] DEBUG: [ADMIN_GENERATE] Procurando fontes TTF para geração...
[2025-09-15 16:22:56] [ADMIN] DEBUG: [ADMIN_GENERATE] Fonte TTF Bold encontrada em: /home/u335416710/domains/translators101.com/public_html/v/includes/../fonts/DejaVuSans-Bold.ttf
[2025-09-15 16:22:56] [ADMIN] DEBUG: [ADMIN_GENERATE] Fonte TTF padrão encontrada em: /home/u335416710/domains/translators101.com/public_html/v/includes/../fonts/DejaVuSans-Bold.ttf
[2025-09-15 16:22:56] [ADMIN] DEBUG: [ADMIN_GENERATE] Usando imagettftext para geração.
[2025-09-15 16:22:56] [ADMIN] DEBUG: [ADMIN_GENERATE] Nome do usuário adicionado (X: 1299, Y: 1100).
[2025-09-15 16:22:56] [ADMIN] DEBUG: [ADMIN_GENERATE] Processando título: 'S08E01 — LinkedIn para Tradutores: O Caminho das Pedras (e os Tiros no Pé) — Karine Souto' (tamanho: 94 caracteres)
[2025-09-15 16:22:56] [ADMIN] DEBUG: [ADMIN_GENERATE] Título longo detectado - aplicando quebra de linha inteligente
[2025-09-15 16:22:56] [ADMIN] DEBUG: [ADMIN_GENERATE] Linha 1: 'S08E01 — LinkedIn para Tradutores: O Caminho das'
[2025-09-15 16:22:56] [ADMIN] DEBUG: [ADMIN_GENERATE] Linha 2: 'Pedras (e os Tiros no Pé) — Karine Souto'
[2025-09-15 16:22:56] [ADMIN] DEBUG: [ADMIN_GENERATE] Linha 1 adicionada (X: 784.5, Y: 1350)
[2025-09-15 16:22:56] [ADMIN] DEBUG: [ADMIN_GENERATE] Linha 2 adicionada (X: 989, Y: 1410)
[2025-09-15 16:22:56] [ADMIN] DEBUG: [ADMIN_GENERATE] Duração da palestra adicionada (X: 2000, Y: 1570).
[2025-09-15 16:22:56] [ADMIN] DEBUG: [ADMIN_GENERATE] Data de emissão adicionada (X: 850, Y: 2330).
[2025-09-15 16:22:56] [ADMIN] DEBUG: [ADMIN_GENERATE] ID do certificado adicionado (X: 280, Y: 2430).
[2025-09-15 16:22:56] [ADMIN] DEBUG: URL de verificação gerada: https://v.translators101.com/verificar_certificado.php?id=f746df70-214a-4fee-bfc7-619873f8dfd5
[2025-09-15 16:22:57] [ADMIN] DEBUG: QR Code colado na imagem base.
[2025-09-15 16:22:57] [ADMIN] DEBUG: [ADMIN_GENERATE] QR Code adicionado à imagem durante a geração (X: 2989, Y: 2131, Tamanho: 300).
[2025-09-15 16:23:00] [ADMIN] DEBUG: [ADMIN_GENERATE] imagepng() retornou SUCESSO. Verificando se o arquivo gerado é um PNG válido.
[2025-09-15 16:23:00] [ADMIN] INFO: [ADMIN_GENERATE] Certificado PNG gerado e salvo com sucesso em: /home/u335416710/domains/translators101.com/public_html/v/includes/../certificates/certificate_f746df70-214a-4fee-bfc7-619873f8dfd5.png. É um PNG válido.
[2025-09-15 16:26:54] [ADMIN] DEBUG: [ADMIN_GENERATE] Iniciando geração de PNG para ID: acc32b04-60a8-403e-b335-76361d9146e1
[2025-09-15 16:26:54] [ADMIN] DEBUG: [ADMIN_GENERATE] Conversão UTF-8 aplicada para geração.
[2025-09-15 16:26:54] [ADMIN] DEBUG: [ADMIN_GENERATE] Dimensões do template: Largura=3509, Altura=2481
[2025-09-15 16:26:54] [ADMIN] DEBUG: [ADMIN_GENERATE] Procurando fontes TTF para geração...
[2025-09-15 16:26:54] [ADMIN] DEBUG: [ADMIN_GENERATE] Fonte TTF Bold encontrada em: /home/u335416710/domains/translators101.com/public_html/v/includes/../fonts/DejaVuSans-Bold.ttf
[2025-09-15 16:26:54] [ADMIN] DEBUG: [ADMIN_GENERATE] Fonte TTF padrão encontrada em: /home/u335416710/domains/translators101.com/public_html/v/includes/../fonts/DejaVuSans-Bold.ttf
[2025-09-15 16:26:54] [ADMIN] DEBUG: [ADMIN_GENERATE] Usando imagettftext para geração.
[2025-09-15 16:26:54] [ADMIN] DEBUG: [ADMIN_GENERATE] Nome do usuário adicionado (X: 1299, Y: 1100).
[2025-09-15 16:26:54] [ADMIN] DEBUG: [ADMIN_GENERATE] Processando título: 'S08E03 — O mundo dos mods no PC gaming; e como traduzi-los pode abrir portas! — Jean Trindade' (tamanho: 97 caracteres)
[2025-09-15 16:26:54] [ADMIN] DEBUG: [ADMIN_GENERATE] Título longo detectado - aplicando quebra de linha inteligente
[2025-09-15 16:26:54] [ADMIN] DEBUG: [ADMIN_GENERATE] Linha 1: 'S08E03 — O mundo dos mods no PC gaming; e como'
[2025-09-15 16:26:54] [ADMIN] DEBUG: [ADMIN_GENERATE] Linha 2: 'traduzi-los pode abrir portas! — Jean Trindade'
[2025-09-15 16:26:54] [ADMIN] DEBUG: [ADMIN_GENERATE] Linha 1 adicionada (X: 772.5, Y: 1350)
[2025-09-15 16:26:54] [ADMIN] DEBUG: [ADMIN_GENERATE] Linha 2 adicionada (X: 887, Y: 1410)
[2025-09-15 16:26:54] [ADMIN] DEBUG: [ADMIN_GENERATE] Duração da palestra adicionada (X: 2000, Y: 1570).
[2025-09-15 16:26:54] [ADMIN] DEBUG: [ADMIN_GENERATE] Data de emissão adicionada (X: 850, Y: 2330).
[2025-09-15 16:26:54] [ADMIN] DEBUG: [ADMIN_GENERATE] ID do certificado adicionado (X: 280, Y: 2430).
[2025-09-15 16:26:54] [ADMIN] DEBUG: URL de verificação gerada: https://v.translators101.com/verificar_certificado.php?id=acc32b04-60a8-403e-b335-76361d9146e1
[2025-09-15 16:26:55] [ADMIN] DEBUG: QR Code colado na imagem base.
[2025-09-15 16:26:55] [ADMIN] DEBUG: [ADMIN_GENERATE] QR Code adicionado à imagem durante a geração (X: 2989, Y: 2131, Tamanho: 300).
[2025-09-15 16:26:58] [ADMIN] DEBUG: [ADMIN_GENERATE] imagepng() retornou SUCESSO. Verificando se o arquivo gerado é um PNG válido.
[2025-09-15 16:26:58] [ADMIN] INFO: [ADMIN_GENERATE] Certificado PNG gerado e salvo com sucesso em: /home/u335416710/domains/translators101.com/public_html/v/includes/../certificates/certificate_acc32b04-60a8-403e-b335-76361d9146e1.png. É um PNG válido.
[2025-09-15 16:26:59] [ADMIN] DEBUG: [ADMIN_GENERATE] Iniciando geração de PNG para ID: 3eceb2c6-bc4a-4151-82ee-978689aee2d0
[2025-09-15 16:26:59] [ADMIN] DEBUG: [ADMIN_GENERATE] Conversão UTF-8 aplicada para geração.
[2025-09-15 16:26:59] [ADMIN] DEBUG: [ADMIN_GENERATE] Dimensões do template: Largura=3509, Altura=2481
[2025-09-15 16:26:59] [ADMIN] DEBUG: [ADMIN_GENERATE] Procurando fontes TTF para geração...
[2025-09-15 16:26:59] [ADMIN] DEBUG: [ADMIN_GENERATE] Fonte TTF Bold encontrada em: /home/u335416710/domains/translators101.com/public_html/v/includes/../fonts/DejaVuSans-Bold.ttf
[2025-09-15 16:26:59] [ADMIN] DEBUG: [ADMIN_GENERATE] Fonte TTF padrão encontrada em: /home/u335416710/domains/translators101.com/public_html/v/includes/../fonts/DejaVuSans-Bold.ttf
[2025-09-15 16:26:59] [ADMIN] DEBUG: [ADMIN_GENERATE] Usando imagettftext para geração.
[2025-09-15 16:26:59] [ADMIN] DEBUG: [ADMIN_GENERATE] Nome do usuário adicionado (X: 1299, Y: 1100).
[2025-09-15 16:26:59] [ADMIN] DEBUG: [ADMIN_GENERATE] Processando título: 'S07E51 — Entre Palavras e Mistérios: A Arte de Traduzir Arsène Lupin — Marco Hruschka, Luigi Ricciardi e Rafael Silvaro' (tamanho: 125 caracteres)
[2025-09-15 16:26:59] [ADMIN] DEBUG: [ADMIN_GENERATE] Título longo detectado - aplicando quebra de linha inteligente
[2025-09-15 16:26:59] [ADMIN] DEBUG: [ADMIN_GENERATE] Linha 1: 'S07E51 — Entre Palavras e Mistérios: A Arte de'
[2025-09-15 16:26:59] [ADMIN] DEBUG: [ADMIN_GENERATE] Linha 2: 'Traduzir Arsène Lupin — Marco Hruschka, Luigi Ricciardi e Rafael Silvaro'
[2025-09-15 16:26:59] [ADMIN] DEBUG: [ADMIN_GENERATE] Linha 1 adicionada (X: 868.5, Y: 1350)
[2025-09-15 16:26:59] [ADMIN] DEBUG: [ADMIN_GENERATE] Linha 2 adicionada (X: 391, Y: 1410)
[2025-09-15 16:26:59] [ADMIN] DEBUG: [ADMIN_GENERATE] Duração da palestra adicionada (X: 2000, Y: 1570).
[2025-09-15 16:26:59] [ADMIN] DEBUG: [ADMIN_GENERATE] Data de emissão adicionada (X: 850, Y: 2330).
[2025-09-15 16:26:59] [ADMIN] DEBUG: [ADMIN_GENERATE] ID do certificado adicionado (X: 280, Y: 2430).
[2025-09-15 16:26:59] [ADMIN] DEBUG: URL de verificação gerada: https://v.translators101.com/verificar_certificado.php?id=3eceb2c6-bc4a-4151-82ee-978689aee2d0
[2025-09-15 16:27:00] [ADMIN] DEBUG: QR Code colado na imagem base.
[2025-09-15 16:27:00] [ADMIN] DEBUG: [ADMIN_GENERATE] QR Code adicionado à imagem durante a geração (X: 2989, Y: 2131, Tamanho: 300).
[2025-09-15 16:27:04] [ADMIN] DEBUG: [ADMIN_GENERATE] imagepng() retornou SUCESSO. Verificando se o arquivo gerado é um PNG válido.
[2025-09-15 16:27:04] [ADMIN] INFO: [ADMIN_GENERATE] Certificado PNG gerado e salvo com sucesso em: /home/u335416710/domains/translators101.com/public_html/v/includes/../certificates/certificate_3eceb2c6-bc4a-4151-82ee-978689aee2d0.png. É um PNG válido.
[2025-09-15 16:27:04] [ADMIN] DEBUG: [ADMIN_GENERATE] Iniciando geração de PNG para ID: 9b049180-ae20-40fc-83cb-bc23081c8b9e
[2025-09-15 16:27:04] [ADMIN] DEBUG: [ADMIN_GENERATE] Conversão UTF-8 aplicada para geração.
[2025-09-15 16:27:04] [ADMIN] DEBUG: [ADMIN_GENERATE] Dimensões do template: Largura=3509, Altura=2481
[2025-09-15 16:27:04] [ADMIN] DEBUG: [ADMIN_GENERATE] Procurando fontes TTF para geração...
[2025-09-15 16:27:04] [ADMIN] DEBUG: [ADMIN_GENERATE] Fonte TTF Bold encontrada em: /home/u335416710/domains/translators101.com/public_html/v/includes/../fonts/DejaVuSans-Bold.ttf
[2025-09-15 16:27:04] [ADMIN] DEBUG: [ADMIN_GENERATE] Fonte TTF padrão encontrada em: /home/u335416710/domains/translators101.com/public_html/v/includes/../fonts/DejaVuSans-Bold.ttf
[2025-09-15 16:27:04] [ADMIN] DEBUG: [ADMIN_GENERATE] Usando imagettftext para geração.
[2025-09-15 16:27:04] [ADMIN] DEBUG: [ADMIN_GENERATE] Nome do usuário adicionado (X: 1299, Y: 1100).
[2025-09-15 16:27:04] [ADMIN] DEBUG: [ADMIN_GENERATE] Processando título: 'S07E47 — O Capacitismo nas Legendas Descritivas (LSE/SDH e CC)
Descrever ou Transcrever? — Diego Marsicano' (tamanho: 110 caracteres)
[2025-09-15 16:27:04] [ADMIN] DEBUG: [ADMIN_GENERATE] Título longo detectado - aplicando quebra de linha inteligente
[2025-09-15 16:27:04] [ADMIN] DEBUG: [ADMIN_GENERATE] Linha 1: 'S07E47 — O Capacitismo nas Legendas Descritivas'
[2025-09-15 16:27:04] [ADMIN] DEBUG: [ADMIN_GENERATE] Linha 2: '(LSE/SDH e CC)
Descrever ou Transcrever? — Diego Marsicano'
[2025-09-15 16:27:04] [ADMIN] DEBUG: [ADMIN_GENERATE] Linha 1 adicionada (X: 803, Y: 1350)
[2025-09-15 16:27:04] [ADMIN] DEBUG: [ADMIN_GENERATE] Linha 2 adicionada (X: 889.5, Y: 1410)
[2025-09-15 16:27:04] [ADMIN] DEBUG: [ADMIN_GENERATE] Duração da palestra adicionada (X: 2000, Y: 1570).
[2025-09-15 16:27:04] [ADMIN] DEBUG: [ADMIN_GENERATE] Data de emissão adicionada (X: 850, Y: 2330).
[2025-09-15 16:27:04] [ADMIN] DEBUG: [ADMIN_GENERATE] ID do certificado adicionado (X: 280, Y: 2430).
[2025-09-15 16:27:04] [ADMIN] DEBUG: URL de verificação gerada: https://v.translators101.com/verificar_certificado.php?id=9b049180-ae20-40fc-83cb-bc23081c8b9e
[2025-09-15 16:27:05] [ADMIN] DEBUG: QR Code colado na imagem base.
[2025-09-15 16:27:05] [ADMIN] DEBUG: [ADMIN_GENERATE] QR Code adicionado à imagem durante a geração (X: 2989, Y: 2131, Tamanho: 300).
[2025-09-15 16:27:09] [ADMIN] DEBUG: [ADMIN_GENERATE] imagepng() retornou SUCESSO. Verificando se o arquivo gerado é um PNG válido.
[2025-09-15 16:27:09] [ADMIN] INFO: [ADMIN_GENERATE] Certificado PNG gerado e salvo com sucesso em: /home/u335416710/domains/translators101.com/public_html/v/includes/../certificates/certificate_9b049180-ae20-40fc-83cb-bc23081c8b9e.png. É um PNG válido.
[2025-09-15 16:27:09] [ADMIN] DEBUG: [ADMIN_GENERATE] Iniciando geração de PNG para ID: 10bbb797-d019-4a7a-b7d8-3bc70adb04ab
[2025-09-15 16:27:09] [ADMIN] DEBUG: [ADMIN_GENERATE] Conversão UTF-8 aplicada para geração.
[2025-09-15 16:27:09] [ADMIN] DEBUG: [ADMIN_GENERATE] Dimensões do template: Largura=3509, Altura=2481
[2025-09-15 16:27:09] [ADMIN] DEBUG: [ADMIN_GENERATE] Procurando fontes TTF para geração...
[2025-09-15 16:27:09] [ADMIN] DEBUG: [ADMIN_GENERATE] Fonte TTF Bold encontrada em: /home/u335416710/domains/translators101.com/public_html/v/includes/../fonts/DejaVuSans-Bold.ttf
[2025-09-15 16:27:09] [ADMIN] DEBUG: [ADMIN_GENERATE] Fonte TTF padrão encontrada em: /home/u335416710/domains/translators101.com/public_html/v/includes/../fonts/DejaVuSans-Bold.ttf
[2025-09-15 16:27:09] [ADMIN] DEBUG: [ADMIN_GENERATE] Usando imagettftext para geração.
[2025-09-15 16:27:09] [ADMIN] DEBUG: [ADMIN_GENERATE] Nome do usuário adicionado (X: 1299, Y: 1100).
[2025-09-15 16:27:09] [ADMIN] DEBUG: [ADMIN_GENERATE] Processando título: 'S07E45 — Do manual à mesa: como explicar jogos ao público pode aprimorar as habilidades do tradutor — Jéssica Gubert e Raul Rocha' (tamanho: 136 caracteres)
[2025-09-15 16:27:09] [ADMIN] DEBUG: [ADMIN_GENERATE] Título longo detectado - aplicando quebra de linha inteligente
[2025-09-15 16:27:09] [ADMIN] DEBUG: [ADMIN_GENERATE] Linha 1: 'S07E45 — Do manual à mesa: como explicar jogos ao e'
[2025-09-15 16:27:09] [ADMIN] DEBUG: [ADMIN_GENERATE] Linha 2: 'público pode aprimorar as habilidades do tradutor — Jéssica Gubert Raul Rocha'
[2025-09-15 16:27:09] [ADMIN] DEBUG: [ADMIN_GENERATE] Linha 1 adicionada (X: 727, Y: 1350)
[2025-09-15 16:27:09] [ADMIN] DEBUG: [ADMIN_GENERATE] Linha 2 adicionada (X: 262.5, Y: 1410)
[2025-09-15 16:27:09] [ADMIN] DEBUG: [ADMIN_GENERATE] Duração da palestra adicionada (X: 2000, Y: 1570).
[2025-09-15 16:27:09] [ADMIN] DEBUG: [ADMIN_GENERATE] Data de emissão adicionada (X: 850, Y: 2330).
[2025-09-15 16:27:09] [ADMIN] DEBUG: [ADMIN_GENERATE] ID do certificado adicionado (X: 280, Y: 2430).
[2025-09-15 16:27:09] [ADMIN] DEBUG: URL de verificação gerada: https://v.translators101.com/verificar_certificado.php?id=10bbb797-d019-4a7a-b7d8-3bc70adb04ab
[2025-09-15 16:27:10] [ADMIN] DEBUG: QR Code colado na imagem base.
[2025-09-15 16:27:10] [ADMIN] DEBUG: [ADMIN_GENERATE] QR Code adicionado à imagem durante a geração (X: 2989, Y: 2131, Tamanho: 300).
[2025-09-15 16:27:14] [ADMIN] DEBUG: [ADMIN_GENERATE] imagepng() retornou SUCESSO. Verificando se o arquivo gerado é um PNG válido.
[2025-09-15 16:27:14] [ADMIN] INFO: [ADMIN_GENERATE] Certificado PNG gerado e salvo com sucesso em: /home/u335416710/domains/translators101.com/public_html/v/includes/../certificates/certificate_10bbb797-d019-4a7a-b7d8-3bc70adb04ab.png. É um PNG válido.
[2025-09-15 16:27:14] [ADMIN] DEBUG: [ADMIN_GENERATE] Iniciando geração de PNG para ID: 657ee082-20e6-44c2-9e1e-5e502e55b75b
[2025-09-15 16:27:14] [ADMIN] DEBUG: [ADMIN_GENERATE] Conversão UTF-8 aplicada para geração.
[2025-09-15 16:27:14] [ADMIN] DEBUG: [ADMIN_GENERATE] Dimensões do template: Largura=3509, Altura=2481
[2025-09-15 16:27:14] [ADMIN] DEBUG: [ADMIN_GENERATE] Procurando fontes TTF para geração...
[2025-09-15 16:27:14] [ADMIN] DEBUG: [ADMIN_GENERATE] Fonte TTF Bold encontrada em: /home/u335416710/domains/translators101.com/public_html/v/includes/../fonts/DejaVuSans-Bold.ttf
[2025-09-15 16:27:14] [ADMIN] DEBUG: [ADMIN_GENERATE] Fonte TTF padrão encontrada em: /home/u335416710/domains/translators101.com/public_html/v/includes/../fonts/DejaVuSans-Bold.ttf
[2025-09-15 16:27:14] [ADMIN] DEBUG: [ADMIN_GENERATE] Usando imagettftext para geração.
[2025-09-15 16:27:14] [ADMIN] DEBUG: [ADMIN_GENERATE] Nome do usuário adicionado (X: 1299, Y: 1100).
[2025-09-15 16:27:14] [ADMIN] DEBUG: [ADMIN_GENERATE] Processando título: 'S03E28 — Cobrança e negociação para tradutores — Simone Resende' (tamanho: 70 caracteres)
[2025-09-15 16:27:14] [ADMIN] DEBUG: [ADMIN_GENERATE] Título longo detectado - aplicando quebra de linha inteligente
[2025-09-15 16:27:14] [ADMIN] DEBUG: [ADMIN_GENERATE] Linha 1: 'Cobrança e negociação para tradutores —'
[2025-09-15 16:27:14] [ADMIN] DEBUG: [ADMIN_GENERATE] Linha 2: 'S03E28 — Simone Resende'
[2025-09-15 16:27:14] [ADMIN] DEBUG: [ADMIN_GENERATE] Linha 1 adicionada (X: 970.5, Y: 1350)
[2025-09-15 16:27:14] [ADMIN] DEBUG: [ADMIN_GENERATE] Linha 2 adicionada (X: 1249.5, Y: 1410)
[2025-09-15 16:27:14] [ADMIN] DEBUG: [ADMIN_GENERATE] Duração da palestra adicionada (X: 2000, Y: 1570).
[2025-09-15 16:27:14] [ADMIN] DEBUG: [ADMIN_GENERATE] Data de emissão adicionada (X: 850, Y: 2330).
[2025-09-15 16:27:14] [ADMIN] DEBUG: [ADMIN_GENERATE] ID do certificado adicionado (X: 280, Y: 2430).
[2025-09-15 16:27:14] [ADMIN] DEBUG: URL de verificação gerada: https://v.translators101.com/verificar_certificado.php?id=657ee082-20e6-44c2-9e1e-5e502e55b75b
[2025-09-15 16:27:15] [ADMIN] DEBUG: QR Code colado na imagem base.
[2025-09-15 16:27:15] [ADMIN] DEBUG: [ADMIN_GENERATE] QR Code adicionado à imagem durante a geração (X: 2989, Y: 2131, Tamanho: 300).
[2025-09-15 16:27:19] [ADMIN] DEBUG: [ADMIN_GENERATE] imagepng() retornou SUCESSO. Verificando se o arquivo gerado é um PNG válido.
[2025-09-15 16:27:19] [ADMIN] INFO: [ADMIN_GENERATE] Certificado PNG gerado e salvo com sucesso em: /home/u335416710/domains/translators101.com/public_html/v/includes/../certificates/certificate_657ee082-20e6-44c2-9e1e-5e502e55b75b.png. É um PNG válido.
[2025-09-15 16:27:19] [ADMIN] DEBUG: [ADMIN_GENERATE] Iniciando geração de PNG para ID: 763a1aa7-247e-40ed-9a85-cf5383d78aeb
[2025-09-15 16:27:19] [ADMIN] DEBUG: [ADMIN_GENERATE] Conversão UTF-8 aplicada para geração.
[2025-09-15 16:27:19] [ADMIN] DEBUG: [ADMIN_GENERATE] Dimensões do template: Largura=3509, Altura=2481
[2025-09-15 16:27:19] [ADMIN] DEBUG: [ADMIN_GENERATE] Procurando fontes TTF para geração...
[2025-09-15 16:27:19] [ADMIN] DEBUG: [ADMIN_GENERATE] Fonte TTF Bold encontrada em: /home/u335416710/domains/translators101.com/public_html/v/includes/../fonts/DejaVuSans-Bold.ttf
[2025-09-15 16:27:19] [ADMIN] DEBUG: [ADMIN_GENERATE] Fonte TTF padrão encontrada em: /home/u335416710/domains/translators101.com/public_html/v/includes/../fonts/DejaVuSans-Bold.ttf
[2025-09-15 16:27:19] [ADMIN] DEBUG: [ADMIN_GENERATE] Usando imagettftext para geração.
[2025-09-15 16:27:19] [ADMIN] DEBUG: [ADMIN_GENERATE] Nome do usuário adicionado (X: 1299, Y: 1100).
[2025-09-15 16:27:19] [ADMIN] DEBUG: [ADMIN_GENERATE] Processando título: 'S03E23 — Amigos, amigos, trabalhos à parte: o trabalho com colegas contratantes — Daniele Fonseca' (tamanho: 102 caracteres)
[2025-09-15 16:27:19] [ADMIN] DEBUG: [ADMIN_GENERATE] Título longo detectado - aplicando quebra de linha inteligente
[2025-09-15 16:27:19] [ADMIN] DEBUG: [ADMIN_GENERATE] Linha 1: 'S03E23 — Amigos, amigos, trabalhos à parte: o'
[2025-09-15 16:27:19] [ADMIN] DEBUG: [ADMIN_GENERATE] Linha 2: 'trabalho com colegas contratantes — Daniele Fonseca'
[2025-09-15 16:27:19] [ADMIN] DEBUG: [ADMIN_GENERATE] Linha 1 adicionada (X: 866, Y: 1350)
[2025-09-15 16:27:19] [ADMIN] DEBUG: [ADMIN_GENERATE] Linha 2 adicionada (X: 738.5, Y: 1410)
[2025-09-15 16:27:19] [ADMIN] DEBUG: [ADMIN_GENERATE] Duração da palestra adicionada (X: 2000, Y: 1570).
[2025-09-15 16:27:19] [ADMIN] DEBUG: [ADMIN_GENERATE] Data de emissão adicionada (X: 850, Y: 2330).
[2025-09-15 16:27:19] [ADMIN] DEBUG: [ADMIN_GENERATE] ID do certificado adicionado (X: 280, Y: 2430).
[2025-09-15 16:27:19] [ADMIN] DEBUG: URL de verificação gerada: https://v.translators101.com/verificar_certificado.php?id=763a1aa7-247e-40ed-9a85-cf5383d78aeb
[2025-09-15 16:27:21] [ADMIN] DEBUG: QR Code colado na imagem base.
[2025-09-15 16:27:21] [ADMIN] DEBUG: [ADMIN_GENERATE] QR Code adicionado à imagem durante a geração (X: 2989, Y: 2131, Tamanho: 300).
[2025-09-15 16:27:24] [ADMIN] DEBUG: [ADMIN_GENERATE] imagepng() retornou SUCESSO. Verificando se o arquivo gerado é um PNG válido.
[2025-09-15 16:27:24] [ADMIN] INFO: [ADMIN_GENERATE] Certificado PNG gerado e salvo com sucesso em: /home/u335416710/domains/translators101.com/public_html/v/includes/../certificates/certificate_763a1aa7-247e-40ed-9a85-cf5383d78aeb.png. É um PNG válido.
[2025-09-15 16:27:24] [ADMIN] DEBUG: [ADMIN_GENERATE] Iniciando geração de PNG para ID: f02e77d5-f7e2-4829-903f-31eba9b5ffa1
[2025-09-15 16:27:24] [ADMIN] DEBUG: [ADMIN_GENERATE] Conversão UTF-8 aplicada para geração.
[2025-09-15 16:27:24] [ADMIN] DEBUG: [ADMIN_GENERATE] Dimensões do template: Largura=3509, Altura=2481
[2025-09-15 16:27:24] [ADMIN] DEBUG: [ADMIN_GENERATE] Procurando fontes TTF para geração...
[2025-09-15 16:27:24] [ADMIN] DEBUG: [ADMIN_GENERATE] Fonte TTF Bold encontrada em: /home/u335416710/domains/translators101.com/public_html/v/includes/../fonts/DejaVuSans-Bold.ttf
[2025-09-15 16:27:24] [ADMIN] DEBUG: [ADMIN_GENERATE] Fonte TTF padrão encontrada em: /home/u335416710/domains/translators101.com/public_html/v/includes/../fonts/DejaVuSans-Bold.ttf
[2025-09-15 16:27:24] [ADMIN] DEBUG: [ADMIN_GENERATE] Usando imagettftext para geração.
[2025-09-15 16:27:24] [ADMIN] DEBUG: [ADMIN_GENERATE] Nome do usuário adicionado (X: 1299, Y: 1100).
[2025-09-15 16:27:24] [ADMIN] DEBUG: [ADMIN_GENERATE] Processando título: 'S02E02 — Postura profissional de um tradutor — Laila Compan' (tamanho: 63 caracteres)
[2025-09-15 16:27:24] [ADMIN] DEBUG: [ADMIN_GENERATE] Título longo detectado - aplicando quebra de linha inteligente
[2025-09-15 16:27:24] [ADMIN] DEBUG: [ADMIN_GENERATE] Linha 1: 'Postura profissional de um tradutor —'
[2025-09-15 16:27:24] [ADMIN] DEBUG: [ADMIN_GENERATE] Linha 2: 'S02E02 — Laila Compan'
[2025-09-15 16:27:24] [ADMIN] DEBUG: [ADMIN_GENERATE] Linha 1 adicionada (X: 1038.5, Y: 1350)
[2025-09-15 16:27:24] [ADMIN] DEBUG: [ADMIN_GENERATE] Linha 2 adicionada (X: 1308.5, Y: 1410)
[2025-09-15 16:27:24] [ADMIN] DEBUG: [ADMIN_GENERATE] Duração da palestra adicionada (X: 2000, Y: 1570).
[2025-09-15 16:27:24] [ADMIN] DEBUG: [ADMIN_GENERATE] Data de emissão adicionada (X: 850, Y: 2330).
[2025-09-15 16:27:25] [ADMIN] DEBUG: [ADMIN_GENERATE] ID do certificado adicionado (X: 280, Y: 2430).
[2025-09-15 16:27:25] [ADMIN] DEBUG: URL de verificação gerada: https://v.translators101.com/verificar_certificado.php?id=f02e77d5-f7e2-4829-903f-31eba9b5ffa1
[2025-09-15 16:27:26] [ADMIN] DEBUG: QR Code colado na imagem base.
[2025-09-15 16:27:26] [ADMIN] DEBUG: [ADMIN_GENERATE] QR Code adicionado à imagem durante a geração (X: 2989, Y: 2131, Tamanho: 300).
[2025-09-15 16:27:29] [ADMIN] DEBUG: [ADMIN_GENERATE] imagepng() retornou SUCESSO. Verificando se o arquivo gerado é um PNG válido.
[2025-09-15 16:27:29] [ADMIN] INFO: [ADMIN_GENERATE] Certificado PNG gerado e salvo com sucesso em: /home/u335416710/domains/translators101.com/public_html/v/includes/../certificates/certificate_f02e77d5-f7e2-4829-903f-31eba9b5ffa1.png. É um PNG válido.
[2025-09-15 16:27:30] [ADMIN] DEBUG: [ADMIN_GENERATE] Iniciando geração de PNG para ID: 8220c3dc-7dfc-4405-b94f-342686fc8410
[2025-09-15 16:27:30] [ADMIN] DEBUG: [ADMIN_GENERATE] Conversão UTF-8 aplicada para geração.
[2025-09-15 16:27:30] [ADMIN] DEBUG: [ADMIN_GENERATE] Dimensões do template: Largura=3509, Altura=2481
[2025-09-15 16:27:30] [ADMIN] DEBUG: [ADMIN_GENERATE] Procurando fontes TTF para geração...
[2025-09-15 16:27:30] [ADMIN] DEBUG: [ADMIN_GENERATE] Fonte TTF Bold encontrada em: /home/u335416710/domains/translators101.com/public_html/v/includes/../fonts/DejaVuSans-Bold.ttf
[2025-09-15 16:27:30] [ADMIN] DEBUG: [ADMIN_GENERATE] Fonte TTF padrão encontrada em: /home/u335416710/domains/translators101.com/public_html/v/includes/../fonts/DejaVuSans-Bold.ttf
[2025-09-15 16:27:30] [ADMIN] DEBUG: [ADMIN_GENERATE] Usando imagettftext para geração.
[2025-09-15 16:27:30] [ADMIN] DEBUG: [ADMIN_GENERATE] Nome do usuário adicionado (X: 1299, Y: 1100).
[2025-09-15 16:27:30] [ADMIN] DEBUG: [ADMIN_GENERATE] Processando título: 'S02E02 — Aposte no visual! — Carolina Walliter' (tamanho: 50 caracteres)
[2025-09-15 16:27:30] [ADMIN] DEBUG: [ADMIN_GENERATE] Título curto - usando layout centralizado
[2025-09-15 16:27:30] [ADMIN] DEBUG: [ADMIN_GENERATE] Título curto centralizado adicionado (X: 505, Y: 1400)
[2025-09-15 16:27:30] [ADMIN] DEBUG: [ADMIN_GENERATE] Duração da palestra adicionada (X: 2000, Y: 1570).
[2025-09-15 16:27:30] [ADMIN] DEBUG: [ADMIN_GENERATE] Data de emissão adicionada (X: 850, Y: 2330).
[2025-09-15 16:27:30] [ADMIN] DEBUG: [ADMIN_GENERATE] ID do certificado adicionado (X: 280, Y: 2430).
[2025-09-15 16:27:30] [ADMIN] DEBUG: URL de verificação gerada: https://v.translators101.com/verificar_certificado.php?id=8220c3dc-7dfc-4405-b94f-342686fc8410
[2025-09-15 16:27:31] [ADMIN] DEBUG: QR Code colado na imagem base.
[2025-09-15 16:27:31] [ADMIN] DEBUG: [ADMIN_GENERATE] QR Code adicionado à imagem durante a geração (X: 2989, Y: 2131, Tamanho: 300).
[2025-09-15 16:27:34] [ADMIN] DEBUG: [ADMIN_GENERATE] imagepng() retornou SUCESSO. Verificando se o arquivo gerado é um PNG válido.
[2025-09-15 16:27:34] [ADMIN] INFO: [ADMIN_GENERATE] Certificado PNG gerado e salvo com sucesso em: /home/u335416710/domains/translators101.com/public_html/v/includes/../certificates/certificate_8220c3dc-7dfc-4405-b94f-342686fc8410.png. É um PNG válido.
[2025-09-15 16:29:47] [ADMIN] DEBUG: [ADMIN_GENERATE] Iniciando geração de PNG para ID: daf991f0-4eb0-474b-b402-c52a1e274007
[2025-09-15 16:29:47] [ADMIN] DEBUG: [ADMIN_GENERATE] Conversão UTF-8 aplicada para geração.
[2025-09-15 16:29:47] [ADMIN] DEBUG: [ADMIN_GENERATE] Dimensões do template: Largura=3509, Altura=2481
[2025-09-15 16:29:47] [ADMIN] DEBUG: [ADMIN_GENERATE] Procurando fontes TTF para geração...
[2025-09-15 16:29:47] [ADMIN] DEBUG: [ADMIN_GENERATE] Fonte TTF Bold encontrada em: /home/u335416710/domains/translators101.com/public_html/v/includes/../fonts/DejaVuSans-Bold.ttf
[2025-09-15 16:29:47] [ADMIN] DEBUG: [ADMIN_GENERATE] Fonte TTF padrão encontrada em: /home/u335416710/domains/translators101.com/public_html/v/includes/../fonts/DejaVuSans-Bold.ttf
[2025-09-15 16:29:47] [ADMIN] DEBUG: [ADMIN_GENERATE] Usando imagettftext para geração.
[2025-09-15 16:29:47] [ADMIN] DEBUG: [ADMIN_GENERATE] Nome do usuário adicionado (X: 504, Y: 1100).
[2025-09-15 16:29:47] [ADMIN] DEBUG: [ADMIN_GENERATE] Processando título: 'S06E25 — Montando passo a passo uma macro no Word — Victor Almeida' (tamanho: 70 caracteres)
[2025-09-15 16:29:47] [ADMIN] DEBUG: [ADMIN_GENERATE] Título longo detectado - aplicando quebra de linha inteligente
[2025-09-15 16:29:47] [ADMIN] DEBUG: [ADMIN_GENERATE] Linha 1: 'Montando passo a passo uma macro no Word —'
[2025-09-15 16:29:47] [ADMIN] DEBUG: [ADMIN_GENERATE] Linha 2: 'S06E25 — Victor Almeida'
[2025-09-15 16:29:47] [ADMIN] DEBUG: [ADMIN_GENERATE] Linha 1 adicionada (X: 861.5, Y: 1350)
[2025-09-15 16:29:47] [ADMIN] DEBUG: [ADMIN_GENERATE] Linha 2 adicionada (X: 1286, Y: 1410)
[2025-09-15 16:29:47] [ADMIN] DEBUG: [ADMIN_GENERATE] Duração da palestra adicionada (X: 2000, Y: 1570).
[2025-09-15 16:29:47] [ADMIN] DEBUG: [ADMIN_GENERATE] Data de emissão adicionada (X: 850, Y: 2330).
[2025-09-15 16:29:47] [ADMIN] DEBUG: [ADMIN_GENERATE] ID do certificado adicionado (X: 280, Y: 2430).
[2025-09-15 16:29:47] [ADMIN] DEBUG: URL de verificação gerada: https://v.translators101.com/verificar_certificado.php?id=daf991f0-4eb0-474b-b402-c52a1e274007
[2025-09-15 16:29:48] [ADMIN] DEBUG: QR Code colado na imagem base.
[2025-09-15 16:29:48] [ADMIN] DEBUG: [ADMIN_GENERATE] QR Code adicionado à imagem durante a geração (X: 2989, Y: 2131, Tamanho: 300).
[2025-09-15 16:29:51] [ADMIN] DEBUG: [ADMIN_GENERATE] imagepng() retornou SUCESSO. Verificando se o arquivo gerado é um PNG válido.
[2025-09-15 16:29:51] [ADMIN] INFO: [ADMIN_GENERATE] Certificado PNG gerado e salvo com sucesso em: /home/u335416710/domains/translators101.com/public_html/v/includes/../certificates/certificate_daf991f0-4eb0-474b-b402-c52a1e274007.png. É um PNG válido.
[2025-09-15 16:31:22] [ADMIN] DEBUG: [ADMIN_GENERATE] Iniciando geração de PNG para ID: 72dd7c87-e0fd-4fd4-ab86-215a42bb51b7
[2025-09-15 16:31:22] [ADMIN] DEBUG: [ADMIN_GENERATE] Conversão UTF-8 aplicada para geração.
[2025-09-15 16:31:22] [ADMIN] DEBUG: [ADMIN_GENERATE] Dimensões do template: Largura=3509, Altura=2481
[2025-09-15 16:31:22] [ADMIN] DEBUG: [ADMIN_GENERATE] Procurando fontes TTF para geração...
[2025-09-15 16:31:22] [ADMIN] DEBUG: [ADMIN_GENERATE] Fonte TTF Bold encontrada em: /home/u335416710/domains/translators101.com/public_html/v/includes/../fonts/DejaVuSans-Bold.ttf
[2025-09-15 16:31:22] [ADMIN] DEBUG: [ADMIN_GENERATE] Fonte TTF padrão encontrada em: /home/u335416710/domains/translators101.com/public_html/v/includes/../fonts/DejaVuSans-Bold.ttf
[2025-09-15 16:31:22] [ADMIN] DEBUG: [ADMIN_GENERATE] Usando imagettftext para geração.
[2025-09-15 16:31:22] [ADMIN] DEBUG: [ADMIN_GENERATE] Nome do usuário adicionado (X: 993, Y: 1100).
[2025-09-15 16:31:22] [ADMIN] DEBUG: [ADMIN_GENERATE] Processando título: 'S08E09 — Como integrar a ModernMT a seu fluxo de trabalho — Val Ivonica' (tamanho: 75 caracteres)
[2025-09-15 16:31:22] [ADMIN] DEBUG: [ADMIN_GENERATE] Título longo detectado - aplicando quebra de linha inteligente
[2025-09-15 16:31:22] [ADMIN] DEBUG: [ADMIN_GENERATE] Linha 1: 'S08E09 — Como integrar a ModernMT a seu fluxo de'
[2025-09-15 16:31:22] [ADMIN] DEBUG: [ADMIN_GENERATE] Linha 2: 'trabalho — Val Ivonica'
[2025-09-15 16:31:22] [ADMIN] DEBUG: [ADMIN_GENERATE] Linha 1 adicionada (X: 773, Y: 1350)
[2025-09-15 16:31:22] [ADMIN] DEBUG: [ADMIN_GENERATE] Linha 2 adicionada (X: 1336, Y: 1410)
[2025-09-15 16:31:22] [ADMIN] DEBUG: [ADMIN_GENERATE] Duração da palestra adicionada (X: 2000, Y: 1570).
[2025-09-15 16:31:22] [ADMIN] DEBUG: [ADMIN_GENERATE] Data de emissão adicionada (X: 850, Y: 2330).
[2025-09-15 16:31:22] [ADMIN] DEBUG: [ADMIN_GENERATE] ID do certificado adicionado (X: 280, Y: 2430).
[2025-09-15 16:31:22] [ADMIN] DEBUG: URL de verificação gerada: https://v.translators101.com/verificar_certificado.php?id=72dd7c87-e0fd-4fd4-ab86-215a42bb51b7
[2025-09-15 16:31:23] [ADMIN] DEBUG: QR Code colado na imagem base.
[2025-09-15 16:31:23] [ADMIN] DEBUG: [ADMIN_GENERATE] QR Code adicionado à imagem durante a geração (X: 2989, Y: 2131, Tamanho: 300).
[2025-09-15 16:31:26] [ADMIN] DEBUG: [ADMIN_GENERATE] imagepng() retornou SUCESSO. Verificando se o arquivo gerado é um PNG válido.
[2025-09-15 16:31:26] [ADMIN] INFO: [ADMIN_GENERATE] Certificado PNG gerado e salvo com sucesso em: /home/u335416710/domains/translators101.com/public_html/v/includes/../certificates/certificate_72dd7c87-e0fd-4fd4-ab86-215a42bb51b7.png. É um PNG válido.
[2025-09-15 16:32:34] [ADMIN] DEBUG: [ADMIN_GENERATE] Iniciando geração de PNG para ID: 1f11b1e9-9ce9-4efe-b4cf-0282ff576b21
[2025-09-15 16:32:34] [ADMIN] DEBUG: [ADMIN_GENERATE] Conversão UTF-8 aplicada para geração.
[2025-09-15 16:32:34] [ADMIN] DEBUG: [ADMIN_GENERATE] Dimensões do template: Largura=3509, Altura=2481
[2025-09-15 16:32:34] [ADMIN] DEBUG: [ADMIN_GENERATE] Procurando fontes TTF para geração...
[2025-09-15 16:32:34] [ADMIN] DEBUG: [ADMIN_GENERATE] Fonte TTF Bold encontrada em: /home/u335416710/domains/translators101.com/public_html/v/includes/../fonts/DejaVuSans-Bold.ttf
[2025-09-15 16:32:34] [ADMIN] DEBUG: [ADMIN_GENERATE] Fonte TTF padrão encontrada em: /home/u335416710/domains/translators101.com/public_html/v/includes/../fonts/DejaVuSans-Bold.ttf
[2025-09-15 16:32:34] [ADMIN] DEBUG: [ADMIN_GENERATE] Usando imagettftext para geração.
[2025-09-15 16:32:34] [ADMIN] DEBUG: [ADMIN_GENERATE] Nome do usuário adicionado (X: 1056, Y: 1100).
[2025-09-15 16:32:34] [ADMIN] DEBUG: [ADMIN_GENERATE] Processando título: 'S08E20 — Além da Língua: Estratégias que Todo Intérprete Precisa Dominar — Manuela Sampaio' (tamanho: 98 caracteres)
[2025-09-15 16:32:34] [ADMIN] DEBUG: [ADMIN_GENERATE] Título longo detectado - aplicando quebra de linha inteligente
[2025-09-15 16:32:34] [ADMIN] DEBUG: [ADMIN_GENERATE] Linha 1: 'S08E20 — Além da Língua: Estratégias que Todo'
[2025-09-15 16:32:34] [ADMIN] DEBUG: [ADMIN_GENERATE] Linha 2: 'Intérprete Precisa Dominar — Manuela Sampaio'
[2025-09-15 16:32:34] [ADMIN] DEBUG: [ADMIN_GENERATE] Linha 1 adicionada (X: 852, Y: 1350)
[2025-09-15 16:32:34] [ADMIN] DEBUG: [ADMIN_GENERATE] Linha 2 adicionada (X: 858, Y: 1410)
[2025-09-15 16:32:34] [ADMIN] DEBUG: [ADMIN_GENERATE] Duração da palestra adicionada (X: 2000, Y: 1570).
[2025-09-15 16:32:34] [ADMIN] DEBUG: [ADMIN_GENERATE] Data de emissão adicionada (X: 850, Y: 2330).
[2025-09-15 16:32:34] [ADMIN] DEBUG: [ADMIN_GENERATE] ID do certificado adicionado (X: 280, Y: 2430).
[2025-09-15 16:32:34] [ADMIN] DEBUG: URL de verificação gerada: https://v.translators101.com/verificar_certificado.php?id=1f11b1e9-9ce9-4efe-b4cf-0282ff576b21
[2025-09-15 16:32:35] [ADMIN] DEBUG: QR Code colado na imagem base.
[2025-09-15 16:32:35] [ADMIN] DEBUG: [ADMIN_GENERATE] QR Code adicionado à imagem durante a geração (X: 2989, Y: 2131, Tamanho: 300).
[2025-09-15 16:32:39] [ADMIN] DEBUG: [ADMIN_GENERATE] imagepng() retornou SUCESSO. Verificando se o arquivo gerado é um PNG válido.
[2025-09-15 16:32:39] [ADMIN] INFO: [ADMIN_GENERATE] Certificado PNG gerado e salvo com sucesso em: /home/u335416710/domains/translators101.com/public_html/v/includes/../certificates/certificate_1f11b1e9-9ce9-4efe-b4cf-0282ff576b21.png. É um PNG válido.
[2025-09-15 16:32:39] [ADMIN] DEBUG: [ADMIN_GENERATE] Iniciando geração de PNG para ID: 321038a9-8959-4042-aede-f9107c13c982
[2025-09-15 16:32:39] [ADMIN] DEBUG: [ADMIN_GENERATE] Conversão UTF-8 aplicada para geração.
[2025-09-15 16:32:39] [ADMIN] DEBUG: [ADMIN_GENERATE] Dimensões do template: Largura=3509, Altura=2481
[2025-09-15 16:32:39] [ADMIN] DEBUG: [ADMIN_GENERATE] Procurando fontes TTF para geração...
[2025-09-15 16:32:39] [ADMIN] DEBUG: [ADMIN_GENERATE] Fonte TTF Bold encontrada em: /home/u335416710/domains/translators101.com/public_html/v/includes/../fonts/DejaVuSans-Bold.ttf
[2025-09-15 16:32:39] [ADMIN] DEBUG: [ADMIN_GENERATE] Fonte TTF padrão encontrada em: /home/u335416710/domains/translators101.com/public_html/v/includes/../fonts/DejaVuSans-Bold.ttf
[2025-09-15 16:32:39] [ADMIN] DEBUG: [ADMIN_GENERATE] Usando imagettftext para geração.
[2025-09-15 16:32:39] [ADMIN] DEBUG: [ADMIN_GENERATE] Nome do usuário adicionado (X: 1056, Y: 1100).
[2025-09-15 16:32:39] [ADMIN] DEBUG: [ADMIN_GENERATE] Processando título: 'S08E19 — A IA e o futuro da tradução: uma análise do panorama atual e expectativas — Valter Mendes' (tamanho: 105 caracteres)
[2025-09-15 16:32:39] [ADMIN] DEBUG: [ADMIN_GENERATE] Título longo detectado - aplicando quebra de linha inteligente
[2025-09-15 16:32:39] [ADMIN] DEBUG: [ADMIN_GENERATE] Linha 1: 'S08E19 — A IA e o futuro da tradução: uma análise'
[2025-09-15 16:32:39] [ADMIN] DEBUG: [ADMIN_GENERATE] Linha 2: 'do panorama atual e expectativas — Valter Mendes'
[2025-09-15 16:32:39] [ADMIN] DEBUG: [ADMIN_GENERATE] Linha 1 adicionada (X: 801, Y: 1350)
[2025-09-15 16:32:39] [ADMIN] DEBUG: [ADMIN_GENERATE] Linha 2 adicionada (X: 790.5, Y: 1410)
[2025-09-15 16:32:39] [ADMIN] DEBUG: [ADMIN_GENERATE] Duração da palestra adicionada (X: 2000, Y: 1570).
[2025-09-15 16:32:39] [ADMIN] DEBUG: [ADMIN_GENERATE] Data de emissão adicionada (X: 850, Y: 2330).
[2025-09-15 16:32:39] [ADMIN] DEBUG: [ADMIN_GENERATE] ID do certificado adicionado (X: 280, Y: 2430).
[2025-09-15 16:32:39] [ADMIN] DEBUG: URL de verificação gerada: https://v.translators101.com/verificar_certificado.php?id=321038a9-8959-4042-aede-f9107c13c982
[2025-09-15 16:32:40] [ADMIN] DEBUG: QR Code colado na imagem base.
[2025-09-15 16:32:40] [ADMIN] DEBUG: [ADMIN_GENERATE] QR Code adicionado à imagem durante a geração (X: 2989, Y: 2131, Tamanho: 300).
[2025-09-15 16:32:44] [ADMIN] DEBUG: [ADMIN_GENERATE] imagepng() retornou SUCESSO. Verificando se o arquivo gerado é um PNG válido.
[2025-09-15 16:32:44] [ADMIN] INFO: [ADMIN_GENERATE] Certificado PNG gerado e salvo com sucesso em: /home/u335416710/domains/translators101.com/public_html/v/includes/../certificates/certificate_321038a9-8959-4042-aede-f9107c13c982.png. É um PNG válido.
[2025-09-15 16:33:55] [ADMIN] DEBUG: [ADMIN_GENERATE] Iniciando geração de PNG para ID: 87816aa4-d278-49fb-931c-dd6061bf8eaf
[2025-09-15 16:33:55] [ADMIN] DEBUG: [ADMIN_GENERATE] Conversão UTF-8 aplicada para geração.
[2025-09-15 16:33:55] [ADMIN] DEBUG: [ADMIN_GENERATE] Dimensões do template: Largura=3509, Altura=2481
[2025-09-15 16:33:55] [ADMIN] DEBUG: [ADMIN_GENERATE] Procurando fontes TTF para geração...
[2025-09-15 16:33:55] [ADMIN] DEBUG: [ADMIN_GENERATE] Fonte TTF Bold encontrada em: /home/u335416710/domains/translators101.com/public_html/v/includes/../fonts/DejaVuSans-Bold.ttf
[2025-09-15 16:33:55] [ADMIN] DEBUG: [ADMIN_GENERATE] Fonte TTF padrão encontrada em: /home/u335416710/domains/translators101.com/public_html/v/includes/../fonts/DejaVuSans-Bold.ttf
[2025-09-15 16:33:55] [ADMIN] DEBUG: [ADMIN_GENERATE] Usando imagettftext para geração.
[2025-09-15 16:33:55] [ADMIN] DEBUG: [ADMIN_GENERATE] Nome do usuário adicionado (X: 1298.5, Y: 1100).
[2025-09-15 16:33:55] [ADMIN] DEBUG: [ADMIN_GENERATE] Processando título: 'S08E15 — Tradução Médica e ChatGPT: do Prontuário ao Prompt — Luciana Bonancio' (tamanho: 86 caracteres)
[2025-09-15 16:33:55] [ADMIN] DEBUG: [ADMIN_GENERATE] Título longo detectado - aplicando quebra de linha inteligente
[2025-09-15 16:33:55] [ADMIN] DEBUG: [ADMIN_GENERATE] Linha 1: 'S08E15 — Tradução Médica e ChatGPT: do Prontuário'
[2025-09-15 16:33:55] [ADMIN] DEBUG: [ADMIN_GENERATE] Linha 2: 'ao Prompt — Luciana Bonancio'
[2025-09-15 16:33:55] [ADMIN] DEBUG: [ADMIN_GENERATE] Linha 1 adicionada (X: 758.5, Y: 1350)
[2025-09-15 16:33:55] [ADMIN] DEBUG: [ADMIN_GENERATE] Linha 2 adicionada (X: 1176.5, Y: 1410)
[2025-09-15 16:33:55] [ADMIN] DEBUG: [ADMIN_GENERATE] Duração da palestra adicionada (X: 2000, Y: 1570).
[2025-09-15 16:33:55] [ADMIN] DEBUG: [ADMIN_GENERATE] Data de emissão adicionada (X: 850, Y: 2330).
[2025-09-15 16:33:55] [ADMIN] DEBUG: [ADMIN_GENERATE] ID do certificado adicionado (X: 280, Y: 2430).
[2025-09-15 16:33:55] [ADMIN] DEBUG: URL de verificação gerada: https://v.translators101.com/verificar_certificado.php?id=87816aa4-d278-49fb-931c-dd6061bf8eaf
[2025-09-15 16:33:56] [ADMIN] DEBUG: QR Code colado na imagem base.
[2025-09-15 16:33:56] [ADMIN] DEBUG: [ADMIN_GENERATE] QR Code adicionado à imagem durante a geração (X: 2989, Y: 2131, Tamanho: 300).
[2025-09-15 16:34:00] [ADMIN] DEBUG: [ADMIN_GENERATE] imagepng() retornou SUCESSO. Verificando se o arquivo gerado é um PNG válido.
[2025-09-15 16:34:00] [ADMIN] INFO: [ADMIN_GENERATE] Certificado PNG gerado e salvo com sucesso em: /home/u335416710/domains/translators101.com/public_html/v/includes/../certificates/certificate_87816aa4-d278-49fb-931c-dd6061bf8eaf.png. É um PNG válido.
[2025-09-15 16:34:34] [ADMIN] DEBUG: [ADMIN_GENERATE] Iniciando geração de PNG para ID: d9fc3184-8c94-4c04-8775-0f35883526c3
[2025-09-15 16:34:34] [ADMIN] DEBUG: [ADMIN_GENERATE] Conversão UTF-8 aplicada para geração.
[2025-09-15 16:34:34] [ADMIN] DEBUG: [ADMIN_GENERATE] Dimensões do template: Largura=3509, Altura=2481
[2025-09-15 16:34:34] [ADMIN] DEBUG: [ADMIN_GENERATE] Procurando fontes TTF para geração...
[2025-09-15 16:34:34] [ADMIN] DEBUG: [ADMIN_GENERATE] Fonte TTF Bold encontrada em: /home/u335416710/domains/translators101.com/public_html/v/includes/../fonts/DejaVuSans-Bold.ttf
[2025-09-15 16:34:34] [ADMIN] DEBUG: [ADMIN_GENERATE] Fonte TTF padrão encontrada em: /home/u335416710/domains/translators101.com/public_html/v/includes/../fonts/DejaVuSans-Bold.ttf
[2025-09-15 16:34:34] [ADMIN] DEBUG: [ADMIN_GENERATE] Usando imagettftext para geração.
[2025-09-15 16:34:34] [ADMIN] DEBUG: [ADMIN_GENERATE] Nome do usuário adicionado (X: 1298.5, Y: 1100).
[2025-09-15 16:34:34] [ADMIN] DEBUG: [ADMIN_GENERATE] Processando título: 'S08E09 — Como integrar a ModernMT a seu fluxo de trabalho — Val Ivonica' (tamanho: 75 caracteres)
[2025-09-15 16:34:34] [ADMIN] DEBUG: [ADMIN_GENERATE] Título longo detectado - aplicando quebra de linha inteligente
[2025-09-15 16:34:34] [ADMIN] DEBUG: [ADMIN_GENERATE] Linha 1: 'S08E09 — Como integrar a ModernMT a seu fluxo de'
[2025-09-15 16:34:34] [ADMIN] DEBUG: [ADMIN_GENERATE] Linha 2: 'trabalho — Val Ivonica'
[2025-09-15 16:34:34] [ADMIN] DEBUG: [ADMIN_GENERATE] Linha 1 adicionada (X: 773, Y: 1350)
[2025-09-15 16:34:34] [ADMIN] DEBUG: [ADMIN_GENERATE] Linha 2 adicionada (X: 1336, Y: 1410)
[2025-09-15 16:34:34] [ADMIN] DEBUG: [ADMIN_GENERATE] Duração da palestra adicionada (X: 2000, Y: 1570).
[2025-09-15 16:34:34] [ADMIN] DEBUG: [ADMIN_GENERATE] Data de emissão adicionada (X: 850, Y: 2330).
[2025-09-15 16:34:34] [ADMIN] DEBUG: [ADMIN_GENERATE] ID do certificado adicionado (X: 280, Y: 2430).
[2025-09-15 16:34:34] [ADMIN] DEBUG: URL de verificação gerada: https://v.translators101.com/verificar_certificado.php?id=d9fc3184-8c94-4c04-8775-0f35883526c3
[2025-09-15 16:34:35] [ADMIN] DEBUG: QR Code colado na imagem base.
[2025-09-15 16:34:35] [ADMIN] DEBUG: [ADMIN_GENERATE] QR Code adicionado à imagem durante a geração (X: 2989, Y: 2131, Tamanho: 300).
[2025-09-15 16:34:39] [ADMIN] DEBUG: [ADMIN_GENERATE] imagepng() retornou SUCESSO. Verificando se o arquivo gerado é um PNG válido.
[2025-09-15 16:34:39] [ADMIN] INFO: [ADMIN_GENERATE] Certificado PNG gerado e salvo com sucesso em: /home/u335416710/domains/translators101.com/public_html/v/includes/../certificates/certificate_d9fc3184-8c94-4c04-8775-0f35883526c3.png. É um PNG válido.
[2025-09-15 16:54:41] [ADMIN] DEBUG: [ADMIN_GENERATE] Iniciando geração de PNG para ID: 700ce3e1-de62-4da2-bc36-1f1d29980c08
[2025-09-15 16:54:41] [ADMIN] DEBUG: [ADMIN_GENERATE] Conversão UTF-8 aplicada para geração.
[2025-09-15 16:54:41] [ADMIN] DEBUG: [ADMIN_GENERATE] Dimensões do template: Largura=3509, Altura=2481
[2025-09-15 16:54:41] [ADMIN] DEBUG: [ADMIN_GENERATE] Procurando fontes TTF para geração...
[2025-09-15 16:54:41] [ADMIN] DEBUG: [ADMIN_GENERATE] Fonte TTF Bold encontrada em: /home/u335416710/domains/translators101.com/public_html/v/includes/../fonts/DejaVuSans-Bold.ttf
[2025-09-15 16:54:41] [ADMIN] DEBUG: [ADMIN_GENERATE] Fonte TTF padrão encontrada em: /home/u335416710/domains/translators101.com/public_html/v/includes/../fonts/DejaVuSans-Bold.ttf
[2025-09-15 16:54:41] [ADMIN] DEBUG: [ADMIN_GENERATE] Usando imagettftext para geração.
[2025-09-15 16:54:41] [ADMIN] DEBUG: [ADMIN_GENERATE] Nome do usuário adicionado (X: 1299, Y: 1100).
[2025-09-15 16:54:41] [ADMIN] DEBUG: [ADMIN_GENERATE] Processando título: 'S05E49 — Arquivar, organizar e traduzir — Any Marry' (tamanho: 55 caracteres)
[2025-09-15 16:54:41] [ADMIN] DEBUG: [ADMIN_GENERATE] Título curto - usando layout centralizado
[2025-09-15 16:54:41] [ADMIN] DEBUG: [ADMIN_GENERATE] Título curto centralizado adicionado (X: 353.5, Y: 1400)
[2025-09-15 16:54:41] [ADMIN] DEBUG: [ADMIN_GENERATE] Duração da palestra adicionada (X: 2000, Y: 1570).
[2025-09-15 16:54:41] [ADMIN] DEBUG: [ADMIN_GENERATE] Data de emissão adicionada (X: 850, Y: 2330).
[2025-09-15 16:54:41] [ADMIN] DEBUG: [ADMIN_GENERATE] ID do certificado adicionado (X: 280, Y: 2430).
[2025-09-15 16:54:41] [ADMIN] DEBUG: URL de verificação gerada: https://v.translators101.com/verificar_certificado.php?id=700ce3e1-de62-4da2-bc36-1f1d29980c08
[2025-09-15 16:54:43] [ADMIN] DEBUG: QR Code colado na imagem base.
[2025-09-15 16:54:43] [ADMIN] DEBUG: [ADMIN_GENERATE] QR Code adicionado à imagem durante a geração (X: 2989, Y: 2131, Tamanho: 300).
[2025-09-15 16:54:46] [ADMIN] DEBUG: [ADMIN_GENERATE] imagepng() retornou SUCESSO. Verificando se o arquivo gerado é um PNG válido.
[2025-09-15 16:54:46] [ADMIN] INFO: [ADMIN_GENERATE] Certificado PNG gerado e salvo com sucesso em: /home/u335416710/domains/translators101.com/public_html/v/includes/../certificates/certificate_700ce3e1-de62-4da2-bc36-1f1d29980c08.png. É um PNG válido.
[2025-09-15 19:57:46] [REPORT_DOWNLOAD] User: debug-user downloaded report: relatorio_educacao_continuada_debug-user_2025-09-15_19-57-44.pdf (pdf)
[2025-09-15 17:00:20] [DOWNLOAD] DEBUG: Script download_certificate_files.php iniciado.
[2025-09-15 17:00:20] [DOWNLOAD] INFO: Usuário não logado. Redirecionando para login.php.
[2025-09-15 17:00:22] [DOWNLOAD] DEBUG: Script download_certificate_files.php iniciado.
[2025-09-15 17:00:22] [DOWNLOAD] INFO: Usuário não logado. Redirecionando para login.php.
[2025-09-15 17:01:23] [DOWNLOAD] DEBUG: Script download_certificate_files.php iniciado.
[2025-09-15 17:01:23] [DOWNLOAD] INFO: Usuário não logado. Redirecionando para login.php.
[2025-09-15 17:02:03] [DOWNLOAD] DEBUG: Script download_certificate_files.php iniciado.
[2025-09-15 17:02:03] [DOWNLOAD] INFO: Usuário não logado. Redirecionando para login.php.
[2025-09-15 17:02:03] [DOWNLOAD] DEBUG: Script download_certificate_files.php iniciado.
[2025-09-15 17:02:03] [DOWNLOAD] INFO: Usuário não logado. Redirecionando para login.php.
[2025-09-15 17:02:18] [DOWNLOAD] DEBUG: Script download_certificate_files.php iniciado.
[2025-09-15 17:02:18] [DOWNLOAD] INFO: Usuário não logado. Redirecionando para login.php.
[2025-09-15 17:04:14] [DOWNLOAD] DEBUG: Script download_certificate_files.php iniciado.
[2025-09-15 17:04:14] [DOWNLOAD] INFO: Usuário não logado. Redirecionando para login.php.
[2025-09-15 17:04:15] [DOWNLOAD] DEBUG: Script download_certificate_files.php iniciado.
[2025-09-15 17:04:15] [DOWNLOAD] DEBUG: ID do certificado recebido: 700ce3e1-de62-4da2-bc36-1f1d29980c08, formato solicitado: png
[2025-09-15 17:04:15] [DOWNLOAD] DEBUG: Dados do certificado encontrados no banco de dados.
[2025-09-15 17:04:15] [DOWNLOAD] DEBUG: Arquivo PNG encontrado: /home/u335416710/domains/translators101.com/public_html/v/certificates/certificate_700ce3e1-de62-4da2-bc36-1f1d29980c08.png
[2025-09-15 17:04:15] [DOWNLOAD] DEBUG: Preparando download final: Certificado_Eulalia_Navarro_2025-09-15.png (Tipo: image/png) - Arquivo: /home/u335416710/domains/translators101.com/public_html/v/certificates/certificate_700ce3e1-de62-4da2-bc36-1f1d29980c08.png
[2025-09-15 17:04:15] [DOWNLOAD] INFO: Arquivo Certificado_Eulalia_Navarro_2025-09-15.png enviado para download com sucesso.
[2025-09-15 17:07:48] [DOWNLOAD] DEBUG: Script download_certificate_files.php iniciado.
[2025-09-15 17:07:48] [DOWNLOAD] INFO: Usuário não logado. Redirecionando para login.php.
[2025-09-15 17:07:49] [DOWNLOAD] DEBUG: Script download_certificate_files.php iniciado.
[2025-09-15 17:07:49] [DOWNLOAD] DEBUG: ID do certificado recebido: b63aba31-58db-4bf5-8304-562792a29e96, formato solicitado: png
[2025-09-15 17:07:49] [DOWNLOAD] DEBUG: Dados do certificado encontrados no banco de dados.
[2025-09-15 17:07:49] [DOWNLOAD] DEBUG: Arquivo PNG encontrado: /home/u335416710/domains/translators101.com/public_html/v/certificates/certificate_b63aba31-58db-4bf5-8304-562792a29e96.png
[2025-09-15 17:07:49] [DOWNLOAD] DEBUG: Preparando download final: Certificado_Eulalia_Navarro_2025-09-15.png (Tipo: image/png) - Arquivo: /home/u335416710/domains/translators101.com/public_html/v/certificates/certificate_b63aba31-58db-4bf5-8304-562792a29e96.png
[2025-09-15 17:07:49] [DOWNLOAD] INFO: Arquivo Certificado_Eulalia_Navarro_2025-09-15.png enviado para download com sucesso.
[2025-09-15 17:18:06] [DOWNLOAD] DEBUG: Script download_certificate_files.php iniciado.
[2025-09-15 17:18:06] [DOWNLOAD] INFO: Usuário não logado. Redirecionando para login.php.
[2025-09-15 17:18:08] [DOWNLOAD] DEBUG: Script download_certificate_files.php iniciado.
[2025-09-15 17:18:08] [DOWNLOAD] DEBUG: ID do certificado recebido: b63aba31-58db-4bf5-8304-562792a29e96, formato solicitado: png
[2025-09-15 17:18:08] [DOWNLOAD] DEBUG: Dados do certificado encontrados no banco de dados.
[2025-09-15 17:18:08] [DOWNLOAD] DEBUG: Arquivo PNG encontrado: /home/u335416710/domains/translators101.com/public_html/v/certificates/certificate_b63aba31-58db-4bf5-8304-562792a29e96.png
[2025-09-15 17:18:08] [DOWNLOAD] DEBUG: Preparando download final: Certificado_Eulalia_Navarro_2025-09-15.png (Tipo: image/png) - Arquivo: /home/u335416710/domains/translators101.com/public_html/v/certificates/certificate_b63aba31-58db-4bf5-8304-562792a29e96.png
[2025-09-15 17:18:08] [DOWNLOAD] INFO: Arquivo Certificado_Eulalia_Navarro_2025-09-15.png enviado para download com sucesso.
[2025-09-15 17:19:10] [DOWNLOAD] DEBUG: Script download_certificate_files.php iniciado.
[2025-09-15 17:19:10] [DOWNLOAD] INFO: Usuário não logado. Redirecionando para login.php.
[2025-09-15 17:19:10] [DOWNLOAD] DEBUG: Script download_certificate_files.php iniciado.
[2025-09-15 17:19:10] [DOWNLOAD] DEBUG: ID do certificado recebido: f02e77d5-f7e2-4829-903f-31eba9b5ffa1, formato solicitado: png
[2025-09-15 17:19:10] [DOWNLOAD] DEBUG: Dados do certificado encontrados no banco de dados.
[2025-09-15 17:19:10] [DOWNLOAD] DEBUG: Arquivo PNG encontrado: /home/u335416710/domains/translators101.com/public_html/v/certificates/certificate_f02e77d5-f7e2-4829-903f-31eba9b5ffa1.png
[2025-09-15 17:19:10] [DOWNLOAD] DEBUG: Preparando download final: Certificado_Eulalia_Navarro_2025-09-15.png (Tipo: image/png) - Arquivo: /home/u335416710/domains/translators101.com/public_html/v/certificates/certificate_f02e77d5-f7e2-4829-903f-31eba9b5ffa1.png
[2025-09-15 17:19:10] [DOWNLOAD] INFO: Arquivo Certificado_Eulalia_Navarro_2025-09-15.png enviado para download com sucesso.
[2025-09-15 17:19:35] [DOWNLOAD] DEBUG: Script download_certificate_files.php iniciado.
[2025-09-15 17:19:35] [DOWNLOAD] INFO: Usuário não logado. Redirecionando para login.php.
[2025-09-15 17:20:06] [DOWNLOAD] DEBUG: Script download_certificate_files.php iniciado.
[2025-09-15 17:20:06] [DOWNLOAD] INFO: Usuário não logado. Redirecionando para login.php.
[2025-09-15 17:20:06] [DOWNLOAD] DEBUG: Script download_certificate_files.php iniciado.
[2025-09-15 17:20:06] [DOWNLOAD] DEBUG: ID do certificado recebido: 8220c3dc-7dfc-4405-b94f-342686fc8410, formato solicitado: png
[2025-09-15 17:20:06] [DOWNLOAD] DEBUG: Dados do certificado encontrados no banco de dados.
[2025-09-15 17:20:06] [DOWNLOAD] DEBUG: Arquivo PNG encontrado: /home/u335416710/domains/translators101.com/public_html/v/certificates/certificate_8220c3dc-7dfc-4405-b94f-342686fc8410.png
[2025-09-15 17:20:06] [DOWNLOAD] DEBUG: Preparando download final: Certificado_Eulalia_Navarro_2025-09-15.png (Tipo: image/png) - Arquivo: /home/u335416710/domains/translators101.com/public_html/v/certificates/certificate_8220c3dc-7dfc-4405-b94f-342686fc8410.png
[2025-09-15 17:20:06] [DOWNLOAD] INFO: Arquivo Certificado_Eulalia_Navarro_2025-09-15.png enviado para download com sucesso.
[2025-09-15 17:20:38] [DOWNLOAD] DEBUG: Script download_certificate_files.php iniciado.
[2025-09-15 17:20:38] [DOWNLOAD] INFO: Usuário não logado. Redirecionando para login.php.
[2025-09-15 17:20:45] [DOWNLOAD] DEBUG: Script download_certificate_files.php iniciado.
[2025-09-15 17:20:45] [DOWNLOAD] INFO: Usuário não logado. Redirecionando para login.php.
[2025-09-15 17:20:46] [DOWNLOAD] DEBUG: Script download_certificate_files.php iniciado.
[2025-09-15 17:20:46] [DOWNLOAD] DEBUG: ID do certificado recebido: 700ce3e1-de62-4da2-bc36-1f1d29980c08, formato solicitado: png
[2025-09-15 17:20:46] [DOWNLOAD] DEBUG: Dados do certificado encontrados no banco de dados.
[2025-09-15 17:20:46] [DOWNLOAD] DEBUG: Arquivo PNG encontrado: /home/u335416710/domains/translators101.com/public_html/v/certificates/certificate_700ce3e1-de62-4da2-bc36-1f1d29980c08.png
[2025-09-15 17:20:46] [DOWNLOAD] DEBUG: Preparando download final: Certificado_Eulalia_Navarro_2025-09-15.png (Tipo: image/png) - Arquivo: /home/u335416710/domains/translators101.com/public_html/v/certificates/certificate_700ce3e1-de62-4da2-bc36-1f1d29980c08.png
[2025-09-15 17:20:47] [DOWNLOAD] INFO: Arquivo Certificado_Eulalia_Navarro_2025-09-15.png enviado para download com sucesso.
[2025-09-15 17:22:57] [DOWNLOAD] DEBUG: Script download_certificate_files.php iniciado.
[2025-09-15 17:22:57] [DOWNLOAD] INFO: Usuário não logado. Redirecionando para login.php.
[2025-09-15 17:22:58] [DOWNLOAD] DEBUG: Script download_certificate_files.php iniciado.
[2025-09-15 17:22:58] [DOWNLOAD] DEBUG: ID do certificado recebido: 763a1aa7-247e-40ed-9a85-cf5383d78aeb, formato solicitado: png
[2025-09-15 17:22:58] [DOWNLOAD] DEBUG: Dados do certificado encontrados no banco de dados.
[2025-09-15 17:22:58] [DOWNLOAD] DEBUG: Arquivo PNG encontrado: /home/u335416710/domains/translators101.com/public_html/v/certificates/certificate_763a1aa7-247e-40ed-9a85-cf5383d78aeb.png
[2025-09-15 17:22:58] [DOWNLOAD] DEBUG: Preparando download final: Certificado_Eulalia_Navarro_2025-09-15.png (Tipo: image/png) - Arquivo: /home/u335416710/domains/translators101.com/public_html/v/certificates/certificate_763a1aa7-247e-40ed-9a85-cf5383d78aeb.png
[2025-09-15 17:22:58] [DOWNLOAD] INFO: Arquivo Certificado_Eulalia_Navarro_2025-09-15.png enviado para download com sucesso.
[2025-09-15 17:23:09] [DOWNLOAD] DEBUG: Script download_certificate_files.php iniciado.
[2025-09-15 17:23:09] [DOWNLOAD] INFO: Usuário não logado. Redirecionando para login.php.
[2025-09-15 17:23:49] [DOWNLOAD] DEBUG: Script download_certificate_files.php iniciado.
[2025-09-15 17:23:49] [DOWNLOAD] INFO: Usuário não logado. Redirecionando para login.php.
[2025-09-15 17:23:49] [DOWNLOAD] DEBUG: Script download_certificate_files.php iniciado.
[2025-09-15 17:23:49] [DOWNLOAD] DEBUG: ID do certificado recebido: f02e77d5-f7e2-4829-903f-31eba9b5ffa1, formato solicitado: png
[2025-09-15 17:23:49] [DOWNLOAD] DEBUG: Dados do certificado encontrados no banco de dados.
[2025-09-15 17:23:49] [DOWNLOAD] DEBUG: Arquivo PNG encontrado: /home/u335416710/domains/translators101.com/public_html/v/certificates/certificate_f02e77d5-f7e2-4829-903f-31eba9b5ffa1.png
[2025-09-15 17:23:49] [DOWNLOAD] DEBUG: Preparando download final: Certificado_Eulalia_Navarro_2025-09-15.png (Tipo: image/png) - Arquivo: /home/u335416710/domains/translators101.com/public_html/v/certificates/certificate_f02e77d5-f7e2-4829-903f-31eba9b5ffa1.png
[2025-09-15 17:23:49] [DOWNLOAD] INFO: Arquivo Certificado_Eulalia_Navarro_2025-09-15.png enviado para download com sucesso.
[2025-09-15 17:24:14] [DOWNLOAD] DEBUG: Script download_certificate_files.php iniciado.
[2025-09-15 17:24:14] [DOWNLOAD] DEBUG: ID do certificado recebido: 0bee714c-73c9-4652-8f71-848da012f221, formato solicitado: png
[2025-09-15 17:24:14] [DOWNLOAD] DEBUG: Dados do certificado encontrados no banco de dados.
[2025-09-15 17:24:14] [DOWNLOAD] DEBUG: Arquivo PNG encontrado: /home/u335416710/domains/translators101.com/public_html/v/certificates/certificate_0bee714c-73c9-4652-8f71-848da012f221.png
[2025-09-15 17:24:14] [DOWNLOAD] DEBUG: Preparando download final: Certificado_William_Cassemiro_2025-09-15.png (Tipo: image/png) - Arquivo: /home/u335416710/domains/translators101.com/public_html/v/certificates/certificate_0bee714c-73c9-4652-8f71-848da012f221.png
[2025-09-15 17:24:14] [DOWNLOAD] INFO: Arquivo Certificado_William_Cassemiro_2025-09-15.png enviado para download com sucesso.
[2025-09-15 17:24:30] [DOWNLOAD] DEBUG: Script download_certificate_files.php iniciado.
[2025-09-15 17:24:30] [DOWNLOAD] INFO: Usuário não logado. Redirecionando para login.php.
[2025-09-15 17:24:32] [DOWNLOAD] DEBUG: Script download_certificate_files.php iniciado.
[2025-09-15 17:24:32] [DOWNLOAD] DEBUG: ID do certificado recebido: 700ce3e1-de62-4da2-bc36-1f1d29980c08, formato solicitado: png
[2025-09-15 17:24:32] [DOWNLOAD] DEBUG: Dados do certificado encontrados no banco de dados.
[2025-09-15 17:24:32] [DOWNLOAD] DEBUG: Arquivo PNG encontrado: /home/u335416710/domains/translators101.com/public_html/v/certificates/certificate_700ce3e1-de62-4da2-bc36-1f1d29980c08.png
[2025-09-15 17:24:32] [DOWNLOAD] DEBUG: Preparando download final: Certificado_Eulalia_Navarro_2025-09-15.png (Tipo: image/png) - Arquivo: /home/u335416710/domains/translators101.com/public_html/v/certificates/certificate_700ce3e1-de62-4da2-bc36-1f1d29980c08.png
[2025-09-15 17:24:32] [DOWNLOAD] INFO: Arquivo Certificado_Eulalia_Navarro_2025-09-15.png enviado para download com sucesso.
[2025-09-15 17:25:30] [DOWNLOAD] DEBUG: Script download_certificate_files.php iniciado.
[2025-09-15 17:25:30] [DOWNLOAD] INFO: Usuário não logado. Redirecionando para login.php.
[2025-09-15 17:25:31] [DOWNLOAD] DEBUG: Script download_certificate_files.php iniciado.
[2025-09-15 17:25:31] [DOWNLOAD] DEBUG: ID do certificado recebido: 8220c3dc-7dfc-4405-b94f-342686fc8410, formato solicitado: png
[2025-09-15 17:25:31] [DOWNLOAD] DEBUG: Dados do certificado encontrados no banco de dados.
[2025-09-15 17:25:31] [DOWNLOAD] DEBUG: Arquivo PNG encontrado: /home/u335416710/domains/translators101.com/public_html/v/certificates/certificate_8220c3dc-7dfc-4405-b94f-342686fc8410.png
[2025-09-15 17:25:31] [DOWNLOAD] DEBUG: Preparando download final: Certificado_Eulalia_Navarro_2025-09-15.png (Tipo: image/png) - Arquivo: /home/u335416710/domains/translators101.com/public_html/v/certificates/certificate_8220c3dc-7dfc-4405-b94f-342686fc8410.png
[2025-09-15 17:25:31] [DOWNLOAD] INFO: Arquivo Certificado_Eulalia_Navarro_2025-09-15.png enviado para download com sucesso.
[2025-09-15 17:25:53] [DOWNLOAD] DEBUG: Script download_certificate_files.php iniciado.
[2025-09-15 17:25:53] [DOWNLOAD] INFO: Usuário não logado. Redirecionando para login.php.
[2025-09-15 17:34:24] [DOWNLOAD] DEBUG: Script download_certificate_files.php iniciado.
[2025-09-15 17:34:24] [DOWNLOAD] INFO: Usuário não logado. Redirecionando para login.php.
[2025-09-15 17:34:25] [DOWNLOAD] DEBUG: Script download_certificate_files.php iniciado.
[2025-09-15 17:34:25] [DOWNLOAD] DEBUG: ID do certificado recebido: 657ee082-20e6-44c2-9e1e-5e502e55b75b, formato solicitado: png
[2025-09-15 17:34:25] [DOWNLOAD] DEBUG: Dados do certificado encontrados no banco de dados.
[2025-09-15 17:34:25] [DOWNLOAD] DEBUG: Arquivo PNG encontrado: /home/u335416710/domains/translators101.com/public_html/v/certificates/certificate_657ee082-20e6-44c2-9e1e-5e502e55b75b.png
[2025-09-15 17:34:25] [DOWNLOAD] DEBUG: Preparando download final: Certificado_Eulalia_Navarro_2025-09-15.png (Tipo: image/png) - Arquivo: /home/u335416710/domains/translators101.com/public_html/v/certificates/certificate_657ee082-20e6-44c2-9e1e-5e502e55b75b.png
[2025-09-15 17:34:25] [DOWNLOAD] INFO: Arquivo Certificado_Eulalia_Navarro_2025-09-15.png enviado para download com sucesso.
[2025-09-15 17:34:35] [DOWNLOAD] DEBUG: Script download_certificate_files.php iniciado.
[2025-09-15 17:34:35] [DOWNLOAD] INFO: Usuário não logado. Redirecionando para login.php.
[2025-09-15 17:35:19] [DOWNLOAD] DEBUG: Script download_certificate_files.php iniciado.
[2025-09-15 17:35:19] [DOWNLOAD] INFO: Usuário não logado. Redirecionando para login.php.
[2025-09-15 17:35:20] [DOWNLOAD] DEBUG: Script download_certificate_files.php iniciado.
[2025-09-15 17:35:20] [DOWNLOAD] DEBUG: ID do certificado recebido: 10bbb797-d019-4a7a-b7d8-3bc70adb04ab, formato solicitado: png
[2025-09-15 17:35:20] [DOWNLOAD] DEBUG: Dados do certificado encontrados no banco de dados.
[2025-09-15 17:35:20] [DOWNLOAD] DEBUG: Arquivo PNG encontrado: /home/u335416710/domains/translators101.com/public_html/v/certificates/certificate_10bbb797-d019-4a7a-b7d8-3bc70adb04ab.png
[2025-09-15 17:35:20] [DOWNLOAD] DEBUG: Preparando download final: Certificado_Eulalia_Navarro_2025-09-15.png (Tipo: image/png) - Arquivo: /home/u335416710/domains/translators101.com/public_html/v/certificates/certificate_10bbb797-d019-4a7a-b7d8-3bc70adb04ab.png
[2025-09-15 17:35:20] [DOWNLOAD] INFO: Arquivo Certificado_Eulalia_Navarro_2025-09-15.png enviado para download com sucesso.
[2025-09-15 17:36:03] [DOWNLOAD] DEBUG: Script download_certificate_files.php iniciado.
[2025-09-15 17:36:03] [DOWNLOAD] INFO: Usuário não logado. Redirecionando para login.php.
[2025-09-15 17:36:04] [DOWNLOAD] DEBUG: Script download_certificate_files.php iniciado.
[2025-09-15 17:36:04] [DOWNLOAD] DEBUG: ID do certificado recebido: 9b049180-ae20-40fc-83cb-bc23081c8b9e, formato solicitado: png
[2025-09-15 17:36:04] [DOWNLOAD] DEBUG: Dados do certificado encontrados no banco de dados.
[2025-09-15 17:36:04] [DOWNLOAD] DEBUG: Arquivo PNG encontrado: /home/u335416710/domains/translators101.com/public_html/v/certificates/certificate_9b049180-ae20-40fc-83cb-bc23081c8b9e.png
[2025-09-15 17:36:04] [DOWNLOAD] DEBUG: Preparando download final: Certificado_Eulalia_Navarro_2025-09-15.png (Tipo: image/png) - Arquivo: /home/u335416710/domains/translators101.com/public_html/v/certificates/certificate_9b049180-ae20-40fc-83cb-bc23081c8b9e.png
[2025-09-15 17:36:04] [DOWNLOAD] INFO: Arquivo Certificado_Eulalia_Navarro_2025-09-15.png enviado para download com sucesso.
[2025-09-15 17:36:17] [DOWNLOAD] DEBUG: Script download_certificate_files.php iniciado.
[2025-09-15 17:36:17] [DOWNLOAD] INFO: Usuário não logado. Redirecionando para login.php.
[2025-09-15 17:36:50] [DOWNLOAD] DEBUG: Script download_certificate_files.php iniciado.
[2025-09-15 17:36:50] [DOWNLOAD] INFO: Usuário não logado. Redirecionando para login.php.
[2025-09-15 17:36:51] [DOWNLOAD] DEBUG: Script download_certificate_files.php iniciado.
[2025-09-15 17:36:51] [DOWNLOAD] DEBUG: ID do certificado recebido: 3eceb2c6-bc4a-4151-82ee-978689aee2d0, formato solicitado: png
[2025-09-15 17:36:51] [DOWNLOAD] DEBUG: Dados do certificado encontrados no banco de dados.
[2025-09-15 17:36:51] [DOWNLOAD] DEBUG: Arquivo PNG encontrado: /home/u335416710/domains/translators101.com/public_html/v/certificates/certificate_3eceb2c6-bc4a-4151-82ee-978689aee2d0.png
[2025-09-15 17:36:51] [DOWNLOAD] DEBUG: Preparando download final: Certificado_Eulalia_Navarro_2025-09-15.png (Tipo: image/png) - Arquivo: /home/u335416710/domains/translators101.com/public_html/v/certificates/certificate_3eceb2c6-bc4a-4151-82ee-978689aee2d0.png
[2025-09-15 17:36:51] [DOWNLOAD] INFO: Arquivo Certificado_Eulalia_Navarro_2025-09-15.png enviado para download com sucesso.
[2025-09-15 17:36:55] [DOWNLOAD] DEBUG: Script download_certificate_files.php iniciado.
[2025-09-15 17:36:55] [DOWNLOAD] INFO: Usuário não logado. Redirecionando para login.php.
[2025-09-15 17:37:35] [DOWNLOAD] DEBUG: Script download_certificate_files.php iniciado.
[2025-09-15 17:37:35] [DOWNLOAD] INFO: Usuário não logado. Redirecionando para login.php.
[2025-09-15 17:48:12] [DOWNLOAD] DEBUG: Script download_certificate_files.php iniciado.
[2025-09-15 17:48:12] [DOWNLOAD] INFO: Usuário não logado. Redirecionando para login.php.
[2025-09-15 17:48:13] [DOWNLOAD] DEBUG: Script download_certificate_files.php iniciado.
[2025-09-15 17:48:13] [DOWNLOAD] DEBUG: ID do certificado recebido: acc32b04-60a8-403e-b335-76361d9146e1, formato solicitado: png
[2025-09-15 17:48:13] [DOWNLOAD] DEBUG: Dados do certificado encontrados no banco de dados.
[2025-09-15 17:48:13] [DOWNLOAD] DEBUG: Arquivo PNG encontrado: /home/u335416710/domains/translators101.com/public_html/v/certificates/certificate_acc32b04-60a8-403e-b335-76361d9146e1.png
[2025-09-15 17:48:13] [DOWNLOAD] DEBUG: Preparando download final: Certificado_Eulalia_Navarro_2025-09-15.png (Tipo: image/png) - Arquivo: /home/u335416710/domains/translators101.com/public_html/v/certificates/certificate_acc32b04-60a8-403e-b335-76361d9146e1.png
[2025-09-15 17:48:13] [DOWNLOAD] INFO: Arquivo Certificado_Eulalia_Navarro_2025-09-15.png enviado para download com sucesso.
[2025-09-15 17:48:37] [DOWNLOAD] DEBUG: Script download_certificate_files.php iniciado.
[2025-09-15 17:48:37] [DOWNLOAD] INFO: Usuário não logado. Redirecionando para login.php.
[2025-09-15 17:49:52] [DOWNLOAD] DEBUG: Script download_certificate_files.php iniciado.
[2025-09-15 17:49:52] [DOWNLOAD] INFO: Usuário não logado. Redirecionando para login.php.
[2025-09-15 17:49:54] [DOWNLOAD] DEBUG: Script download_certificate_files.php iniciado.
[2025-09-15 17:49:54] [DOWNLOAD] DEBUG: ID do certificado recebido: f746df70-214a-4fee-bfc7-619873f8dfd5, formato solicitado: png
[2025-09-15 17:49:54] [DOWNLOAD] DEBUG: Dados do certificado encontrados no banco de dados.
[2025-09-15 17:49:54] [DOWNLOAD] DEBUG: Arquivo PNG encontrado: /home/u335416710/domains/translators101.com/public_html/v/certificates/certificate_f746df70-214a-4fee-bfc7-619873f8dfd5.png
[2025-09-15 17:49:54] [DOWNLOAD] DEBUG: Preparando download final: Certificado_Eulalia_Navarro_2025-09-15.png (Tipo: image/png) - Arquivo: /home/u335416710/domains/translators101.com/public_html/v/certificates/certificate_f746df70-214a-4fee-bfc7-619873f8dfd5.png
[2025-09-15 17:49:54] [DOWNLOAD] INFO: Arquivo Certificado_Eulalia_Navarro_2025-09-15.png enviado para download com sucesso.
[2025-09-15 17:50:02] [DOWNLOAD] DEBUG: Script download_certificate_files.php iniciado.
[2025-09-15 17:50:02] [DOWNLOAD] INFO: Usuário não logado. Redirecionando para login.php.
[2025-09-15 17:50:57] [DOWNLOAD] DEBUG: Script download_certificate_files.php iniciado.
[2025-09-15 17:50:57] [DOWNLOAD] INFO: Usuário não logado. Redirecionando para login.php.
[2025-09-15 17:50:58] [DOWNLOAD] DEBUG: Script download_certificate_files.php iniciado.
[2025-09-15 17:50:58] [DOWNLOAD] DEBUG: ID do certificado recebido: 2618ce60-2ab8-4bd2-bd17-69184f2d403e, formato solicitado: png
[2025-09-15 17:50:58] [DOWNLOAD] DEBUG: Dados do certificado encontrados no banco de dados.
[2025-09-15 17:50:58] [DOWNLOAD] DEBUG: Arquivo PNG encontrado: /home/u335416710/domains/translators101.com/public_html/v/certificates/certificate_2618ce60-2ab8-4bd2-bd17-69184f2d403e.png
[2025-09-15 17:50:58] [DOWNLOAD] DEBUG: Preparando download final: Certificado_Eulalia_Navarro_2025-09-15.png (Tipo: image/png) - Arquivo: /home/u335416710/domains/translators101.com/public_html/v/certificates/certificate_2618ce60-2ab8-4bd2-bd17-69184f2d403e.png
[2025-09-15 17:50:58] [DOWNLOAD] INFO: Arquivo Certificado_Eulalia_Navarro_2025-09-15.png enviado para download com sucesso.
[2025-09-15 17:51:43] [DOWNLOAD] DEBUG: Script download_certificate_files.php iniciado.
[2025-09-15 17:51:43] [DOWNLOAD] INFO: Usuário não logado. Redirecionando para login.php.
[2025-09-15 17:52:40] [DOWNLOAD] DEBUG: Script download_certificate_files.php iniciado.
[2025-09-15 17:52:40] [DOWNLOAD] INFO: Usuário não logado. Redirecionando para login.php.
[2025-09-15 17:52:41] [DOWNLOAD] DEBUG: Script download_certificate_files.php iniciado.
[2025-09-15 17:52:41] [DOWNLOAD] DEBUG: ID do certificado recebido: c221347a-0f5b-45e7-ad22-17aedc95581a, formato solicitado: png
[2025-09-15 17:52:41] [DOWNLOAD] DEBUG: Dados do certificado encontrados no banco de dados.
[2025-09-15 17:52:41] [DOWNLOAD] DEBUG: Arquivo PNG encontrado: /home/u335416710/domains/translators101.com/public_html/v/certificates/certificate_c221347a-0f5b-45e7-ad22-17aedc95581a.png
[2025-09-15 17:52:41] [DOWNLOAD] DEBUG: Preparando download final: Certificado_Eulalia_Navarro_2025-09-15.png (Tipo: image/png) - Arquivo: /home/u335416710/domains/translators101.com/public_html/v/certificates/certificate_c221347a-0f5b-45e7-ad22-17aedc95581a.png
[2025-09-15 17:52:41] [DOWNLOAD] INFO: Arquivo Certificado_Eulalia_Navarro_2025-09-15.png enviado para download com sucesso.
[2025-09-15 17:52:50] [DOWNLOAD] DEBUG: Script download_certificate_files.php iniciado.
[2025-09-15 17:52:50] [DOWNLOAD] INFO: Usuário não logado. Redirecionando para login.php.
[2025-09-15 17:53:43] [DOWNLOAD] DEBUG: Script download_certificate_files.php iniciado.
[2025-09-15 17:53:43] [DOWNLOAD] DEBUG: ID do certificado recebido: 688948e4-6588-49cf-9a60-e626824421ab, formato solicitado: png
[2025-09-15 17:53:43] [DOWNLOAD] DEBUG: Dados do certificado encontrados no banco de dados.
[2025-09-15 17:53:43] [DOWNLOAD] DEBUG: Arquivo PNG encontrado: /home/u335416710/domains/translators101.com/public_html/v/certificates/certificate_688948e4-6588-49cf-9a60-e626824421ab.png
[2025-09-15 17:53:43] [DOWNLOAD] DEBUG: Preparando download final: Certificado_Eulalia_Navarro_2025-09-15.png (Tipo: image/png) - Arquivo: /home/u335416710/domains/translators101.com/public_html/v/certificates/certificate_688948e4-6588-49cf-9a60-e626824421ab.png
[2025-09-15 17:53:43] [DOWNLOAD] INFO: Arquivo Certificado_Eulalia_Navarro_2025-09-15.png enviado para download com sucesso.
[2025-09-15 17:54:46] [DOWNLOAD] DEBUG: Script download_certificate_files.php iniciado.
[2025-09-15 17:54:46] [DOWNLOAD] INFO: Usuário não logado. Redirecionando para login.php.
[2025-09-15 17:54:47] [DOWNLOAD] DEBUG: Script download_certificate_files.php iniciado.
[2025-09-15 17:54:47] [DOWNLOAD] DEBUG: ID do certificado recebido: 02a1cfb4-3936-4849-a11e-f7c29e75bfdb, formato solicitado: png
[2025-09-15 17:54:47] [DOWNLOAD] DEBUG: Dados do certificado encontrados no banco de dados.
[2025-09-15 17:54:47] [DOWNLOAD] DEBUG: Arquivo PNG encontrado: /home/u335416710/domains/translators101.com/public_html/v/certificates/certificate_02a1cfb4-3936-4849-a11e-f7c29e75bfdb.png
[2025-09-15 17:54:47] [DOWNLOAD] DEBUG: Preparando download final: Certificado_Eulalia_Navarro_2025-09-15.png (Tipo: image/png) - Arquivo: /home/u335416710/domains/translators101.com/public_html/v/certificates/certificate_02a1cfb4-3936-4849-a11e-f7c29e75bfdb.png
[2025-09-15 17:54:47] [DOWNLOAD] INFO: Arquivo Certificado_Eulalia_Navarro_2025-09-15.png enviado para download com sucesso.
[2025-09-15 17:55:34] [DOWNLOAD] DEBUG: Script download_certificate_files.php iniciado.
[2025-09-15 17:55:34] [DOWNLOAD] INFO: Usuário não logado. Redirecionando para login.php.
[2025-09-15 17:55:47] [DOWNLOAD] DEBUG: Script download_certificate_files.php iniciado.
[2025-09-15 17:55:47] [DOWNLOAD] INFO: Usuário não logado. Redirecionando para login.php.
[2025-09-15 17:55:48] [DOWNLOAD] DEBUG: Script download_certificate_files.php iniciado.
[2025-09-15 17:55:48] [DOWNLOAD] DEBUG: ID do certificado recebido: 6f927885-7394-4968-acfd-a15a79c93fac, formato solicitado: png
[2025-09-15 17:55:48] [DOWNLOAD] DEBUG: Dados do certificado encontrados no banco de dados.
[2025-09-15 17:55:48] [DOWNLOAD] DEBUG: Arquivo PNG encontrado: /home/u335416710/domains/translators101.com/public_html/v/certificates/certificate_6f927885-7394-4968-acfd-a15a79c93fac.png
[2025-09-15 17:55:48] [DOWNLOAD] DEBUG: Preparando download final: Certificado_Eulalia_Navarro_2025-09-15.png (Tipo: image/png) - Arquivo: /home/u335416710/domains/translators101.com/public_html/v/certificates/certificate_6f927885-7394-4968-acfd-a15a79c93fac.png
[2025-09-15 17:55:48] [DOWNLOAD] INFO: Arquivo Certificado_Eulalia_Navarro_2025-09-15.png enviado para download com sucesso.
[2025-09-15 17:56:06] [DOWNLOAD] DEBUG: Script download_certificate_files.php iniciado.
[2025-09-15 17:56:06] [DOWNLOAD] INFO: Usuário não logado. Redirecionando para login.php.
[2025-09-15 17:57:42] [DOWNLOAD] DEBUG: Script download_certificate_files.php iniciado.
[2025-09-15 17:57:42] [DOWNLOAD] INFO: Usuário não logado. Redirecionando para login.php.
[2025-09-15 17:57:45] [DOWNLOAD] DEBUG: Script download_certificate_files.php iniciado.
[2025-09-15 17:57:45] [DOWNLOAD] DEBUG: ID do certificado recebido: bdb0e266-7d2f-4979-8df8-f50f23ad0918, formato solicitado: png
[2025-09-15 17:57:45] [DOWNLOAD] DEBUG: Dados do certificado encontrados no banco de dados.
[2025-09-15 17:57:45] [DOWNLOAD] DEBUG: Arquivo PNG encontrado: /home/u335416710/domains/translators101.com/public_html/v/certificates/certificate_bdb0e266-7d2f-4979-8df8-f50f23ad0918.png
[2025-09-15 17:57:45] [DOWNLOAD] DEBUG: Preparando download final: Certificado_Eulalia_Navarro_2025-09-15.png (Tipo: image/png) - Arquivo: /home/u335416710/domains/translators101.com/public_html/v/certificates/certificate_bdb0e266-7d2f-4979-8df8-f50f23ad0918.png
[2025-09-15 17:57:45] [DOWNLOAD] INFO: Arquivo Certificado_Eulalia_Navarro_2025-09-15.png enviado para download com sucesso.
[2025-09-15 17:58:09] [DOWNLOAD] DEBUG: Script download_certificate_files.php iniciado.
[2025-09-15 17:58:09] [DOWNLOAD] INFO: Usuário não logado. Redirecionando para login.php.
[2025-09-15 17:58:40] [DOWNLOAD] DEBUG: Script download_certificate_files.php iniciado.
[2025-09-15 17:58:40] [DOWNLOAD] INFO: Usuário não logado. Redirecionando para login.php.
[2025-09-15 17:58:41] [DOWNLOAD] DEBUG: Script download_certificate_files.php iniciado.
[2025-09-15 17:58:41] [DOWNLOAD] DEBUG: ID do certificado recebido: e0090988-87a0-4d36-ac12-8be208fe76e5, formato solicitado: png
[2025-09-15 17:58:41] [DOWNLOAD] DEBUG: Dados do certificado encontrados no banco de dados.
[2025-09-15 17:58:41] [DOWNLOAD] DEBUG: Arquivo PNG encontrado: /home/u335416710/domains/translators101.com/public_html/v/certificates/certificate_e0090988-87a0-4d36-ac12-8be208fe76e5.png
[2025-09-15 17:58:41] [DOWNLOAD] DEBUG: Preparando download final: Certificado_Eulalia_Navarro_2025-09-15.png (Tipo: image/png) - Arquivo: /home/u335416710/domains/translators101.com/public_html/v/certificates/certificate_e0090988-87a0-4d36-ac12-8be208fe76e5.png
[2025-09-15 17:58:41] [DOWNLOAD] INFO: Arquivo Certificado_Eulalia_Navarro_2025-09-15.png enviado para download com sucesso.
[2025-09-15 17:58:54] [DOWNLOAD] DEBUG: Script download_certificate_files.php iniciado.
[2025-09-15 17:58:54] [DOWNLOAD] INFO: Usuário não logado. Redirecionando para login.php.
[2025-09-15 17:59:59] [DOWNLOAD] DEBUG: Script download_certificate_files.php iniciado.
[2025-09-15 17:59:59] [DOWNLOAD] INFO: Usuário não logado. Redirecionando para login.php.
[2025-09-15 18:00:00] [DOWNLOAD] DEBUG: Script download_certificate_files.php iniciado.
[2025-09-15 18:00:00] [DOWNLOAD] DEBUG: ID do certificado recebido: 0d66e9c6-41af-4aac-87b7-0e38fdddcbb1, formato solicitado: png
[2025-09-15 18:00:00] [DOWNLOAD] DEBUG: Dados do certificado encontrados no banco de dados.
[2025-09-15 18:00:00] [DOWNLOAD] DEBUG: Arquivo PNG encontrado: /home/u335416710/domains/translators101.com/public_html/v/certificates/certificate_0d66e9c6-41af-4aac-87b7-0e38fdddcbb1.png
[2025-09-15 18:00:00] [DOWNLOAD] DEBUG: Preparando download final: Certificado_Eulalia_Navarro_2025-09-15.png (Tipo: image/png) - Arquivo: /home/u335416710/domains/translators101.com/public_html/v/certificates/certificate_0d66e9c6-41af-4aac-87b7-0e38fdddcbb1.png
[2025-09-15 18:00:00] [DOWNLOAD] INFO: Arquivo Certificado_Eulalia_Navarro_2025-09-15.png enviado para download com sucesso.
[2025-09-15 18:00:12] [DOWNLOAD] DEBUG: Script download_certificate_files.php iniciado.
[2025-09-15 18:00:12] [DOWNLOAD] INFO: Usuário não logado. Redirecionando para login.php.
[2025-09-15 18:07:03] [DOWNLOAD] DEBUG: Script download_certificate_files.php iniciado.
[2025-09-15 18:07:03] [DOWNLOAD] INFO: Usuário não logado. Redirecionando para login.php.
[2025-09-15 18:07:05] [DOWNLOAD] DEBUG: Script download_certificate_files.php iniciado.
[2025-09-15 18:07:05] [DOWNLOAD] DEBUG: ID do certificado recebido: 4b96ac05-de18-43a5-8dfc-ccde2a0c3775, formato solicitado: png
[2025-09-15 18:07:05] [DOWNLOAD] DEBUG: Dados do certificado encontrados no banco de dados.
[2025-09-15 18:07:05] [DOWNLOAD] DEBUG: Arquivo PNG encontrado: /home/u335416710/domains/translators101.com/public_html/v/certificates/certificate_4b96ac05-de18-43a5-8dfc-ccde2a0c3775.png
[2025-09-15 18:07:05] [DOWNLOAD] DEBUG: Preparando download final: Certificado_Eulalia_Navarro_2025-09-15.png (Tipo: image/png) - Arquivo: /home/u335416710/domains/translators101.com/public_html/v/certificates/certificate_4b96ac05-de18-43a5-8dfc-ccde2a0c3775.png
[2025-09-15 18:07:05] [DOWNLOAD] INFO: Arquivo Certificado_Eulalia_Navarro_2025-09-15.png enviado para download com sucesso.
[2025-09-15 18:07:36] [DOWNLOAD] DEBUG: Script download_certificate_files.php iniciado.
[2025-09-15 18:07:36] [DOWNLOAD] INFO: Usuário não logado. Redirecionando para login.php.
[2025-09-15 18:07:55] [DOWNLOAD] DEBUG: Script download_certificate_files.php iniciado.
[2025-09-15 18:07:55] [DOWNLOAD] INFO: Usuário não logado. Redirecionando para login.php.
[2025-09-15 18:07:56] [DOWNLOAD] DEBUG: Script download_certificate_files.php iniciado.
[2025-09-15 18:07:56] [DOWNLOAD] DEBUG: ID do certificado recebido: d7293dfb-c43f-419f-a6ec-ae0a9fb038e8, formato solicitado: png
[2025-09-15 18:07:56] [DOWNLOAD] DEBUG: Dados do certificado encontrados no banco de dados.
[2025-09-15 18:07:56] [DOWNLOAD] DEBUG: Arquivo PNG encontrado: /home/u335416710/domains/translators101.com/public_html/v/certificates/certificate_d7293dfb-c43f-419f-a6ec-ae0a9fb038e8.png
[2025-09-15 18:07:56] [DOWNLOAD] DEBUG: Preparando download final: Certificado_Eulalia_Navarro_2025-09-15.png (Tipo: image/png) - Arquivo: /home/u335416710/domains/translators101.com/public_html/v/certificates/certificate_d7293dfb-c43f-419f-a6ec-ae0a9fb038e8.png
[2025-09-15 18:07:56] [DOWNLOAD] INFO: Arquivo Certificado_Eulalia_Navarro_2025-09-15.png enviado para download com sucesso.
[2025-09-15 18:08:43] [DOWNLOAD] DEBUG: Script download_certificate_files.php iniciado.
[2025-09-15 18:08:43] [DOWNLOAD] INFO: Usuário não logado. Redirecionando para login.php.
[2025-09-15 18:08:45] [DOWNLOAD] DEBUG: Script download_certificate_files.php iniciado.
[2025-09-15 18:08:45] [DOWNLOAD] INFO: Usuário não logado. Redirecionando para login.php.
[2025-09-15 18:08:46] [DOWNLOAD] DEBUG: Script download_certificate_files.php iniciado.
[2025-09-15 18:08:46] [DOWNLOAD] DEBUG: ID do certificado recebido: b53b94af-0752-48fd-800d-4fd5bba1e6be, formato solicitado: png
[2025-09-15 18:08:46] [DOWNLOAD] DEBUG: Dados do certificado encontrados no banco de dados.
[2025-09-15 18:08:46] [DOWNLOAD] DEBUG: Arquivo PNG encontrado: /home/u335416710/domains/translators101.com/public_html/v/certificates/certificate_b53b94af-0752-48fd-800d-4fd5bba1e6be.png
[2025-09-15 18:08:46] [DOWNLOAD] DEBUG: Preparando download final: Certificado_Eulalia_Navarro_2025-09-15.png (Tipo: image/png) - Arquivo: /home/u335416710/domains/translators101.com/public_html/v/certificates/certificate_b53b94af-0752-48fd-800d-4fd5bba1e6be.png
[2025-09-15 18:08:46] [DOWNLOAD] INFO: Arquivo Certificado_Eulalia_Navarro_2025-09-15.png enviado para download com sucesso.
[2025-09-15 18:10:31] [DOWNLOAD] DEBUG: Script download_certificate_files.php iniciado.
[2025-09-15 18:10:31] [DOWNLOAD] INFO: Usuário não logado. Redirecionando para login.php.
[2025-09-15 18:10:32] [DOWNLOAD] DEBUG: Script download_certificate_files.php iniciado.
[2025-09-15 18:10:32] [DOWNLOAD] DEBUG: ID do certificado recebido: d5ecc17c-6ac9-49be-adac-6bdc55943d8f, formato solicitado: png
[2025-09-15 18:10:32] [DOWNLOAD] DEBUG: Dados do certificado encontrados no banco de dados.
[2025-09-15 18:10:32] [DOWNLOAD] DEBUG: Arquivo PNG encontrado: /home/u335416710/domains/translators101.com/public_html/v/certificates/certificate_d5ecc17c-6ac9-49be-adac-6bdc55943d8f.png
[2025-09-15 18:10:32] [DOWNLOAD] DEBUG: Preparando download final: Certificado_Eulalia_Navarro_2025-09-15.png (Tipo: image/png) - Arquivo: /home/u335416710/domains/translators101.com/public_html/v/certificates/certificate_d5ecc17c-6ac9-49be-adac-6bdc55943d8f.png
[2025-09-15 18:10:32] [DOWNLOAD] INFO: Arquivo Certificado_Eulalia_Navarro_2025-09-15.png enviado para download com sucesso.
[2025-09-15 18:11:25] [DOWNLOAD] DEBUG: Script download_certificate_files.php iniciado.
[2025-09-15 18:11:25] [DOWNLOAD] INFO: Usuário não logado. Redirecionando para login.php.
[2025-09-15 18:11:26] [DOWNLOAD] DEBUG: Script download_certificate_files.php iniciado.
[2025-09-15 18:11:26] [DOWNLOAD] DEBUG: ID do certificado recebido: 699451ef-3ce1-449a-8b04-b972886205f6, formato solicitado: png
[2025-09-15 18:11:26] [DOWNLOAD] DEBUG: Dados do certificado encontrados no banco de dados.
[2025-09-15 18:11:26] [DOWNLOAD] DEBUG: Arquivo PNG encontrado: /home/u335416710/domains/translators101.com/public_html/v/certificates/certificate_699451ef-3ce1-449a-8b04-b972886205f6.png
[2025-09-15 18:11:26] [DOWNLOAD] DEBUG: Preparando download final: Certificado_Eulalia_Navarro_2025-09-15.png (Tipo: image/png) - Arquivo: /home/u335416710/domains/translators101.com/public_html/v/certificates/certificate_699451ef-3ce1-449a-8b04-b972886205f6.png
[2025-09-15 18:11:26] [DOWNLOAD] INFO: Arquivo Certificado_Eulalia_Navarro_2025-09-15.png enviado para download com sucesso.
[2025-09-15 18:11:36] [DOWNLOAD] DEBUG: Script download_certificate_files.php iniciado.
[2025-09-15 18:11:36] [DOWNLOAD] INFO: Usuário não logado. Redirecionando para login.php.
[2025-09-15 18:12:15] [DOWNLOAD] DEBUG: Script download_certificate_files.php iniciado.
[2025-09-15 18:12:15] [DOWNLOAD] INFO: Usuário não logado. Redirecionando para login.php.
[2025-09-15 18:12:17] [DOWNLOAD] DEBUG: Script download_certificate_files.php iniciado.
[2025-09-15 18:12:17] [DOWNLOAD] DEBUG: ID do certificado recebido: c3c4a8af-8ad2-4fe2-a35d-cf9c10df8e97, formato solicitado: png
[2025-09-15 18:12:17] [DOWNLOAD] DEBUG: Dados do certificado encontrados no banco de dados.
[2025-09-15 18:12:17] [DOWNLOAD] DEBUG: Arquivo PNG encontrado: /home/u335416710/domains/translators101.com/public_html/v/certificates/certificate_c3c4a8af-8ad2-4fe2-a35d-cf9c10df8e97.png
[2025-09-15 18:12:17] [DOWNLOAD] DEBUG: Preparando download final: Certificado_Eulalia_Navarro_2025-09-15.png (Tipo: image/png) - Arquivo: /home/u335416710/domains/translators101.com/public_html/v/certificates/certificate_c3c4a8af-8ad2-4fe2-a35d-cf9c10df8e97.png
[2025-09-15 18:12:17] [DOWNLOAD] INFO: Arquivo Certificado_Eulalia_Navarro_2025-09-15.png enviado para download com sucesso.
[2025-09-15 18:12:28] [DOWNLOAD] DEBUG: Script download_certificate_files.php iniciado.
[2025-09-15 18:12:28] [DOWNLOAD] INFO: Usuário não logado. Redirecionando para login.php.
[2025-09-15 18:13:39] [DOWNLOAD] DEBUG: Script download_certificate_files.php iniciado.
[2025-09-15 18:13:39] [DOWNLOAD] INFO: Usuário não logado. Redirecionando para login.php.
[2025-09-15 22:00:19] [VIEW] DEBUG: Script view_certificate_files.php iniciado.
[2025-09-15 22:00:19] [VIEW] INFO: Usuário não logado. Redirecionando para login.php.
[2025-09-15 19:00:33] [DOWNLOAD] DEBUG: Script download_certificate_files.php iniciado.
[2025-09-15 19:00:33] [DOWNLOAD] INFO: Usuário não logado. Redirecionando para login.php.
[2025-09-15 22:01:17] [PALESTRA] DEBUG: Script palestra.php iniciado.
[2025-09-15 22:01:17] [PALESTRA] DEBUG: Usuário tem permissão.
[2025-09-15 22:01:17] [PALESTRA] DEBUG: ID da palestra recebido: 74cc5e90-2619-49b1-b482-6a5fd052822f
[2025-09-15 22:01:17] [PALESTRA] DEBUG: Palestra 'S08E02 — Manipulando a IA Generativa — Inteligências Artificiais, Perigos Reais — Marcus Mangetti' encontrada. Duração em minutos: 87
[2025-09-15 22:01:17] [PALESTRA] DEBUG: User ID da sessão ('20370c4e-6641-4e09-8a79-bd19869edb20') é válido e existe na tabela 'users'.
[2025-09-15 22:01:17] [PALESTRA] INFO: Novo log de acesso registrado para palestra 'S08E02 — Manipulando a IA Generativa — Inteligências Artificiais, Perigos Reais — Marcus Mangetti' (User ID: 20370c4e-6641-4e09-8a79-bd19869edb20).
[2025-09-15 22:01:17] [PALESTRA] DEBUG: Progresso inicial carregado do DB (user_progress_seconds): 0
[2025-09-15 22:01:17] [PALESTRA] DEBUG: Palestras relacionadas buscadas para categoria ''.
[2025-09-15 22:01:17] [PALESTRA] DEBUG: Verificação de certificado existente para exibição inicial. ID existente: Nenhum
[2025-09-15 22:01:17] [PALESTRA] DEBUG: Panda Player Div ID extraído do embed: 'panda-74cc5e90-2619-49b1-b482-6a5fd052822f'
[2025-09-15 22:24:25] [PALESTRA] DEBUG: Script palestra.php iniciado.
[2025-09-15 22:24:25] [PALESTRA] DEBUG: Usuário tem permissão.
[2025-09-15 22:24:25] [PALESTRA] DEBUG: ID da palestra recebido: f3b2ce65-98ff-461b-9e40-f1c081fe3e84
[2025-09-15 22:24:25] [PALESTRA] DEBUG: Palestra 'S02E01 — Dos livros lidos aos livros traduzidos — Carolina Caires Coelho e Petê Rissatti' encontrada. Duração em minutos: 59
[2025-09-15 22:24:25] [PALESTRA] DEBUG: User ID da sessão ('945a97b5-bad5-42e4-81ea-390f85b9eac9') é válido e existe na tabela 'users'.
[2025-09-15 22:24:25] [PALESTRA] INFO: Novo log de acesso registrado para palestra 'S02E01 — Dos livros lidos aos livros traduzidos — Carolina Caires Coelho e Petê Rissatti' (User ID: 945a97b5-bad5-42e4-81ea-390f85b9eac9).
[2025-09-15 22:24:25] [PALESTRA] DEBUG: Progresso inicial carregado do DB (user_progress_seconds): 0
[2025-09-15 22:24:25] [PALESTRA] DEBUG: Palestras relacionadas buscadas para categoria ''.
[2025-09-15 22:24:25] [PALESTRA] DEBUG: Verificação de certificado existente para exibição inicial. ID existente: Nenhum
[2025-09-15 22:24:25] [PALESTRA] DEBUG: Panda Player Div ID extraído do embed: 'panda-f3b2ce65-98ff-461b-9e40-f1c081fe3e84'
[2025-09-15 22:26:47] [PALESTRA] DEBUG: Script palestra.php iniciado.
[2025-09-15 22:26:47] [PALESTRA] DEBUG: Usuário tem permissão.
[2025-09-15 22:26:47] [PALESTRA] DEBUG: ID da palestra recebido: f3b2ce65-98ff-461b-9e40-f1c081fe3e84
[2025-09-15 22:26:47] [PALESTRA] DEBUG: Palestra 'S02E01 — Dos livros lidos aos livros traduzidos — Carolina Caires Coelho e Petê Rissatti' encontrada. Duração em minutos: 59
[2025-09-15 22:26:47] [PALESTRA] DEBUG: User ID da sessão ('945a97b5-bad5-42e4-81ea-390f85b9eac9') é válido e existe na tabela 'users'.
[2025-09-15 22:26:47] [PALESTRA] DEBUG: Log existente encontrado. Progresso: 120s
[2025-09-15 22:26:47] [PALESTRA] DEBUG: Progresso inicial carregado do DB (user_progress_seconds): 120
[2025-09-15 22:26:47] [PALESTRA] DEBUG: Palestras relacionadas buscadas para categoria ''.
[2025-09-15 22:26:47] [PALESTRA] DEBUG: Verificação de certificado existente para exibição inicial. ID existente: Nenhum
[2025-09-15 22:26:47] [PALESTRA] DEBUG: Panda Player Div ID extraído do embed: 'panda-f3b2ce65-98ff-461b-9e40-f1c081fe3e84'
[2025-09-15 22:26:57] [PALESTRA] DEBUG: Script palestra.php iniciado.
[2025-09-15 22:26:57] [PALESTRA] DEBUG: Usuário tem permissão.
[2025-09-15 22:26:57] [PALESTRA] DEBUG: ID da palestra recebido: bf2d9642-af5e-4d6d-823d-bc5b33d1fa96
[2025-09-15 22:26:57] [PALESTRA] DEBUG: Palestra 'S02E01 — Primeiros passos na tradução literária — Cláudia Mello Belhassof' encontrada. Duração em minutos: 98
[2025-09-15 22:26:57] [PALESTRA] DEBUG: User ID da sessão ('945a97b5-bad5-42e4-81ea-390f85b9eac9') é válido e existe na tabela 'users'.
[2025-09-15 22:26:57] [PALESTRA] INFO: Novo log de acesso registrado para palestra 'S02E01 — Primeiros passos na tradução literária — Cláudia Mello Belhassof' (User ID: 945a97b5-bad5-42e4-81ea-390f85b9eac9).
[2025-09-15 22:26:57] [PALESTRA] DEBUG: Progresso inicial carregado do DB (user_progress_seconds): 0
[2025-09-15 22:26:57] [PALESTRA] DEBUG: Palestras relacionadas buscadas para categoria ''.
[2025-09-15 22:26:57] [PALESTRA] DEBUG: Verificação de certificado existente para exibição inicial. ID existente: Nenhum
[2025-09-15 22:26:57] [PALESTRA] DEBUG: Panda Player Div ID extraído do embed: 'panda-bf2d9642-af5e-4d6d-823d-bc5b33d1fa96'
[2025-09-15 19:28:57] [DOWNLOAD] DEBUG: Script download_certificate_files.php iniciado.
[2025-09-15 19:28:57] [DOWNLOAD] INFO: Usuário não logado. Redirecionando para login.php.
[2025-09-15 19:29:06] [DOWNLOAD] DEBUG: Script download_certificate_files.php iniciado.
[2025-09-15 19:29:06] [DOWNLOAD] DEBUG: ID do certificado recebido: 9b6996eb-762c-41f1-aacb-237da62d82d0, formato solicitado: png
[2025-09-15 19:29:06] [DOWNLOAD] DEBUG: Dados do certificado encontrados no banco de dados.
[2025-09-15 19:29:06] [DOWNLOAD] DEBUG: Arquivo PNG encontrado: /home/u335416710/domains/translators101.com/public_html/v/certificates/certificate_9b6996eb-762c-41f1-aacb-237da62d82d0.png
[2025-09-15 19:29:06] [DOWNLOAD] DEBUG: Preparando download final: Certificado_Cl__udia_S_Alc__ntara_2025-09-15.png (Tipo: image/png) - Arquivo: /home/u335416710/domains/translators101.com/public_html/v/certificates/certificate_9b6996eb-762c-41f1-aacb-237da62d82d0.png
[2025-09-15 19:29:07] [DOWNLOAD] INFO: Arquivo Certificado_Cl__udia_S_Alc__ntara_2025-09-15.png enviado para download com sucesso.
[2025-09-15 19:30:20] [DOWNLOAD] DEBUG: Script download_certificate_files.php iniciado.
[2025-09-15 19:30:20] [DOWNLOAD] INFO: Usuário não logado. Redirecionando para login.php.
[2025-09-15 22:31:50] [PALESTRA] DEBUG: Script palestra.php iniciado.
[2025-09-15 22:31:50] [PALESTRA] DEBUG: Usuário tem permissão.
[2025-09-15 22:31:50] [PALESTRA] DEBUG: ID da palestra recebido: 12adb8a8-7023-4cd8-adb7-0cb1b6c3b50b
[2025-09-15 22:31:50] [PALESTRA] DEBUG: Palestra 'S04E12 — Sprechen Sie Deutsch? Dois tradutores brasileiros na Alemanha — Bete Köninger e Marcos Zattar' encontrada. Duração em minutos: 115
[2025-09-15 22:31:50] [PALESTRA] DEBUG: User ID da sessão ('945a97b5-bad5-42e4-81ea-390f85b9eac9') é válido e existe na tabela 'users'.
[2025-09-15 22:31:50] [PALESTRA] INFO: Novo log de acesso registrado para palestra 'S04E12 — Sprechen Sie Deutsch? Dois tradutores brasileiros na Alemanha — Bete Köninger e Marcos Zattar' (User ID: 945a97b5-bad5-42e4-81ea-390f85b9eac9).
[2025-09-15 22:31:50] [PALESTRA] DEBUG: Progresso inicial carregado do DB (user_progress_seconds): 0
[2025-09-15 22:31:50] [PALESTRA] DEBUG: Palestras relacionadas buscadas para categoria ''.
[2025-09-15 22:31:50] [PALESTRA] DEBUG: Verificação de certificado existente para exibição inicial. ID existente: Nenhum
[2025-09-15 22:31:50] [PALESTRA] DEBUG: Panda Player Div ID extraído do embed: 'panda-12adb8a8-7023-4cd8-adb7-0cb1b6c3b50b'
[2025-09-15 22:33:15] [VIEW] DEBUG: Script view_certificate_files.php iniciado.
[2025-09-15 22:33:15] [VIEW] INFO: Usuário não logado. Redirecionando para login.php.
[2025-09-15 19:33:36] [DOWNLOAD] DEBUG: Script download_certificate_files.php iniciado.
[2025-09-15 19:33:36] [DOWNLOAD] INFO: Usuário não logado. Redirecionando para login.php.
[2025-09-15 22:38:54] [PALESTRA] DEBUG: Script palestra.php iniciado.
[2025-09-15 22:38:54] [PALESTRA] DEBUG: Usuário tem permissão.
[2025-09-15 22:38:54] [PALESTRA] DEBUG: ID da palestra recebido: fa9d3dbc-ec76-4ff4-8433-f26c26362145
[2025-09-15 22:38:54] [PALESTRA] DEBUG: Palestra 'S05E24 — Localização de games: linguagem e mídia — Horacio Corral' encontrada. Duração em minutos: 67
[2025-09-15 22:38:54] [PALESTRA] DEBUG: User ID da sessão ('945a97b5-bad5-42e4-81ea-390f85b9eac9') é válido e existe na tabela 'users'.
[2025-09-15 22:38:54] [PALESTRA] INFO: Novo log de acesso registrado para palestra 'S05E24 — Localização de games: linguagem e mídia — Horacio Corral' (User ID: 945a97b5-bad5-42e4-81ea-390f85b9eac9).
[2025-09-15 22:38:54] [PALESTRA] DEBUG: Progresso inicial carregado do DB (user_progress_seconds): 0
[2025-09-15 22:38:54] [PALESTRA] DEBUG: Palestras relacionadas buscadas para categoria ''.
[2025-09-15 22:38:54] [PALESTRA] DEBUG: Verificação de certificado existente para exibição inicial. ID existente: Nenhum
[2025-09-15 22:38:54] [PALESTRA] DEBUG: Panda Player Div ID extraído do embed: 'panda-fa9d3dbc-ec76-4ff4-8433-f26c26362145'
[2025-09-16 14:46:51] [PALESTRA] DEBUG: Script palestra.php iniciado.
[2025-09-16 14:46:51] [PALESTRA] DEBUG: Usuário tem permissão.
[2025-09-16 14:46:51] [PALESTRA] DEBUG: ID da palestra recebido: 74cc5e90-2619-49b1-b482-6a5fd052822f
[2025-09-16 14:46:51] [PALESTRA] DEBUG: Palestra 'S08E02 — Manipulando a IA Generativa — Inteligências Artificiais, Perigos Reais — Marcus Mangetti' encontrada. Duração em minutos: 87
[2025-09-16 14:46:51] [PALESTRA] DEBUG: User ID da sessão ('20370c4e-6641-4e09-8a79-bd19869edb20') é válido e existe na tabela 'users'.
[2025-09-16 14:46:51] [PALESTRA] DEBUG: Log existente encontrado. Progresso: 3986s
[2025-09-16 14:46:51] [PALESTRA] DEBUG: Progresso inicial carregado do DB (user_progress_seconds): 3986
[2025-09-16 14:46:51] [PALESTRA] DEBUG: Palestras relacionadas buscadas para categoria ''.
[2025-09-16 14:46:51] [PALESTRA] DEBUG: Verificação de certificado existente para exibição inicial. ID existente: Nenhum
[2025-09-16 14:46:51] [PALESTRA] DEBUG: Panda Player Div ID extraído do embed: 'panda-74cc5e90-2619-49b1-b482-6a5fd052822f'
[2025-09-16 15:30:14] [PALESTRA] DEBUG: Script palestra.php iniciado.
[2025-09-16 15:30:14] [PALESTRA] DEBUG: Usuário tem permissão.
[2025-09-16 15:30:14] [PALESTRA] DEBUG: ID da palestra recebido: ede0da99-9176-4ff4-949a-9d5187aec981
[2025-09-16 15:30:14] [PALESTRA] DEBUG: Palestra 'S01E01 — Treine como um atleta: dicas para o tradutor autodidata' encontrada. Duração em minutos: 72
[2025-09-16 15:30:14] [PALESTRA] DEBUG: User ID da sessão ('09711ff9-47ed-4c6a-b39a-2f00ac65caa5') é válido e existe na tabela 'users'.
[2025-09-16 15:30:14] [PALESTRA] INFO: Novo log de acesso registrado para palestra 'S01E01 — Treine como um atleta: dicas para o tradutor autodidata' (User ID: 09711ff9-47ed-4c6a-b39a-2f00ac65caa5).
[2025-09-16 15:30:14] [PALESTRA] DEBUG: Progresso inicial carregado do DB (user_progress_seconds): 0
[2025-09-16 15:30:14] [PALESTRA] DEBUG: Palestras relacionadas buscadas para categoria 'Geral'.
[2025-09-16 15:30:14] [PALESTRA] DEBUG: Verificação de certificado existente para exibição inicial. ID existente: Nenhum
[2025-09-16 15:30:14] [PALESTRA] DEBUG: Panda Player Div ID extraído do embed: 'panda-ede0da99-9176-4ff4-949a-9d5187aec981'
[2025-09-16 15:37:37] [PALESTRA] DEBUG: Script palestra.php iniciado.
[2025-09-16 15:37:37] [PALESTRA] DEBUG: Usuário tem permissão.
[2025-09-16 15:37:37] [PALESTRA] DEBUG: ID da palestra recebido: ede0da99-9176-4ff4-949a-9d5187aec981
[2025-09-16 15:37:37] [PALESTRA] DEBUG: Palestra 'S01E01 — Treine como um atleta: dicas para o tradutor autodidata' encontrada. Duração em minutos: 72
[2025-09-16 15:37:37] [PALESTRA] DEBUG: User ID da sessão ('09711ff9-47ed-4c6a-b39a-2f00ac65caa5') é válido e existe na tabela 'users'.
[2025-09-16 15:37:37] [PALESTRA] DEBUG: Log existente encontrado. Progresso: 313s
[2025-09-16 15:37:37] [PALESTRA] DEBUG: Progresso inicial carregado do DB (user_progress_seconds): 313
[2025-09-16 15:37:37] [PALESTRA] DEBUG: Palestras relacionadas buscadas para categoria 'Geral'.
[2025-09-16 15:37:37] [PALESTRA] DEBUG: Verificação de certificado existente para exibição inicial. ID existente: Nenhum
[2025-09-16 15:37:37] [PALESTRA] DEBUG: Panda Player Div ID extraído do embed: 'panda-ede0da99-9176-4ff4-949a-9d5187aec981'
[2025-09-16 16:58:52] [GENERATE_SIMPLE] Script generate_simple_certificate.php iniciado
[2025-09-16 16:58:52] [GENERATE_SIMPLE] Dados recebidos - Lecture: ede0da99-9176-4ff4-949a-9d5187aec981, User: 09711ff9-47ed-4c6a-b39a-2f00ac65caa5, Watched: 4320s
[2025-09-16 16:58:52] [GENERATE_SIMPLE] Iniciando validações simplificadas
[2025-09-16 16:58:52] [GENERATE_SIMPLE] Progresso no DB: 5178s, Enviado pelo cliente: 4320s
[2025-09-16 16:58:52] [GENERATE_SIMPLE] Tempo final considerado: 5178s
[2025-09-16 16:58:52] [GENERATE_SIMPLE] Duração total: 4320s, Requerido (85%): 3672s
[2025-09-16 16:58:52] [GENERATE_SIMPLE] Todas as validações passaram - gerando certificado
[2025-09-16 16:58:52] [GENERATE_SIMPLE] SUCESSO: Certificado inserido no banco - ID: 08d82526-d8f7-4db9-b542-297be13fee4d
[2025-09-16 16:58:52] [GENERATE_SIMPLE] DEBUG: [GENERATE_SIMPLE] Iniciando geração de PNG para ID: 08d82526-d8f7-4db9-b542-297be13fee4d
[2025-09-16 16:58:52] [GENERATE_SIMPLE] DEBUG: [GENERATE_SIMPLE] Conversão UTF-8 aplicada para geração.
[2025-09-16 16:58:52] [GENERATE_SIMPLE] DEBUG: [GENERATE_SIMPLE] Dimensões do template: Largura=3509, Altura=2481
[2025-09-16 16:58:52] [GENERATE_SIMPLE] DEBUG: [GENERATE_SIMPLE] Procurando fontes TTF para geração...
[2025-09-16 16:58:52] [GENERATE_SIMPLE] DEBUG: [GENERATE_SIMPLE] Fonte TTF Bold encontrada em: /home/u335416710/domains/translators101.com/public_html/v/includes/../fonts/DejaVuSans-Bold.ttf
[2025-09-16 16:58:52] [GENERATE_SIMPLE] DEBUG: [GENERATE_SIMPLE] Fonte TTF padrão encontrada em: /home/u335416710/domains/translators101.com/public_html/v/includes/../fonts/DejaVuSans-Bold.ttf
[2025-09-16 16:58:52] [GENERATE_SIMPLE] DEBUG: [GENERATE_SIMPLE] Usando imagettftext para geração.
[2025-09-16 16:58:52] [GENERATE_SIMPLE] DEBUG: [GENERATE_SIMPLE] Nome do usuário adicionado (X: 1044.5, Y: 1100).
[2025-09-16 16:58:52] [GENERATE_SIMPLE] DEBUG: [GENERATE_SIMPLE] Processando título: 'S01E01 — Treine como um atleta: dicas para o tradutor autodidata' (tamanho: 66 caracteres)
[2025-09-16 16:58:52] [GENERATE_SIMPLE] DEBUG: [GENERATE_SIMPLE] Título longo detectado - aplicando quebra de linha inteligente
[2025-09-16 16:58:52] [GENERATE_SIMPLE] DEBUG: [GENERATE_SIMPLE] Linha 1: 'Treine como um atleta: dicas para o tradutor'
[2025-09-16 16:58:52] [GENERATE_SIMPLE] DEBUG: [GENERATE_SIMPLE] Linha 2: 'S01E01 — autodidata'
[2025-09-16 16:58:52] [GENERATE_SIMPLE] DEBUG: [GENERATE_SIMPLE] Linha 1 adicionada (X: 913.5, Y: 1350)
[2025-09-16 16:58:52] [GENERATE_SIMPLE] DEBUG: [GENERATE_SIMPLE] Linha 2 adicionada (X: 1356.5, Y: 1410)
[2025-09-16 16:58:52] [GENERATE_SIMPLE] DEBUG: [GENERATE_SIMPLE] Duração da palestra adicionada (X: 2000, Y: 1570).
[2025-09-16 16:58:52] [GENERATE_SIMPLE] DEBUG: [GENERATE_SIMPLE] Data de emissão adicionada (X: 850, Y: 2330).
[2025-09-16 16:58:52] [GENERATE_SIMPLE] DEBUG: [GENERATE_SIMPLE] ID do certificado adicionado (X: 280, Y: 2430).
[2025-09-16 16:58:52] [GENERATE_SIMPLE] DEBUG: URL de verificação gerada: https://v.translators101.com/verificar_certificado.php?id=08d82526-d8f7-4db9-b542-297be13fee4d
[2025-09-16 16:58:53] [GENERATE_SIMPLE] DEBUG: QR Code colado na imagem base.
[2025-09-16 16:58:53] [GENERATE_SIMPLE] DEBUG: [GENERATE_SIMPLE] QR Code adicionado à imagem durante a geração (X: 2989, Y: 2131, Tamanho: 300).
[2025-09-16 16:58:56] [GENERATE_SIMPLE] DEBUG: [GENERATE_SIMPLE] imagepng() retornou SUCESSO. Verificando se o arquivo gerado é um PNG válido.
[2025-09-16 16:58:56] [GENERATE_SIMPLE] INFO: [GENERATE_SIMPLE] Certificado PNG gerado e salvo com sucesso em: /home/u335416710/domains/translators101.com/public_html/v/includes/../certificates/certificate_08d82526-d8f7-4db9-b542-297be13fee4d.png. É um PNG válido.
[2025-09-16 16:58:56] [GENERATE_SIMPLE] SUCESSO: PNG gerado - /home/u335416710/domains/translators101.com/public_html/v/includes/../certificates/certificate_08d82526-d8f7-4db9-b542-297be13fee4d.png
[2025-09-16 16:58:56] [GENERATE_SIMPLE] DEBUG: [GENERATE_SIMPLE] Iniciando geração de PDF T101 CORRIGIDO para ID: 08d82526-d8f7-4db9-b542-297be13fee4d
[2025-09-16 16:58:56] [GENERATE_SIMPLE] DEBUG: [GENERATE_SIMPLE] TCPDF encontrado em: /home/u335416710/domains/translators101.com/public_html/v/includes/../vendor/tecnickcom/tcpdf/tcpdf.php
[2025-09-16 16:58:59] [GENERATE_SIMPLE] DEBUG: [GENERATE_SIMPLE] Template T101 oficial aplicado como fundo
[2025-09-16 16:58:59] [GENERATE_SIMPLE] DEBUG: URL de verificação gerada: https://v.translators101.com/verificar_certificado.php?id=08d82526-d8f7-4db9-b542-297be13fee4d
[2025-09-16 16:59:00] [GENERATE_SIMPLE] DEBUG: [GENERATE_SIMPLE] QR Code T101 adicionado ao PDF (posição corrigida)
[2025-09-16 16:59:00] [GENERATE_SIMPLE] SUCESSO: [GENERATE_SIMPLE] PDF T101 CORRIGIDO gerado em: /home/u335416710/domains/translators101.com/public_html/v/includes/../certificates/certificate_08d82526-d8f7-4db9-b542-297be13fee4d.pdf
[2025-09-16 16:59:00] [GENERATE_SIMPLE] SUCESSO: PDF gerado - /home/u335416710/domains/translators101.com/public_html/v/includes/../certificates/certificate_08d82526-d8f7-4db9-b542-297be13fee4d.pdf
[2025-09-16 16:59:00] [GENERATE_SIMPLE] SUCESSO: Certificado gerado - ID: 08d82526-d8f7-4db9-b542-297be13fee4d, PNG: SIM, PDF: SIM, Assistido: 5178s de 4320s (119.9%)
[2025-09-16 16:59:50] [PALESTRA] DEBUG: Script palestra.php iniciado.
[2025-09-16 16:59:50] [PALESTRA] DEBUG: Usuário tem permissão.
[2025-09-16 16:59:50] [PALESTRA] DEBUG: ID da palestra recebido: ede0da99-9176-4ff4-949a-9d5187aec981
[2025-09-16 16:59:50] [PALESTRA] DEBUG: Palestra 'S01E01 — Treine como um atleta: dicas para o tradutor autodidata' encontrada. Duração em minutos: 72
[2025-09-16 16:59:50] [PALESTRA] DEBUG: User ID da sessão ('09711ff9-47ed-4c6a-b39a-2f00ac65caa5') é válido e existe na tabela 'users'.
[2025-09-16 16:59:50] [PALESTRA] DEBUG: Log existente encontrado. Progresso: 5199s
[2025-09-16 16:59:50] [PALESTRA] DEBUG: Progresso inicial carregado do DB (user_progress_seconds): 5199
[2025-09-16 16:59:50] [PALESTRA] DEBUG: Palestras relacionadas buscadas para categoria 'Geral'.
[2025-09-16 16:59:50] [PALESTRA] DEBUG: Verificação de certificado existente para exibição inicial. ID existente: 08d82526-d8f7-4db9-b542-297be13fee4d
[2025-09-16 16:59:50] [PALESTRA] DEBUG: Panda Player Div ID extraído do embed: 'panda-ede0da99-9176-4ff4-949a-9d5187aec981'
[2025-09-16 13:59:54] [DOWNLOAD] DEBUG: Script download_certificate_files.php iniciado.
[2025-09-16 13:59:54] [DOWNLOAD] DEBUG: ID do certificado recebido: 08d82526-d8f7-4db9-b542-297be13fee4d, formato solicitado: png
[2025-09-16 13:59:54] [DOWNLOAD] DEBUG: Dados do certificado encontrados no banco de dados.
[2025-09-16 13:59:54] [DOWNLOAD] DEBUG: Arquivo PNG encontrado: /home/u335416710/domains/translators101.com/public_html/v/certificates/certificate_08d82526-d8f7-4db9-b542-297be13fee4d.png
[2025-09-16 13:59:54] [DOWNLOAD] DEBUG: Preparando download final: Certificado_Mayra_Moraes_de_Sousa_2025-09-16.png (Tipo: image/png) - Arquivo: /home/u335416710/domains/translators101.com/public_html/v/certificates/certificate_08d82526-d8f7-4db9-b542-297be13fee4d.png
[2025-09-16 13:59:54] [DOWNLOAD] INFO: Arquivo Certificado_Mayra_Moraes_de_Sousa_2025-09-16.png enviado para download com sucesso.
[2025-09-16 18:47:55] [PALESTRA] DEBUG: Script palestra.php iniciado.
[2025-09-16 18:47:55] [PALESTRA] DEBUG: Usuário tem permissão.
[2025-09-16 18:47:55] [PALESTRA] DEBUG: ID da palestra recebido: bf2d9642-af5e-4d6d-823d-bc5b33d1fa96
[2025-09-16 18:47:55] [PALESTRA] DEBUG: Palestra 'S02E01 — Primeiros passos na tradução literária — Cláudia Mello Belhassof' encontrada. Duração em minutos: 98
[2025-09-16 18:47:55] [PALESTRA] DEBUG: User ID da sessão ('44762673-26fd-415d-917f-6978aedca04c') é válido e existe na tabela 'users'.
[2025-09-16 18:47:55] [PALESTRA] INFO: Novo log de acesso registrado para palestra 'S02E01 — Primeiros passos na tradução literária — Cláudia Mello Belhassof' (User ID: 44762673-26fd-415d-917f-6978aedca04c).
[2025-09-16 18:47:55] [PALESTRA] DEBUG: Progresso inicial carregado do DB (user_progress_seconds): 0
[2025-09-16 18:47:55] [PALESTRA] DEBUG: Palestras relacionadas buscadas para categoria ''.
[2025-09-16 18:47:55] [PALESTRA] DEBUG: Verificação de certificado existente para exibição inicial. ID existente: Nenhum
[2025-09-16 18:47:55] [PALESTRA] DEBUG: Panda Player Div ID extraído do embed: 'panda-bf2d9642-af5e-4d6d-823d-bc5b33d1fa96'
[2025-09-16 19:34:41] [PALESTRA] DEBUG: Script palestra.php iniciado.
[2025-09-16 19:34:41] [PALESTRA] DEBUG: Usuário tem permissão.
[2025-09-16 19:34:41] [PALESTRA] DEBUG: ID da palestra recebido: 13afe406-8660-4f02-a7a4-f3e0d1749833
[2025-09-16 19:34:41] [PALESTRA] DEBUG: Palestra 'S01E01 — Tradução de histórias em quadrinhos e o mercado mainstream no Brasil' encontrada. Duração em minutos: 48
[2025-09-16 19:34:41] [PALESTRA] DEBUG: User ID da sessão ('945a97b5-bad5-42e4-81ea-390f85b9eac9') é válido e existe na tabela 'users'.
[2025-09-16 19:34:41] [PALESTRA] INFO: Novo log de acesso registrado para palestra 'S01E01 — Tradução de histórias em quadrinhos e o mercado mainstream no Brasil' (User ID: 945a97b5-bad5-42e4-81ea-390f85b9eac9).
[2025-09-16 19:34:41] [PALESTRA] DEBUG: Progresso inicial carregado do DB (user_progress_seconds): 0
[2025-09-16 19:34:41] [PALESTRA] DEBUG: Palestras relacionadas buscadas para categoria 'Literária'.
[2025-09-16 19:34:41] [PALESTRA] DEBUG: Verificação de certificado existente para exibição inicial. ID existente: Nenhum
[2025-09-16 19:34:41] [PALESTRA] DEBUG: Panda Player Div ID extraído do embed: 'panda-13afe406-8660-4f02-a7a4-f3e0d1749833'
[2025-09-16 20:01:51] [PALESTRA] DEBUG: Script palestra.php iniciado.
[2025-09-16 20:01:51] [PALESTRA] DEBUG: Usuário tem permissão.
[2025-09-16 20:01:51] [PALESTRA] DEBUG: ID da palestra recebido: 13afe406-8660-4f02-a7a4-f3e0d1749833
[2025-09-16 20:01:51] [PALESTRA] DEBUG: Palestra 'S01E01 — Tradução de histórias em quadrinhos e o mercado mainstream no Brasil' encontrada. Duração em minutos: 48
[2025-09-16 20:01:51] [PALESTRA] DEBUG: User ID da sessão ('945a97b5-bad5-42e4-81ea-390f85b9eac9') é válido e existe na tabela 'users'.
[2025-09-16 20:01:51] [PALESTRA] DEBUG: Log existente encontrado. Progresso: 1617s
[2025-09-16 20:01:51] [PALESTRA] DEBUG: Progresso inicial carregado do DB (user_progress_seconds): 1617
[2025-09-16 20:01:51] [PALESTRA] DEBUG: Palestras relacionadas buscadas para categoria 'Literária'.
[2025-09-16 20:01:51] [PALESTRA] DEBUG: Verificação de certificado existente para exibição inicial. ID existente: Nenhum
[2025-09-16 20:01:51] [PALESTRA] DEBUG: Panda Player Div ID extraído do embed: 'panda-13afe406-8660-4f02-a7a4-f3e0d1749833'
[2025-09-16 20:02:17] [PALESTRA] DEBUG: Script palestra.php iniciado.
[2025-09-16 20:02:17] [PALESTRA] DEBUG: Usuário tem permissão.
[2025-09-16 20:02:17] [PALESTRA] DEBUG: ID da palestra recebido: 13afe406-8660-4f02-a7a4-f3e0d1749833
[2025-09-16 20:02:17] [PALESTRA] DEBUG: Palestra 'S01E01 — Tradução de histórias em quadrinhos e o mercado mainstream no Brasil' encontrada. Duração em minutos: 48
[2025-09-16 20:02:17] [PALESTRA] DEBUG: User ID da sessão ('945a97b5-bad5-42e4-81ea-390f85b9eac9') é válido e existe na tabela 'users'.
[2025-09-16 20:02:17] [PALESTRA] DEBUG: Log existente encontrado. Progresso: 1634s
[2025-09-16 20:02:17] [PALESTRA] DEBUG: Progresso inicial carregado do DB (user_progress_seconds): 1634
[2025-09-16 20:02:17] [PALESTRA] DEBUG: Palestras relacionadas buscadas para categoria 'Literária'.
[2025-09-16 20:02:17] [PALESTRA] DEBUG: Verificação de certificado existente para exibição inicial. ID existente: Nenhum
[2025-09-16 20:02:17] [PALESTRA] DEBUG: Panda Player Div ID extraído do embed: 'panda-13afe406-8660-4f02-a7a4-f3e0d1749833'
[2025-09-16 20:04:38] [PALESTRA] DEBUG: Script palestra.php iniciado.
[2025-09-16 20:04:38] [PALESTRA] DEBUG: Usuário tem permissão.
[2025-09-16 20:04:38] [PALESTRA] DEBUG: ID da palestra recebido: 13afe406-8660-4f02-a7a4-f3e0d1749833
[2025-09-16 20:04:38] [PALESTRA] DEBUG: Palestra 'S01E01 — Tradução de histórias em quadrinhos e o mercado mainstream no Brasil' encontrada. Duração em minutos: 48
[2025-09-16 20:04:38] [PALESTRA] DEBUG: User ID da sessão ('945a97b5-bad5-42e4-81ea-390f85b9eac9') é válido e existe na tabela 'users'.
[2025-09-16 20:04:38] [PALESTRA] DEBUG: Log existente encontrado. Progresso: 1763s
[2025-09-16 20:04:38] [PALESTRA] DEBUG: Progresso inicial carregado do DB (user_progress_seconds): 1763
[2025-09-16 20:04:38] [PALESTRA] DEBUG: Palestras relacionadas buscadas para categoria 'Literária'.
[2025-09-16 20:04:38] [PALESTRA] DEBUG: Verificação de certificado existente para exibição inicial. ID existente: Nenhum
[2025-09-16 20:04:38] [PALESTRA] DEBUG: Panda Player Div ID extraído do embed: 'panda-13afe406-8660-4f02-a7a4-f3e0d1749833'
[2025-09-16 20:04:54] [PALESTRA] DEBUG: Script palestra.php iniciado.
[2025-09-16 20:04:54] [PALESTRA] DEBUG: Usuário tem permissão.
[2025-09-16 20:04:54] [PALESTRA] DEBUG: ID da palestra recebido: 13afe406-8660-4f02-a7a4-f3e0d1749833
[2025-09-16 20:04:54] [PALESTRA] DEBUG: Palestra 'S01E01 — Tradução de histórias em quadrinhos e o mercado mainstream no Brasil' encontrada. Duração em minutos: 48
[2025-09-16 20:04:54] [PALESTRA] DEBUG: User ID da sessão ('945a97b5-bad5-42e4-81ea-390f85b9eac9') é válido e existe na tabela 'users'.
[2025-09-16 20:04:54] [PALESTRA] DEBUG: Log existente encontrado. Progresso: 1770s
[2025-09-16 20:04:54] [PALESTRA] DEBUG: Progresso inicial carregado do DB (user_progress_seconds): 1770
[2025-09-16 20:04:54] [PALESTRA] DEBUG: Palestras relacionadas buscadas para categoria 'Literária'.
[2025-09-16 20:04:54] [PALESTRA] DEBUG: Verificação de certificado existente para exibição inicial. ID existente: Nenhum
[2025-09-16 20:04:54] [PALESTRA] DEBUG: Panda Player Div ID extraído do embed: 'panda-13afe406-8660-4f02-a7a4-f3e0d1749833'
[2025-09-16 20:18:12] [PALESTRA] DEBUG: Script palestra.php iniciado.
[2025-09-16 20:18:12] [PALESTRA] DEBUG: Usuário tem permissão.
[2025-09-16 20:18:12] [PALESTRA] DEBUG: ID da palestra recebido: 13afe406-8660-4f02-a7a4-f3e0d1749833
[2025-09-16 20:18:12] [PALESTRA] DEBUG: Palestra 'S01E01 — Tradução de histórias em quadrinhos e o mercado mainstream no Brasil' encontrada. Duração em minutos: 48
[2025-09-16 20:18:12] [PALESTRA] DEBUG: User ID da sessão ('945a97b5-bad5-42e4-81ea-390f85b9eac9') é válido e existe na tabela 'users'.
[2025-09-16 20:18:12] [PALESTRA] DEBUG: Log existente encontrado. Progresso: 2561s
[2025-09-16 20:18:12] [PALESTRA] DEBUG: Progresso inicial carregado do DB (user_progress_seconds): 2561
[2025-09-16 20:18:12] [PALESTRA] DEBUG: Palestras relacionadas buscadas para categoria 'Literária'.
[2025-09-16 20:18:12] [PALESTRA] DEBUG: Verificação de certificado existente para exibição inicial. ID existente: Nenhum
[2025-09-16 20:18:12] [PALESTRA] DEBUG: Panda Player Div ID extraído do embed: 'panda-13afe406-8660-4f02-a7a4-f3e0d1749833'
[2025-09-16 20:18:28] [GENERATE_SIMPLE] Script generate_simple_certificate.php iniciado
[2025-09-16 20:18:28] [GENERATE_SIMPLE] Dados recebidos - Lecture: 13afe406-8660-4f02-a7a4-f3e0d1749833, User: 945a97b5-bad5-42e4-81ea-390f85b9eac9, Watched: 2572s
[2025-09-16 20:18:28] [GENERATE_SIMPLE] Iniciando validações simplificadas
[2025-09-16 20:18:28] [GENERATE_SIMPLE] Progresso no DB: 2568s, Enviado pelo cliente: 2572s
[2025-09-16 20:18:28] [GENERATE_SIMPLE] Tempo final considerado: 2572s
[2025-09-16 20:18:28] [GENERATE_SIMPLE] Duração total: 2880s, Requerido (85%): 2448s
[2025-09-16 20:18:28] [GENERATE_SIMPLE] Todas as validações passaram - gerando certificado
[2025-09-16 20:18:28] [GENERATE_SIMPLE] SUCESSO: Certificado inserido no banco - ID: 129e2cca-3b8d-4705-8882-d7a8bf85abd7
[2025-09-16 20:18:28] [GENERATE_SIMPLE] DEBUG: [GENERATE_SIMPLE] Iniciando geração de PNG para ID: 129e2cca-3b8d-4705-8882-d7a8bf85abd7
[2025-09-16 20:18:28] [GENERATE_SIMPLE] DEBUG: [GENERATE_SIMPLE] Conversão UTF-8 aplicada para geração.
[2025-09-16 20:18:28] [GENERATE_SIMPLE] DEBUG: [GENERATE_SIMPLE] Dimensões do template: Largura=3509, Altura=2481
[2025-09-16 20:18:28] [GENERATE_SIMPLE] DEBUG: [GENERATE_SIMPLE] Procurando fontes TTF para geração...
[2025-09-16 20:18:28] [GENERATE_SIMPLE] DEBUG: [GENERATE_SIMPLE] Fonte TTF Bold encontrada em: /home/u335416710/domains/translators101.com/public_html/v/includes/../fonts/DejaVuSans-Bold.ttf
[2025-09-16 20:18:28] [GENERATE_SIMPLE] DEBUG: [GENERATE_SIMPLE] Fonte TTF padrão encontrada em: /home/u335416710/domains/translators101.com/public_html/v/includes/../fonts/DejaVuSans-Bold.ttf
[2025-09-16 20:18:28] [GENERATE_SIMPLE] DEBUG: [GENERATE_SIMPLE] Usando imagettftext para geração.
[2025-09-16 20:18:28] [GENERATE_SIMPLE] DEBUG: [GENERATE_SIMPLE] Nome do usuário adicionado (X: 257, Y: 1100).
[2025-09-16 20:18:28] [GENERATE_SIMPLE] DEBUG: [GENERATE_SIMPLE] Processando título: 'S01E01 — Tradução de histórias em quadrinhos e o mercado mainstream no Brasil' (tamanho: 82 caracteres)
[2025-09-16 20:18:28] [GENERATE_SIMPLE] DEBUG: [GENERATE_SIMPLE] Título longo detectado - aplicando quebra de linha inteligente
[2025-09-16 20:18:28] [GENERATE_SIMPLE] DEBUG: [GENERATE_SIMPLE] Linha 1: 'S01E01 — Tradução de histórias em quadrinhos e o'
[2025-09-16 20:18:28] [GENERATE_SIMPLE] DEBUG: [GENERATE_SIMPLE] Linha 2: 'mercado mainstream no Brasil'
[2025-09-16 20:18:28] [GENERATE_SIMPLE] DEBUG: [GENERATE_SIMPLE] Linha 1 adicionada (X: 797, Y: 1350)
[2025-09-16 20:18:28] [GENERATE_SIMPLE] DEBUG: [GENERATE_SIMPLE] Linha 2 adicionada (X: 1182.5, Y: 1410)
[2025-09-16 20:18:28] [GENERATE_SIMPLE] DEBUG: [GENERATE_SIMPLE] Duração da palestra adicionada (X: 2000, Y: 1570).
[2025-09-16 20:18:28] [GENERATE_SIMPLE] DEBUG: [GENERATE_SIMPLE] Data de emissão adicionada (X: 850, Y: 2330).
[2025-09-16 20:18:28] [GENERATE_SIMPLE] DEBUG: [GENERATE_SIMPLE] ID do certificado adicionado (X: 280, Y: 2430).
[2025-09-16 20:18:28] [GENERATE_SIMPLE] DEBUG: URL de verificação gerada: https://v.translators101.com/verificar_certificado.php?id=129e2cca-3b8d-4705-8882-d7a8bf85abd7
[2025-09-16 20:18:29] [GENERATE_SIMPLE] DEBUG: QR Code colado na imagem base.
[2025-09-16 20:18:29] [GENERATE_SIMPLE] DEBUG: [GENERATE_SIMPLE] QR Code adicionado à imagem durante a geração (X: 2989, Y: 2131, Tamanho: 300).
[2025-09-16 20:18:33] [GENERATE_SIMPLE] DEBUG: [GENERATE_SIMPLE] imagepng() retornou SUCESSO. Verificando se o arquivo gerado é um PNG válido.
[2025-09-16 20:18:33] [GENERATE_SIMPLE] INFO: [GENERATE_SIMPLE] Certificado PNG gerado e salvo com sucesso em: /home/u335416710/domains/translators101.com/public_html/v/includes/../certificates/certificate_129e2cca-3b8d-4705-8882-d7a8bf85abd7.png. É um PNG válido.
[2025-09-16 20:18:33] [GENERATE_SIMPLE] SUCESSO: PNG gerado - /home/u335416710/domains/translators101.com/public_html/v/includes/../certificates/certificate_129e2cca-3b8d-4705-8882-d7a8bf85abd7.png
[2025-09-16 20:18:33] [GENERATE_SIMPLE] DEBUG: [GENERATE_SIMPLE] Iniciando geração de PDF T101 CORRIGIDO para ID: 129e2cca-3b8d-4705-8882-d7a8bf85abd7
[2025-09-16 20:18:33] [GENERATE_SIMPLE] DEBUG: [GENERATE_SIMPLE] TCPDF encontrado em: /home/u335416710/domains/translators101.com/public_html/v/includes/../vendor/tecnickcom/tcpdf/tcpdf.php
[2025-09-16 20:18:35] [GENERATE_SIMPLE] DEBUG: [GENERATE_SIMPLE] Template T101 oficial aplicado como fundo
[2025-09-16 20:18:35] [GENERATE_SIMPLE] DEBUG: URL de verificação gerada: https://v.translators101.com/verificar_certificado.php?id=129e2cca-3b8d-4705-8882-d7a8bf85abd7
[2025-09-16 20:18:36] [GENERATE_SIMPLE] DEBUG: [GENERATE_SIMPLE] QR Code T101 adicionado ao PDF (posição corrigida)
[2025-09-16 20:18:36] [GENERATE_SIMPLE] SUCESSO: [GENERATE_SIMPLE] PDF T101 CORRIGIDO gerado em: /home/u335416710/domains/translators101.com/public_html/v/includes/../certificates/certificate_129e2cca-3b8d-4705-8882-d7a8bf85abd7.pdf
[2025-09-16 20:18:36] [GENERATE_SIMPLE] SUCESSO: PDF gerado - /home/u335416710/domains/translators101.com/public_html/v/includes/../certificates/certificate_129e2cca-3b8d-4705-8882-d7a8bf85abd7.pdf
[2025-09-16 20:18:36] [GENERATE_SIMPLE] SUCESSO: Certificado gerado - ID: 129e2cca-3b8d-4705-8882-d7a8bf85abd7, PNG: SIM, PDF: SIM, Assistido: 2572s de 2880s (89.3%)
[2025-09-16 20:24:08] [PALESTRA] DEBUG: Script palestra.php iniciado.
[2025-09-16 20:24:08] [PALESTRA] DEBUG: Usuário tem permissão.
[2025-09-16 20:24:08] [PALESTRA] DEBUG: ID da palestra recebido: 13afe406-8660-4f02-a7a4-f3e0d1749833
[2025-09-16 20:24:08] [PALESTRA] DEBUG: Palestra 'S01E01 — Tradução de histórias em quadrinhos e o mercado mainstream no Brasil' encontrada. Duração em minutos: 48
[2025-09-16 20:24:08] [PALESTRA] DEBUG: User ID da sessão ('945a97b5-bad5-42e4-81ea-390f85b9eac9') é válido e existe na tabela 'users'.
[2025-09-16 20:24:08] [PALESTRA] DEBUG: Log existente encontrado. Progresso: 2907s
[2025-09-16 20:24:08] [PALESTRA] DEBUG: Progresso inicial carregado do DB (user_progress_seconds): 2907
[2025-09-16 20:24:08] [PALESTRA] DEBUG: Palestras relacionadas buscadas para categoria 'Literária'.
[2025-09-16 20:24:08] [PALESTRA] DEBUG: Verificação de certificado existente para exibição inicial. ID existente: 129e2cca-3b8d-4705-8882-d7a8bf85abd7
[2025-09-16 20:24:08] [PALESTRA] DEBUG: Panda Player Div ID extraído do embed: 'panda-13afe406-8660-4f02-a7a4-f3e0d1749833'
[2025-09-16 20:24:15] [VIEW] DEBUG: Script view_certificate_files.php iniciado.
[2025-09-16 20:24:15] [VIEW] DEBUG: ID do certificado recebido: 129e2cca-3b8d-4705-8882-d7a8bf85abd7
[2025-09-16 20:24:15] [VIEW] DEBUG: Dados do certificado encontrados no banco de dados para ID: 129e2cca-3b8d-4705-8882-d7a8bf85abd7
[2025-09-16 20:24:15] [VIEW] DEBUG: Arquivo PNG encontrado: /home/u335416710/domains/translators101.com/public_html/v/certificates/certificate_129e2cca-3b8d-4705-8882-d7a8bf85abd7.png
[2025-09-16 20:24:15] [VIEW] DEBUG: Script view_certificate_files.php iniciado.
[2025-09-16 20:24:15] [VIEW] DEBUG: ID do certificado recebido: 129e2cca-3b8d-4705-8882-d7a8bf85abd7
[2025-09-16 20:24:15] [VIEW] DEBUG: Dados do certificado encontrados no banco de dados para ID: 129e2cca-3b8d-4705-8882-d7a8bf85abd7
[2025-09-16 20:24:15] [VIEW] DEBUG: Arquivo PNG encontrado: /home/u335416710/domains/translators101.com/public_html/v/certificates/certificate_129e2cca-3b8d-4705-8882-d7a8bf85abd7.png
[2025-09-16 20:24:15] [VIEW] DEBUG: Mostrando imagem diretamente: Certificado_RaffaelRodrigodeOliveiraGonalvesdeAzevedo.png
[2025-09-16 20:24:15] [VIEW] INFO: Imagem PNG enviada para visualização direta.
[2025-09-16 20:24:41] [VIEW] DEBUG: Script view_certificate_files.php iniciado.
[2025-09-16 20:24:41] [VIEW] DEBUG: ID do certificado recebido: 129e2cca-3b8d-4705-8882-d7a8bf85abd7
[2025-09-16 20:24:41] [VIEW] DEBUG: Dados do certificado encontrados no banco de dados para ID: 129e2cca-3b8d-4705-8882-d7a8bf85abd7
[2025-09-16 20:24:41] [VIEW] DEBUG: Arquivo PNG encontrado: /home/u335416710/domains/translators101.com/public_html/v/certificates/certificate_129e2cca-3b8d-4705-8882-d7a8bf85abd7.png
[2025-09-16 17:24:43] [DOWNLOAD] DEBUG: Script download_certificate_files.php iniciado.
[2025-09-16 17:24:43] [DOWNLOAD] DEBUG: ID do certificado recebido: 129e2cca-3b8d-4705-8882-d7a8bf85abd7, formato solicitado: pdf
[2025-09-16 17:24:43] [DOWNLOAD] DEBUG: Dados do certificado encontrados no banco de dados.
[2025-09-16 17:24:43] [DOWNLOAD] DEBUG: Arquivo PNG encontrado: /home/u335416710/domains/translators101.com/public_html/v/certificates/certificate_129e2cca-3b8d-4705-8882-d7a8bf85abd7.png
[2025-09-16 17:24:43] [DOWNLOAD] DEBUG: Iniciando conversão PNG para PDF: /home/u335416710/domains/translators101.com/public_html/v/certificates/certificate_129e2cca-3b8d-4705-8882-d7a8bf85abd7.png -> /home/u335416710/domains/translators101.com/public_html/v/certificates/certificate_129e2cca-3b8d-4705-8882-d7a8bf85abd7_converted.pdf
[2025-09-16 17:24:43] [DOWNLOAD] SUCESSO: PDF criado com TCPDF: /home/u335416710/domains/translators101.com/public_html/v/certificates/certificate_129e2cca-3b8d-4705-8882-d7a8bf85abd7_converted.pdf
[2025-09-16 17:24:43] [DOWNLOAD] DEBUG: PNG convertido para PDF com sucesso: /home/u335416710/domains/translators101.com/public_html/v/certificates/certificate_129e2cca-3b8d-4705-8882-d7a8bf85abd7_converted.pdf
[2025-09-16 17:24:43] [DOWNLOAD] DEBUG: Preparando download final: Certificado_Raffael_Rodrigo_de_Oliveira_Gon__alves_de_Azevedo_2025-09-16.pdf (Tipo: application/pdf) - Arquivo: /home/u335416710/domains/translators101.com/public_html/v/certificates/certificate_129e2cca-3b8d-4705-8882-d7a8bf85abd7_converted.pdf
[2025-09-16 17:24:43] [DOWNLOAD] INFO: Arquivo Certificado_Raffael_Rodrigo_de_Oliveira_Gon__alves_de_Azevedo_2025-09-16.pdf enviado para download com sucesso.
[2025-09-16 20:29:06] [PALESTRA] DEBUG: Script palestra.php iniciado.
[2025-09-16 20:29:06] [PALESTRA] DEBUG: Usuário tem permissão.
[2025-09-16 20:29:06] [PALESTRA] DEBUG: ID da palestra recebido: c7360948-937a-42fd-962b-e0a79e72abe6
[2025-09-16 20:29:06] [PALESTRA] DEBUG: Palestra 'S03E44 — Traduzir RPG é sempre um desafio — Jana Bianchi' encontrada. Duração em minutos: 118
[2025-09-16 20:29:06] [PALESTRA] DEBUG: User ID da sessão ('945a97b5-bad5-42e4-81ea-390f85b9eac9') é válido e existe na tabela 'users'.
[2025-09-16 20:29:06] [PALESTRA] INFO: Novo log de acesso registrado para palestra 'S03E44 — Traduzir RPG é sempre um desafio — Jana Bianchi' (User ID: 945a97b5-bad5-42e4-81ea-390f85b9eac9).
[2025-09-16 20:29:06] [PALESTRA] DEBUG: Progresso inicial carregado do DB (user_progress_seconds): 0
[2025-09-16 20:29:06] [PALESTRA] DEBUG: Palestras relacionadas buscadas para categoria ''.
[2025-09-16 20:29:06] [PALESTRA] DEBUG: Verificação de certificado existente para exibição inicial. ID existente: Nenhum
[2025-09-16 20:29:06] [PALESTRA] DEBUG: Panda Player Div ID extraído do embed: 'panda-c7360948-937a-42fd-962b-e0a79e72abe6'
[2025-09-16 23:57:56] [VIEW] DEBUG: Script view_certificate_files.php iniciado.
[2025-09-16 23:57:56] [VIEW] INFO: Usuário não logado. Redirecionando para login.php.
[2025-09-17 12:59:16] [PALESTRA] DEBUG: Script palestra.php iniciado.
[2025-09-17 12:59:16] [PALESTRA] DEBUG: Usuário tem permissão.
[2025-09-17 12:59:16] [PALESTRA] DEBUG: ID da palestra recebido: 74cc5e90-2619-49b1-b482-6a5fd052822f
[2025-09-17 12:59:16] [PALESTRA] DEBUG: Palestra 'S08E02 — Manipulando a IA Generativa — Inteligências Artificiais, Perigos Reais — Marcus Mangetti' encontrada. Duração em minutos: 87
[2025-09-17 12:59:16] [PALESTRA] DEBUG: User ID da sessão ('20370c4e-6641-4e09-8a79-bd19869edb20') é válido e existe na tabela 'users'.
[2025-09-17 12:59:16] [PALESTRA] DEBUG: Log existente encontrado. Progresso: 34988s
[2025-09-17 12:59:16] [PALESTRA] DEBUG: Progresso inicial carregado do DB (user_progress_seconds): 34988
[2025-09-17 12:59:16] [PALESTRA] DEBUG: Palestras relacionadas buscadas para categoria ''.
[2025-09-17 12:59:16] [PALESTRA] DEBUG: Verificação de certificado existente para exibição inicial. ID existente: Nenhum
[2025-09-17 12:59:16] [PALESTRA] DEBUG: Panda Player Div ID extraído do embed: 'panda-74cc5e90-2619-49b1-b482-6a5fd052822f'
[2025-09-17 14:05:22] [PALESTRA] DEBUG: Script palestra.php iniciado.
[2025-09-17 14:05:22] [PALESTRA] DEBUG: Usuário tem permissão.
[2025-09-17 14:05:22] [PALESTRA] DEBUG: ID da palestra recebido: c7360948-937a-42fd-962b-e0a79e72abe6
[2025-09-17 14:05:22] [PALESTRA] DEBUG: Palestra 'S03E44 — Traduzir RPG é sempre um desafio — Jana Bianchi' encontrada. Duração em minutos: 118
[2025-09-17 14:05:22] [PALESTRA] DEBUG: User ID da sessão ('945a97b5-bad5-42e4-81ea-390f85b9eac9') é válido e existe na tabela 'users'.
[2025-09-17 14:05:22] [PALESTRA] DEBUG: Log existente encontrado. Progresso: 1804s
[2025-09-17 14:05:22] [PALESTRA] DEBUG: Progresso inicial carregado do DB (user_progress_seconds): 1804
[2025-09-17 14:05:22] [PALESTRA] DEBUG: Palestras relacionadas buscadas para categoria ''.
[2025-09-17 14:05:22] [PALESTRA] DEBUG: Verificação de certificado existente para exibição inicial. ID existente: Nenhum
[2025-09-17 14:05:22] [PALESTRA] DEBUG: Panda Player Div ID extraído do embed: 'panda-c7360948-937a-42fd-962b-e0a79e72abe6'
[2025-09-17 15:26:06] [GENERATE_SIMPLE] Script generate_simple_certificate.php iniciado
[2025-09-17 15:26:06] [GENERATE_SIMPLE] Dados recebidos - Lecture: c7360948-937a-42fd-962b-e0a79e72abe6, User: 945a97b5-bad5-42e4-81ea-390f85b9eac9, Watched: 6644s
[2025-09-17 15:26:06] [GENERATE_SIMPLE] Iniciando validações simplificadas
[2025-09-17 15:26:06] [GENERATE_SIMPLE] Progresso no DB: 6639s, Enviado pelo cliente: 6644s
[2025-09-17 15:26:06] [GENERATE_SIMPLE] Tempo final considerado: 6644s
[2025-09-17 15:26:06] [GENERATE_SIMPLE] Duração total: 7080s, Requerido (85%): 6018s
[2025-09-17 15:26:06] [GENERATE_SIMPLE] Todas as validações passaram - gerando certificado
[2025-09-17 15:26:06] [GENERATE_SIMPLE] SUCESSO: Certificado inserido no banco - ID: 4a726d17-617a-4c79-8b9a-0550c1da5de2
[2025-09-17 15:26:06] [GENERATE_SIMPLE] DEBUG: [GENERATE_SIMPLE] Iniciando geração de PNG para ID: 4a726d17-617a-4c79-8b9a-0550c1da5de2
[2025-09-17 15:26:06] [GENERATE_SIMPLE] DEBUG: [GENERATE_SIMPLE] Conversão UTF-8 aplicada para geração.
[2025-09-17 15:26:06] [GENERATE_SIMPLE] DEBUG: [GENERATE_SIMPLE] Dimensões do template: Largura=3509, Altura=2481
[2025-09-17 15:26:06] [GENERATE_SIMPLE] DEBUG: [GENERATE_SIMPLE] Procurando fontes TTF para geração...
[2025-09-17 15:26:06] [GENERATE_SIMPLE] DEBUG: [GENERATE_SIMPLE] Fonte TTF Bold encontrada em: /home/u335416710/domains/translators101.com/public_html/v/includes/../fonts/DejaVuSans-Bold.ttf
[2025-09-17 15:26:06] [GENERATE_SIMPLE] DEBUG: [GENERATE_SIMPLE] Fonte TTF padrão encontrada em: /home/u335416710/domains/translators101.com/public_html/v/includes/../fonts/DejaVuSans-Bold.ttf
[2025-09-17 15:26:06] [GENERATE_SIMPLE] DEBUG: [GENERATE_SIMPLE] Usando imagettftext para geração.
[2025-09-17 15:26:06] [GENERATE_SIMPLE] DEBUG: [GENERATE_SIMPLE] Nome do usuário adicionado (X: 257, Y: 1100).
[2025-09-17 15:26:06] [GENERATE_SIMPLE] DEBUG: [GENERATE_SIMPLE] Processando título: 'S03E44 — Traduzir RPG é sempre um desafio — Jana Bianchi' (tamanho: 61 caracteres)
[2025-09-17 15:26:06] [GENERATE_SIMPLE] DEBUG: [GENERATE_SIMPLE] Título longo detectado - aplicando quebra de linha inteligente
[2025-09-17 15:26:06] [GENERATE_SIMPLE] DEBUG: [GENERATE_SIMPLE] Linha 1: 'Traduzir RPG é sempre um desafio — Jana'
[2025-09-17 15:26:06] [GENERATE_SIMPLE] DEBUG: [GENERATE_SIMPLE] Linha 2: 'S03E44 — Bianchi'
[2025-09-17 15:26:06] [GENERATE_SIMPLE] DEBUG: [GENERATE_SIMPLE] Linha 1 adicionada (X: 971.5, Y: 1350)
[2025-09-17 15:26:06] [GENERATE_SIMPLE] DEBUG: [GENERATE_SIMPLE] Linha 2 adicionada (X: 1423.5, Y: 1410)
[2025-09-17 15:26:06] [GENERATE_SIMPLE] DEBUG: [GENERATE_SIMPLE] Duração da palestra adicionada (X: 2000, Y: 1570).
[2025-09-17 15:26:06] [GENERATE_SIMPLE] DEBUG: [GENERATE_SIMPLE] Data de emissão adicionada (X: 850, Y: 2330).
[2025-09-17 15:26:06] [GENERATE_SIMPLE] DEBUG: [GENERATE_SIMPLE] ID do certificado adicionado (X: 280, Y: 2430).
[2025-09-17 15:26:06] [GENERATE_SIMPLE] DEBUG: URL de verificação gerada: https://v.translators101.com/verificar_certificado.php?id=4a726d17-617a-4c79-8b9a-0550c1da5de2
[2025-09-17 15:26:07] [GENERATE_SIMPLE] DEBUG: QR Code colado na imagem base.
[2025-09-17 15:26:07] [GENERATE_SIMPLE] DEBUG: [GENERATE_SIMPLE] QR Code adicionado à imagem durante a geração (X: 2989, Y: 2131, Tamanho: 300).
[2025-09-17 15:26:11] [GENERATE_SIMPLE] DEBUG: [GENERATE_SIMPLE] imagepng() retornou SUCESSO. Verificando se o arquivo gerado é um PNG válido.
[2025-09-17 15:26:11] [GENERATE_SIMPLE] INFO: [GENERATE_SIMPLE] Certificado PNG gerado e salvo com sucesso em: /home/u335416710/domains/translators101.com/public_html/v/includes/../certificates/certificate_4a726d17-617a-4c79-8b9a-0550c1da5de2.png. É um PNG válido.
[2025-09-17 15:26:11] [GENERATE_SIMPLE] SUCESSO: PNG gerado - /home/u335416710/domains/translators101.com/public_html/v/includes/../certificates/certificate_4a726d17-617a-4c79-8b9a-0550c1da5de2.png
[2025-09-17 15:26:11] [GENERATE_SIMPLE] DEBUG: [GENERATE_SIMPLE] Iniciando geração de PDF T101 CORRIGIDO para ID: 4a726d17-617a-4c79-8b9a-0550c1da5de2
[2025-09-17 15:26:11] [GENERATE_SIMPLE] DEBUG: [GENERATE_SIMPLE] TCPDF encontrado em: /home/u335416710/domains/translators101.com/public_html/v/includes/../vendor/tecnickcom/tcpdf/tcpdf.php
[2025-09-17 15:26:13] [GENERATE_SIMPLE] DEBUG: [GENERATE_SIMPLE] Template T101 oficial aplicado como fundo
[2025-09-17 15:26:13] [GENERATE_SIMPLE] DEBUG: URL de verificação gerada: https://v.translators101.com/verificar_certificado.php?id=4a726d17-617a-4c79-8b9a-0550c1da5de2
[2025-09-17 15:26:14] [GENERATE_SIMPLE] DEBUG: [GENERATE_SIMPLE] QR Code T101 adicionado ao PDF (posição corrigida)
[2025-09-17 15:26:14] [GENERATE_SIMPLE] SUCESSO: [GENERATE_SIMPLE] PDF T101 CORRIGIDO gerado em: /home/u335416710/domains/translators101.com/public_html/v/includes/../certificates/certificate_4a726d17-617a-4c79-8b9a-0550c1da5de2.pdf
[2025-09-17 15:26:14] [GENERATE_SIMPLE] SUCESSO: PDF gerado - /home/u335416710/domains/translators101.com/public_html/v/includes/../certificates/certificate_4a726d17-617a-4c79-8b9a-0550c1da5de2.pdf
[2025-09-17 15:26:14] [GENERATE_SIMPLE] SUCESSO: Certificado gerado - ID: 4a726d17-617a-4c79-8b9a-0550c1da5de2, PNG: SIM, PDF: SIM, Assistido: 6644s de 7080s (93.8%)
[2025-09-17 15:41:11] [PALESTRA] DEBUG: Script palestra.php iniciado.
[2025-09-17 15:41:11] [PALESTRA] DEBUG: Usuário tem permissão.
[2025-09-17 15:41:11] [PALESTRA] DEBUG: ID da palestra recebido: b5f50600-3555-41ec-add4-96dfc52431b5
[2025-09-17 15:41:11] [PALESTRA] DEBUG: Palestra 'S08E18 — Tradução Audiovisual: Workflow da demanda à entrega — Bruna Andrade' encontrada. Duração em minutos: 88
[2025-09-17 15:41:11] [PALESTRA] DEBUG: User ID da sessão ('09711ff9-47ed-4c6a-b39a-2f00ac65caa5') é válido e existe na tabela 'users'.
[2025-09-17 15:41:11] [PALESTRA] INFO: Novo log de acesso registrado para palestra 'S08E18 — Tradução Audiovisual: Workflow da demanda à entrega — Bruna Andrade' (User ID: 09711ff9-47ed-4c6a-b39a-2f00ac65caa5).
[2025-09-17 15:41:11] [PALESTRA] DEBUG: Progresso inicial carregado do DB (user_progress_seconds): 0
[2025-09-17 15:41:11] [PALESTRA] DEBUG: Palestras relacionadas buscadas para categoria ''.
[2025-09-17 15:41:11] [PALESTRA] DEBUG: Verificação de certificado existente para exibição inicial. ID existente: Nenhum
[2025-09-17 15:41:11] [PALESTRA] DEBUG: Panda Player Div ID extraído do embed: 'panda-b5f50600-3555-41ec-add4-96dfc52431b5'
[2025-09-17 17:01:57] [GENERATE_SIMPLE] Script generate_simple_certificate.php iniciado
[2025-09-17 17:01:57] [GENERATE_SIMPLE] Dados recebidos - Lecture: b5f50600-3555-41ec-add4-96dfc52431b5, User: 09711ff9-47ed-4c6a-b39a-2f00ac65caa5, Watched: 4845s
[2025-09-17 17:01:57] [GENERATE_SIMPLE] Iniciando validações simplificadas
[2025-09-17 17:01:57] [GENERATE_SIMPLE] Progresso no DB: 4843s, Enviado pelo cliente: 4845s
[2025-09-17 17:01:57] [GENERATE_SIMPLE] Tempo final considerado: 4845s
[2025-09-17 17:01:57] [GENERATE_SIMPLE] Duração total: 5280s, Requerido (85%): 4488s
[2025-09-17 17:01:57] [GENERATE_SIMPLE] Todas as validações passaram - gerando certificado
[2025-09-17 17:01:57] [GENERATE_SIMPLE] SUCESSO: Certificado inserido no banco - ID: 2711816a-9db3-4b75-ac80-2fbfa585e237
[2025-09-17 17:01:57] [GENERATE_SIMPLE] DEBUG: [GENERATE_SIMPLE] Iniciando geração de PNG para ID: 2711816a-9db3-4b75-ac80-2fbfa585e237
[2025-09-17 17:01:57] [GENERATE_SIMPLE] DEBUG: [GENERATE_SIMPLE] Conversão UTF-8 aplicada para geração.
[2025-09-17 17:01:57] [GENERATE_SIMPLE] DEBUG: [GENERATE_SIMPLE] Dimensões do template: Largura=3509, Altura=2481
[2025-09-17 17:01:57] [GENERATE_SIMPLE] DEBUG: [GENERATE_SIMPLE] Procurando fontes TTF para geração...
[2025-09-17 17:01:57] [GENERATE_SIMPLE] DEBUG: [GENERATE_SIMPLE] Fonte TTF Bold encontrada em: /home/u335416710/domains/translators101.com/public_html/v/includes/../fonts/DejaVuSans-Bold.ttf
[2025-09-17 17:01:57] [GENERATE_SIMPLE] DEBUG: [GENERATE_SIMPLE] Fonte TTF padrão encontrada em: /home/u335416710/domains/translators101.com/public_html/v/includes/../fonts/DejaVuSans-Bold.ttf
[2025-09-17 17:01:57] [GENERATE_SIMPLE] DEBUG: [GENERATE_SIMPLE] Usando imagettftext para geração.
[2025-09-17 17:01:57] [GENERATE_SIMPLE] DEBUG: [GENERATE_SIMPLE] Nome do usuário adicionado (X: 1044.5, Y: 1100).
[2025-09-17 17:01:57] [GENERATE_SIMPLE] DEBUG: [GENERATE_SIMPLE] Processando título: 'S08E18 — Tradução Audiovisual: Workflow da demanda à entrega — Bruna Andrade' (tamanho: 83 caracteres)
[2025-09-17 17:01:57] [GENERATE_SIMPLE] DEBUG: [GENERATE_SIMPLE] Título longo detectado - aplicando quebra de linha inteligente
[2025-09-17 17:01:57] [GENERATE_SIMPLE] DEBUG: [GENERATE_SIMPLE] Linha 1: 'S08E18 — Tradução Audiovisual: Workflow da demanda'
[2025-09-17 17:01:57] [GENERATE_SIMPLE] DEBUG: [GENERATE_SIMPLE] Linha 2: 'à entrega — Bruna Andrade'
[2025-09-17 17:01:57] [GENERATE_SIMPLE] DEBUG: [GENERATE_SIMPLE] Linha 1 adicionada (X: 717, Y: 1350)
[2025-09-17 17:01:57] [GENERATE_SIMPLE] DEBUG: [GENERATE_SIMPLE] Linha 2 adicionada (X: 1236.5, Y: 1410)
[2025-09-17 17:01:57] [GENERATE_SIMPLE] DEBUG: [GENERATE_SIMPLE] Duração da palestra adicionada (X: 2000, Y: 1570).
[2025-09-17 17:01:57] [GENERATE_SIMPLE] DEBUG: [GENERATE_SIMPLE] Data de emissão adicionada (X: 850, Y: 2330).
[2025-09-17 17:01:57] [GENERATE_SIMPLE] DEBUG: [GENERATE_SIMPLE] ID do certificado adicionado (X: 280, Y: 2430).
[2025-09-17 17:01:57] [GENERATE_SIMPLE] DEBUG: URL de verificação gerada: https://v.translators101.com/verificar_certificado.php?id=2711816a-9db3-4b75-ac80-2fbfa585e237
[2025-09-17 17:01:59] [GENERATE_SIMPLE] DEBUG: QR Code colado na imagem base.
[2025-09-17 17:01:59] [GENERATE_SIMPLE] DEBUG: [GENERATE_SIMPLE] QR Code adicionado à imagem durante a geração (X: 2989, Y: 2131, Tamanho: 300).
[2025-09-17 17:02:02] [GENERATE_SIMPLE] DEBUG: [GENERATE_SIMPLE] imagepng() retornou SUCESSO. Verificando se o arquivo gerado é um PNG válido.
[2025-09-17 17:02:02] [GENERATE_SIMPLE] INFO: [GENERATE_SIMPLE] Certificado PNG gerado e salvo com sucesso em: /home/u335416710/domains/translators101.com/public_html/v/includes/../certificates/certificate_2711816a-9db3-4b75-ac80-2fbfa585e237.png. É um PNG válido.
[2025-09-17 17:02:02] [GENERATE_SIMPLE] SUCESSO: PNG gerado - /home/u335416710/domains/translators101.com/public_html/v/includes/../certificates/certificate_2711816a-9db3-4b75-ac80-2fbfa585e237.png
[2025-09-17 17:02:02] [GENERATE_SIMPLE] DEBUG: [GENERATE_SIMPLE] Iniciando geração de PDF T101 CORRIGIDO para ID: 2711816a-9db3-4b75-ac80-2fbfa585e237
[2025-09-17 17:02:02] [GENERATE_SIMPLE] DEBUG: [GENERATE_SIMPLE] TCPDF encontrado em: /home/u335416710/domains/translators101.com/public_html/v/includes/../vendor/tecnickcom/tcpdf/tcpdf.php
[2025-09-17 17:02:05] [GENERATE_SIMPLE] DEBUG: [GENERATE_SIMPLE] Template T101 oficial aplicado como fundo
[2025-09-17 17:02:05] [GENERATE_SIMPLE] DEBUG: URL de verificação gerada: https://v.translators101.com/verificar_certificado.php?id=2711816a-9db3-4b75-ac80-2fbfa585e237
[2025-09-17 17:02:06] [GENERATE_SIMPLE] DEBUG: [GENERATE_SIMPLE] QR Code T101 adicionado ao PDF (posição corrigida)
[2025-09-17 17:02:06] [GENERATE_SIMPLE] SUCESSO: [GENERATE_SIMPLE] PDF T101 CORRIGIDO gerado em: /home/u335416710/domains/translators101.com/public_html/v/includes/../certificates/certificate_2711816a-9db3-4b75-ac80-2fbfa585e237.pdf
[2025-09-17 17:02:06] [GENERATE_SIMPLE] SUCESSO: PDF gerado - /home/u335416710/domains/translators101.com/public_html/v/includes/../certificates/certificate_2711816a-9db3-4b75-ac80-2fbfa585e237.pdf
[2025-09-17 17:02:06] [GENERATE_SIMPLE] SUCESSO: Certificado gerado - ID: 2711816a-9db3-4b75-ac80-2fbfa585e237, PNG: SIM, PDF: SIM, Assistido: 4845s de 5280s (91.8%)
[2025-09-17 17:03:03] [VIEW] DEBUG: Script view_certificate_files.php iniciado.
[2025-09-17 17:03:03] [VIEW] DEBUG: ID do certificado recebido: 2711816a-9db3-4b75-ac80-2fbfa585e237
[2025-09-17 17:03:03] [VIEW] DEBUG: Dados do certificado encontrados no banco de dados para ID: 2711816a-9db3-4b75-ac80-2fbfa585e237
[2025-09-17 17:03:03] [VIEW] DEBUG: Arquivo PNG encontrado: /home/u335416710/domains/translators101.com/public_html/v/certificates/certificate_2711816a-9db3-4b75-ac80-2fbfa585e237.png
[2025-09-17 17:03:03] [VIEW] DEBUG: Script view_certificate_files.php iniciado.
[2025-09-17 17:03:03] [VIEW] DEBUG: ID do certificado recebido: 2711816a-9db3-4b75-ac80-2fbfa585e237
[2025-09-17 17:03:03] [VIEW] DEBUG: Dados do certificado encontrados no banco de dados para ID: 2711816a-9db3-4b75-ac80-2fbfa585e237
[2025-09-17 17:03:03] [VIEW] DEBUG: Arquivo PNG encontrado: /home/u335416710/domains/translators101.com/public_html/v/certificates/certificate_2711816a-9db3-4b75-ac80-2fbfa585e237.png
[2025-09-17 17:03:03] [VIEW] DEBUG: Mostrando imagem diretamente: Certificado_MayraMoraesdeSousa.png
[2025-09-17 17:03:03] [VIEW] INFO: Imagem PNG enviada para visualização direta.
[2025-09-17 14:03:19] [DOWNLOAD] DEBUG: Script download_certificate_files.php iniciado.
[2025-09-17 14:03:19] [DOWNLOAD] DEBUG: ID do certificado recebido: 2711816a-9db3-4b75-ac80-2fbfa585e237, formato solicitado: pdf
[2025-09-17 14:03:19] [DOWNLOAD] DEBUG: Dados do certificado encontrados no banco de dados.
[2025-09-17 14:03:19] [DOWNLOAD] DEBUG: Arquivo PNG encontrado: /home/u335416710/domains/translators101.com/public_html/v/certificates/certificate_2711816a-9db3-4b75-ac80-2fbfa585e237.png
[2025-09-17 14:03:19] [DOWNLOAD] DEBUG: Iniciando conversão PNG para PDF: /home/u335416710/domains/translators101.com/public_html/v/certificates/certificate_2711816a-9db3-4b75-ac80-2fbfa585e237.png -> /home/u335416710/domains/translators101.com/public_html/v/certificates/certificate_2711816a-9db3-4b75-ac80-2fbfa585e237_converted.pdf
[2025-09-17 14:03:19] [DOWNLOAD] SUCESSO: PDF criado com TCPDF: /home/u335416710/domains/translators101.com/public_html/v/certificates/certificate_2711816a-9db3-4b75-ac80-2fbfa585e237_converted.pdf
[2025-09-17 14:03:19] [DOWNLOAD] DEBUG: PNG convertido para PDF com sucesso: /home/u335416710/domains/translators101.com/public_html/v/certificates/certificate_2711816a-9db3-4b75-ac80-2fbfa585e237_converted.pdf
[2025-09-17 14:03:19] [DOWNLOAD] DEBUG: Preparando download final: Certificado_Mayra_Moraes_de_Sousa_2025-09-17.pdf (Tipo: application/pdf) - Arquivo: /home/u335416710/domains/translators101.com/public_html/v/certificates/certificate_2711816a-9db3-4b75-ac80-2fbfa585e237_converted.pdf
[2025-09-17 14:03:19] [DOWNLOAD] INFO: Arquivo Certificado_Mayra_Moraes_de_Sousa_2025-09-17.pdf enviado para download com sucesso.
[2025-09-17 17:04:29] [PALESTRA] DEBUG: Script palestra.php iniciado.
[2025-09-17 17:04:29] [PALESTRA] DEBUG: Usuário tem permissão.
[2025-09-17 17:04:29] [PALESTRA] DEBUG: ID da palestra recebido: 62c60e46-a384-4044-8651-89f19cca727d
[2025-09-17 17:04:29] [PALESTRA] DEBUG: Palestra 'S07E36 — MTPE – Exemplos práticos de Machine Translation Pós-Editing — Isa Mara Lando' encontrada. Duração em minutos: 110
[2025-09-17 17:04:29] [PALESTRA] DEBUG: User ID da sessão ('09711ff9-47ed-4c6a-b39a-2f00ac65caa5') é válido e existe na tabela 'users'.
[2025-09-17 17:04:29] [PALESTRA] INFO: Novo log de acesso registrado para palestra 'S07E36 — MTPE – Exemplos práticos de Machine Translation Pós-Editing — Isa Mara Lando' (User ID: 09711ff9-47ed-4c6a-b39a-2f00ac65caa5).
[2025-09-17 17:04:29] [PALESTRA] DEBUG: Progresso inicial carregado do DB (user_progress_seconds): 0
[2025-09-17 17:04:29] [PALESTRA] DEBUG: Palestras relacionadas buscadas para categoria ''.
[2025-09-17 17:04:29] [PALESTRA] DEBUG: Verificação de certificado existente para exibição inicial. ID existente: Nenhum
[2025-09-17 17:04:29] [PALESTRA] DEBUG: Panda Player Div ID extraído do embed: 'panda-62c60e46-a384-4044-8651-89f19cca727d'
[2025-09-17 18:27:20] [VIEW] DEBUG: Script view_certificate_files.php iniciado.
[2025-09-17 18:27:20] [VIEW] DEBUG: ID do certificado recebido: 0bee714c-73c9-4652-8f71-848da012f221
[2025-09-17 18:27:20] [VIEW] DEBUG: Dados do certificado encontrados no banco de dados para ID: 0bee714c-73c9-4652-8f71-848da012f221
[2025-09-17 18:27:20] [VIEW] DEBUG: Arquivo PNG encontrado: /home/u335416710/domains/translators101.com/public_html/v/certificates/certificate_0bee714c-73c9-4652-8f71-848da012f221.png
[2025-09-17 18:27:20] [VIEW] DEBUG: Script view_certificate_files.php iniciado.
[2025-09-17 18:27:20] [VIEW] DEBUG: ID do certificado recebido: 0bee714c-73c9-4652-8f71-848da012f221
[2025-09-17 18:27:20] [VIEW] DEBUG: Dados do certificado encontrados no banco de dados para ID: 0bee714c-73c9-4652-8f71-848da012f221
[2025-09-17 18:27:20] [VIEW] DEBUG: Arquivo PNG encontrado: /home/u335416710/domains/translators101.com/public_html/v/certificates/certificate_0bee714c-73c9-4652-8f71-848da012f221.png
[2025-09-17 18:27:20] [VIEW] DEBUG: Mostrando imagem diretamente: Certificado_WilliamCassemiro.png
[2025-09-17 18:27:20] [VIEW] INFO: Imagem PNG enviada para visualização direta.
[2025-09-17 15:27:55] [DOWNLOAD] DEBUG: Script download_certificate_files.php iniciado.
[2025-09-17 15:27:55] [DOWNLOAD] DEBUG: ID do certificado recebido: 0bee714c-73c9-4652-8f71-848da012f221, formato solicitado: pdf
[2025-09-17 15:27:55] [DOWNLOAD] DEBUG: Dados do certificado encontrados no banco de dados.
[2025-09-17 15:27:55] [DOWNLOAD] DEBUG: Arquivo PNG encontrado: /home/u335416710/domains/translators101.com/public_html/v/certificates/certificate_0bee714c-73c9-4652-8f71-848da012f221.png
[2025-09-17 15:27:55] [DOWNLOAD] DEBUG: PDF convertido já existe e está atualizado: /home/u335416710/domains/translators101.com/public_html/v/certificates/certificate_0bee714c-73c9-4652-8f71-848da012f221_converted.pdf
[2025-09-17 15:27:55] [DOWNLOAD] DEBUG: Preparando download final: Certificado_William_Cassemiro_2025-09-17.pdf (Tipo: application/pdf) - Arquivo: /home/u335416710/domains/translators101.com/public_html/v/certificates/certificate_0bee714c-73c9-4652-8f71-848da012f221_converted.pdf
[2025-09-17 15:27:55] [DOWNLOAD] INFO: Arquivo Certificado_William_Cassemiro_2025-09-17.pdf enviado para download com sucesso.
[2025-09-17 18:52:29] [GENERATE_SIMPLE] Script generate_simple_certificate.php iniciado
[2025-09-17 18:52:29] [GENERATE_SIMPLE] Dados recebidos - Lecture: 62c60e46-a384-4044-8651-89f19cca727d, User: 09711ff9-47ed-4c6a-b39a-2f00ac65caa5, Watched: 6475s
[2025-09-17 18:52:29] [GENERATE_SIMPLE] Iniciando validações simplificadas
[2025-09-17 18:52:29] [GENERATE_SIMPLE] Progresso no DB: 6470s, Enviado pelo cliente: 6475s
[2025-09-17 18:52:29] [GENERATE_SIMPLE] Tempo final considerado: 6475s
[2025-09-17 18:52:29] [GENERATE_SIMPLE] Duração total: 6600s, Requerido (85%): 5610s
[2025-09-17 18:52:29] [GENERATE_SIMPLE] Todas as validações passaram - gerando certificado
[2025-09-17 18:52:29] [GENERATE_SIMPLE] SUCESSO: Certificado inserido no banco - ID: 2b528609-4e94-407f-99b8-fe414a349e46
[2025-09-17 18:52:29] [GENERATE_SIMPLE] DEBUG: [GENERATE_SIMPLE] Iniciando geração de PNG para ID: 2b528609-4e94-407f-99b8-fe414a349e46
[2025-09-17 18:52:29] [GENERATE_SIMPLE] DEBUG: [GENERATE_SIMPLE] Conversão UTF-8 aplicada para geração.
[2025-09-17 18:52:29] [GENERATE_SIMPLE] DEBUG: [GENERATE_SIMPLE] Dimensões do template: Largura=3509, Altura=2481
[2025-09-17 18:52:29] [GENERATE_SIMPLE] DEBUG: [GENERATE_SIMPLE] Procurando fontes TTF para geração...
[2025-09-17 18:52:29] [GENERATE_SIMPLE] DEBUG: [GENERATE_SIMPLE] Fonte TTF Bold encontrada em: /home/u335416710/domains/translators101.com/public_html/v/includes/../fonts/DejaVuSans-Bold.ttf
[2025-09-17 18:52:29] [GENERATE_SIMPLE] DEBUG: [GENERATE_SIMPLE] Fonte TTF padrão encontrada em: /home/u335416710/domains/translators101.com/public_html/v/includes/../fonts/DejaVuSans-Bold.ttf
[2025-09-17 18:52:29] [GENERATE_SIMPLE] DEBUG: [GENERATE_SIMPLE] Usando imagettftext para geração.
[2025-09-17 18:52:29] [GENERATE_SIMPLE] DEBUG: [GENERATE_SIMPLE] Nome do usuário adicionado (X: 1044.5, Y: 1100).
[2025-09-17 18:52:29] [GENERATE_SIMPLE] DEBUG: [GENERATE_SIMPLE] Processando título: 'S07E36 — MTPE – Exemplos práticos de Machine Translation Pós-Editing — Isa Mara Lando' (tamanho: 93 caracteres)
[2025-09-17 18:52:29] [GENERATE_SIMPLE] DEBUG: [GENERATE_SIMPLE] Título longo detectado - aplicando quebra de linha inteligente
[2025-09-17 18:52:29] [GENERATE_SIMPLE] DEBUG: [GENERATE_SIMPLE] Linha 1: 'S07E36 — MTPE – Exemplos práticos de Machine'
[2025-09-17 18:52:29] [GENERATE_SIMPLE] DEBUG: [GENERATE_SIMPLE] Linha 2: 'Translation Pós-Editing — Isa Mara Lando'
[2025-09-17 18:52:29] [GENERATE_SIMPLE] DEBUG: [GENERATE_SIMPLE] Linha 1 adicionada (X: 849, Y: 1350)
[2025-09-17 18:52:29] [GENERATE_SIMPLE] DEBUG: [GENERATE_SIMPLE] Linha 2 adicionada (X: 978.5, Y: 1410)
[2025-09-17 18:52:29] [GENERATE_SIMPLE] DEBUG: [GENERATE_SIMPLE] Duração da palestra adicionada (X: 2000, Y: 1570).
[2025-09-17 18:52:29] [GENERATE_SIMPLE] DEBUG: [GENERATE_SIMPLE] Data de emissão adicionada (X: 850, Y: 2330).
[2025-09-17 18:52:29] [GENERATE_SIMPLE] DEBUG: [GENERATE_SIMPLE] ID do certificado adicionado (X: 280, Y: 2430).
[2025-09-17 18:52:29] [GENERATE_SIMPLE] DEBUG: URL de verificação gerada: https://v.translators101.com/verificar_certificado.php?id=2b528609-4e94-407f-99b8-fe414a349e46
[2025-09-17 18:52:30] [GENERATE_SIMPLE] DEBUG: QR Code colado na imagem base.
[2025-09-17 18:52:30] [GENERATE_SIMPLE] DEBUG: [GENERATE_SIMPLE] QR Code adicionado à imagem durante a geração (X: 2989, Y: 2131, Tamanho: 300).
[2025-09-17 18:52:33] [GENERATE_SIMPLE] DEBUG: [GENERATE_SIMPLE] imagepng() retornou SUCESSO. Verificando se o arquivo gerado é um PNG válido.
[2025-09-17 18:52:33] [GENERATE_SIMPLE] INFO: [GENERATE_SIMPLE] Certificado PNG gerado e salvo com sucesso em: /home/u335416710/domains/translators101.com/public_html/v/includes/../certificates/certificate_2b528609-4e94-407f-99b8-fe414a349e46.png. É um PNG válido.
[2025-09-17 18:52:33] [GENERATE_SIMPLE] SUCESSO: PNG gerado - /home/u335416710/domains/translators101.com/public_html/v/includes/../certificates/certificate_2b528609-4e94-407f-99b8-fe414a349e46.png
[2025-09-17 18:52:33] [GENERATE_SIMPLE] DEBUG: [GENERATE_SIMPLE] Iniciando geração de PDF T101 CORRIGIDO para ID: 2b528609-4e94-407f-99b8-fe414a349e46
[2025-09-17 18:52:33] [GENERATE_SIMPLE] DEBUG: [GENERATE_SIMPLE] TCPDF encontrado em: /home/u335416710/domains/translators101.com/public_html/v/includes/../vendor/tecnickcom/tcpdf/tcpdf.php
[2025-09-17 18:52:36] [GENERATE_SIMPLE] DEBUG: [GENERATE_SIMPLE] Template T101 oficial aplicado como fundo
[2025-09-17 18:52:36] [GENERATE_SIMPLE] DEBUG: URL de verificação gerada: https://v.translators101.com/verificar_certificado.php?id=2b528609-4e94-407f-99b8-fe414a349e46
[2025-09-17 18:52:37] [GENERATE_SIMPLE] DEBUG: [GENERATE_SIMPLE] QR Code T101 adicionado ao PDF (posição corrigida)
[2025-09-17 18:52:37] [GENERATE_SIMPLE] SUCESSO: [GENERATE_SIMPLE] PDF T101 CORRIGIDO gerado em: /home/u335416710/domains/translators101.com/public_html/v/includes/../certificates/certificate_2b528609-4e94-407f-99b8-fe414a349e46.pdf
[2025-09-17 18:52:37] [GENERATE_SIMPLE] SUCESSO: PDF gerado - /home/u335416710/domains/translators101.com/public_html/v/includes/../certificates/certificate_2b528609-4e94-407f-99b8-fe414a349e46.pdf
[2025-09-17 18:52:37] [GENERATE_SIMPLE] SUCESSO: Certificado gerado - ID: 2b528609-4e94-407f-99b8-fe414a349e46, PNG: SIM, PDF: SIM, Assistido: 6475s de 6600s (98.1%)
[2025-09-17 18:52:53] [VIEW] DEBUG: Script view_certificate_files.php iniciado.
[2025-09-17 18:52:53] [VIEW] DEBUG: ID do certificado recebido: 2b528609-4e94-407f-99b8-fe414a349e46
[2025-09-17 18:52:53] [VIEW] DEBUG: Dados do certificado encontrados no banco de dados para ID: 2b528609-4e94-407f-99b8-fe414a349e46
[2025-09-17 18:52:53] [VIEW] DEBUG: Arquivo PNG encontrado: /home/u335416710/domains/translators101.com/public_html/v/certificates/certificate_2b528609-4e94-407f-99b8-fe414a349e46.png
[2025-09-17 18:52:53] [VIEW] DEBUG: Script view_certificate_files.php iniciado.
[2025-09-17 18:52:53] [VIEW] DEBUG: ID do certificado recebido: 2b528609-4e94-407f-99b8-fe414a349e46
[2025-09-17 18:52:53] [VIEW] DEBUG: Dados do certificado encontrados no banco de dados para ID: 2b528609-4e94-407f-99b8-fe414a349e46
[2025-09-17 18:52:53] [VIEW] DEBUG: Arquivo PNG encontrado: /home/u335416710/domains/translators101.com/public_html/v/certificates/certificate_2b528609-4e94-407f-99b8-fe414a349e46.png
[2025-09-17 18:52:53] [VIEW] DEBUG: Mostrando imagem diretamente: Certificado_MayraMoraesdeSousa.png
[2025-09-17 18:52:53] [VIEW] INFO: Imagem PNG enviada para visualização direta.
[2025-09-17 15:53:00] [DOWNLOAD] DEBUG: Script download_certificate_files.php iniciado.
[2025-09-17 15:53:00] [DOWNLOAD] DEBUG: ID do certificado recebido: 2b528609-4e94-407f-99b8-fe414a349e46, formato solicitado: pdf
[2025-09-17 15:53:00] [DOWNLOAD] DEBUG: Dados do certificado encontrados no banco de dados.
[2025-09-17 15:53:00] [DOWNLOAD] DEBUG: Arquivo PNG encontrado: /home/u335416710/domains/translators101.com/public_html/v/certificates/certificate_2b528609-4e94-407f-99b8-fe414a349e46.png
[2025-09-17 15:53:00] [DOWNLOAD] DEBUG: Iniciando conversão PNG para PDF: /home/u335416710/domains/translators101.com/public_html/v/certificates/certificate_2b528609-4e94-407f-99b8-fe414a349e46.png -> /home/u335416710/domains/translators101.com/public_html/v/certificates/certificate_2b528609-4e94-407f-99b8-fe414a349e46_converted.pdf
[2025-09-17 15:53:00] [DOWNLOAD] SUCESSO: PDF criado com TCPDF: /home/u335416710/domains/translators101.com/public_html/v/certificates/certificate_2b528609-4e94-407f-99b8-fe414a349e46_converted.pdf
[2025-09-17 15:53:00] [DOWNLOAD] DEBUG: PNG convertido para PDF com sucesso: /home/u335416710/domains/translators101.com/public_html/v/certificates/certificate_2b528609-4e94-407f-99b8-fe414a349e46_converted.pdf
[2025-09-17 15:53:00] [DOWNLOAD] DEBUG: Preparando download final: Certificado_Mayra_Moraes_de_Sousa_2025-09-17.pdf (Tipo: application/pdf) - Arquivo: /home/u335416710/domains/translators101.com/public_html/v/certificates/certificate_2b528609-4e94-407f-99b8-fe414a349e46_converted.pdf
[2025-09-17 15:53:00] [DOWNLOAD] INFO: Arquivo Certificado_Mayra_Moraes_de_Sousa_2025-09-17.pdf enviado para download com sucesso.
[2025-09-17 16:28:31] [DOWNLOAD] DEBUG: Script download_certificate_files.php iniciado.
[2025-09-17 16:28:31] [DOWNLOAD] INFO: Usuário não logado. Redirecionando para login.php.
[2025-09-17 21:07:46] [PALESTRA] DEBUG: Script palestra.php iniciado.
[2025-09-17 21:07:46] [PALESTRA] DEBUG: Usuário tem permissão.
[2025-09-17 21:07:46] [PALESTRA] DEBUG: ID da palestra recebido: 0595bfe4-4224-41b2-8e8c-3f86108ddd32
[2025-09-17 21:07:46] [PALESTRA] DEBUG: Palestra 'S08E12 — Missão impossível? Não! Como gerenciar projetos de tradução sem pirar — Jerusa Marreti' encontrada. Duração em minutos: 101
[2025-09-17 21:07:46] [PALESTRA] DEBUG: User ID da sessão ('debug-user') é válido e existe na tabela 'users'.
[2025-09-17 21:07:46] [PALESTRA] DEBUG: Log existente encontrado. Progresso: 2679s
[2025-09-17 21:07:46] [PALESTRA] DEBUG: Progresso inicial carregado do DB (user_progress_seconds): 2679
[2025-09-17 21:07:46] [PALESTRA] DEBUG: Palestras relacionadas buscadas para categoria ''.
[2025-09-17 21:07:46] [PALESTRA] DEBUG: Verificação de certificado existente para exibição inicial. ID existente: Nenhum
[2025-09-17 21:07:46] [PALESTRA] DEBUG: Panda Player Div ID extraído do embed: 'panda-0595bfe4-4224-41b2-8e8c-3f86108ddd32'
[2025-09-17 22:10:48] [VIEW] DEBUG: Script view_certificate_files.php iniciado.
[2025-09-17 22:10:48] [VIEW] DEBUG: ID do certificado recebido: eb7319fc-190d-4d8a-971d-b4167f9bb472
[2025-09-17 22:10:48] [VIEW] INFO: Certificado ID eb7319fc-190d-4d8a-971d-b4167f9bb472 não encontrado no banco de dados.
[2025-09-17 22:19:46] [VIEW] DEBUG: Script view_certificate_files.php iniciado.
[2025-09-17 22:19:46] [VIEW] DEBUG: ID do certificado recebido: 49178dc3-7653-4829-a516-c575c5130408
[2025-09-17 22:19:46] [VIEW] DEBUG: Dados do certificado encontrados no banco de dados para ID: 49178dc3-7653-4829-a516-c575c5130408
[2025-09-17 22:19:46] [VIEW] DEBUG: Arquivo PNG encontrado: /home/u335416710/domains/translators101.com/public_html/v/certificates/certificate_49178dc3-7653-4829-a516-c575c5130408.png
[2025-09-17 22:19:46] [VIEW] DEBUG: Script view_certificate_files.php iniciado.
[2025-09-17 22:19:46] [VIEW] DEBUG: ID do certificado recebido: 49178dc3-7653-4829-a516-c575c5130408
[2025-09-17 22:19:46] [VIEW] DEBUG: Dados do certificado encontrados no banco de dados para ID: 49178dc3-7653-4829-a516-c575c5130408
[2025-09-17 22:19:46] [VIEW] DEBUG: Arquivo PNG encontrado: /home/u335416710/domains/translators101.com/public_html/v/certificates/certificate_49178dc3-7653-4829-a516-c575c5130408.png
[2025-09-17 22:19:46] [VIEW] DEBUG: Mostrando imagem diretamente: Certificado_WilliamCassemiro.png
[2025-09-17 22:19:46] [VIEW] INFO: Imagem PNG enviada para visualização direta.
[2025-09-17 22:20:37] [PALESTRA] DEBUG: Script palestra.php iniciado.
[2025-09-17 22:20:37] [PALESTRA] DEBUG: Usuário tem permissão.
[2025-09-17 22:20:37] [PALESTRA] DEBUG: ID da palestra recebido: 00146049-865a-493c-86b7-970f3f8e1bea
[2025-09-17 22:20:37] [PALESTRA] DEBUG: Palestra 'S08E09 — Como integrar a ModernMT a seu fluxo de trabalho — Val Ivonica' encontrada. Duração em minutos: 97
[2025-09-17 22:20:37] [PALESTRA] DEBUG: User ID da sessão ('debug-user') é válido e existe na tabela 'users'.
[2025-09-17 22:20:37] [PALESTRA] DEBUG: Log existente encontrado. Progresso: 1858s
[2025-09-17 22:20:37] [PALESTRA] DEBUG: Progresso inicial carregado do DB (user_progress_seconds): 1858
[2025-09-17 22:20:37] [PALESTRA] DEBUG: Palestras relacionadas buscadas para categoria ''.
[2025-09-17 22:20:37] [PALESTRA] DEBUG: Verificação de certificado existente para exibição inicial. ID existente: Nenhum
[2025-09-17 22:20:37] [PALESTRA] DEBUG: Panda Player Div ID extraído do embed: 'panda-00146049-865a-493c-86b7-970f3f8e1bea'
[2025-09-17 20:36:37] [DOWNLOAD] DEBUG: Script download_certificate_files.php iniciado.
[2025-09-17 20:36:37] [DOWNLOAD] DEBUG: ID do certificado recebido: d9fc3184-8c94-4c04-8775-0f35883526c3, formato solicitado: png
[2025-09-17 20:36:37] [DOWNLOAD] DEBUG: Dados do certificado encontrados no banco de dados.
[2025-09-17 20:36:37] [DOWNLOAD] DEBUG: Arquivo PNG encontrado: /home/u335416710/domains/translators101.com/public_html/v/certificates/certificate_d9fc3184-8c94-4c04-8775-0f35883526c3.png
[2025-09-17 20:36:37] [DOWNLOAD] DEBUG: Preparando download final: Certificado_lucas_calsavara_2025-09-17.png (Tipo: image/png) - Arquivo: /home/u335416710/domains/translators101.com/public_html/v/certificates/certificate_d9fc3184-8c94-4c04-8775-0f35883526c3.png
[2025-09-17 20:36:37] [DOWNLOAD] INFO: Arquivo Certificado_lucas_calsavara_2025-09-17.png enviado para download com sucesso.
[2025-09-17 20:37:03] [DOWNLOAD] DEBUG: Script download_certificate_files.php iniciado.
[2025-09-17 20:37:03] [DOWNLOAD] DEBUG: ID do certificado recebido: 87816aa4-d278-49fb-931c-dd6061bf8eaf, formato solicitado: png
[2025-09-17 20:37:03] [DOWNLOAD] DEBUG: Dados do certificado encontrados no banco de dados.
[2025-09-17 20:37:03] [DOWNLOAD] DEBUG: Arquivo PNG encontrado: /home/u335416710/domains/translators101.com/public_html/v/certificates/certificate_87816aa4-d278-49fb-931c-dd6061bf8eaf.png
[2025-09-17 20:37:03] [DOWNLOAD] DEBUG: Preparando download final: Certificado_lucas_calsavara_2025-09-17.png (Tipo: image/png) - Arquivo: /home/u335416710/domains/translators101.com/public_html/v/certificates/certificate_87816aa4-d278-49fb-931c-dd6061bf8eaf.png
[2025-09-17 20:37:03] [DOWNLOAD] INFO: Arquivo Certificado_lucas_calsavara_2025-09-17.png enviado para download com sucesso.
[2025-09-17 20:37:19] [DOWNLOAD] DEBUG: Script download_certificate_files.php iniciado.
[2025-09-17 20:37:19] [DOWNLOAD] DEBUG: ID do certificado recebido: 87816aa4-d278-49fb-931c-dd6061bf8eaf, formato solicitado: png
[2025-09-17 20:37:19] [DOWNLOAD] DEBUG: Dados do certificado encontrados no banco de dados.
[2025-09-17 20:37:19] [DOWNLOAD] DEBUG: Arquivo PNG encontrado: /home/u335416710/domains/translators101.com/public_html/v/certificates/certificate_87816aa4-d278-49fb-931c-dd6061bf8eaf.png
[2025-09-17 20:37:19] [DOWNLOAD] DEBUG: Preparando download final: Certificado_lucas_calsavara_2025-09-17.png (Tipo: image/png) - Arquivo: /home/u335416710/domains/translators101.com/public_html/v/certificates/certificate_87816aa4-d278-49fb-931c-dd6061bf8eaf.png
[2025-09-17 20:37:19] [DOWNLOAD] INFO: Arquivo Certificado_lucas_calsavara_2025-09-17.png enviado para download com sucesso.
[2025-09-18 15:11:36] [PALESTRA] DEBUG: Script palestra.php iniciado.
[2025-09-18 15:11:36] [PALESTRA] DEBUG: Usuário tem permissão.
[2025-09-18 15:11:36] [PALESTRA] DEBUG: ID da palestra recebido: 35c4ca47-e97a-4b3f-9422-22e4397daa15
[2025-09-18 15:11:36] [PALESTRA] DEBUG: Palestra 'S08E17 — Reflexões sobre estratégias de tradução — Sátia Marini' encontrada. Duração em minutos: 77
[2025-09-18 15:11:36] [PALESTRA] DEBUG: User ID da sessão ('09711ff9-47ed-4c6a-b39a-2f00ac65caa5') é válido e existe na tabela 'users'.
[2025-09-18 15:11:36] [PALESTRA] INFO: Novo log de acesso registrado para palestra 'S08E17 — Reflexões sobre estratégias de tradução — Sátia Marini' (User ID: 09711ff9-47ed-4c6a-b39a-2f00ac65caa5).
[2025-09-18 15:11:36] [PALESTRA] DEBUG: Progresso inicial carregado do DB (user_progress_seconds): 0
[2025-09-18 15:11:36] [PALESTRA] DEBUG: Palestras relacionadas buscadas para categoria ''.
[2025-09-18 15:11:36] [PALESTRA] DEBUG: Verificação de certificado existente para exibição inicial. ID existente: Nenhum
[2025-09-18 15:11:36] [PALESTRA] DEBUG: Panda Player Div ID extraído do embed: 'panda-35c4ca47-e97a-4b3f-9422-22e4397daa15'
[2025-09-18 16:17:44] [GENERATE_SIMPLE] Script generate_simple_certificate.php iniciado
[2025-09-18 16:17:44] [GENERATE_SIMPLE] Dados recebidos - Lecture: 35c4ca47-e97a-4b3f-9422-22e4397daa15, User: 09711ff9-47ed-4c6a-b39a-2f00ac65caa5, Watched: 3963s
[2025-09-18 16:17:44] [GENERATE_SIMPLE] Iniciando validações simplificadas
[2025-09-18 16:17:44] [GENERATE_SIMPLE] Progresso no DB: 3958s, Enviado pelo cliente: 3963s
[2025-09-18 16:17:44] [GENERATE_SIMPLE] Tempo final considerado: 3963s
[2025-09-18 16:17:44] [GENERATE_SIMPLE] Duração total: 4620s, Requerido (85%): 3927s
[2025-09-18 16:17:44] [GENERATE_SIMPLE] Todas as validações passaram - gerando certificado
[2025-09-18 16:17:44] [GENERATE_SIMPLE] SUCESSO: Certificado inserido no banco - ID: d1bf783d-d154-43d9-92b1-0078b56eb7a8
[2025-09-18 16:17:44] [GENERATE_SIMPLE] DEBUG: [GENERATE_SIMPLE] Iniciando geração de PNG para ID: d1bf783d-d154-43d9-92b1-0078b56eb7a8
[2025-09-18 16:17:44] [GENERATE_SIMPLE] DEBUG: [GENERATE_SIMPLE] Conversão UTF-8 aplicada para geração.
[2025-09-18 16:17:44] [GENERATE_SIMPLE] DEBUG: [GENERATE_SIMPLE] Dimensões do template: Largura=3509, Altura=2481
[2025-09-18 16:17:44] [GENERATE_SIMPLE] DEBUG: [GENERATE_SIMPLE] Procurando fontes TTF para geração...
[2025-09-18 16:17:44] [GENERATE_SIMPLE] DEBUG: [GENERATE_SIMPLE] Fonte TTF Bold encontrada em: /home/u335416710/domains/translators101.com/public_html/v/includes/../fonts/DejaVuSans-Bold.ttf
[2025-09-18 16:17:44] [GENERATE_SIMPLE] DEBUG: [GENERATE_SIMPLE] Fonte TTF padrão encontrada em: /home/u335416710/domains/translators101.com/public_html/v/includes/../fonts/DejaVuSans-Bold.ttf
[2025-09-18 16:17:44] [GENERATE_SIMPLE] DEBUG: [GENERATE_SIMPLE] Usando imagettftext para geração.
[2025-09-18 16:17:44] [GENERATE_SIMPLE] DEBUG: [GENERATE_SIMPLE] Nome do usuário adicionado (X: 1044.5, Y: 1100).
[2025-09-18 16:17:44] [GENERATE_SIMPLE] DEBUG: [GENERATE_SIMPLE] Processando título: 'S08E17 — Reflexões sobre estratégias de tradução — Sátia Marini' (tamanho: 72 caracteres)
[2025-09-18 16:17:44] [GENERATE_SIMPLE] DEBUG: [GENERATE_SIMPLE] Título longo detectado - aplicando quebra de linha inteligente
[2025-09-18 16:17:44] [GENERATE_SIMPLE] DEBUG: [GENERATE_SIMPLE] Linha 1: 'Reflexões sobre estratégias de tradução'
[2025-09-18 16:17:44] [GENERATE_SIMPLE] DEBUG: [GENERATE_SIMPLE] Linha 2: 'S08E17 — — Sátia Marini'
[2025-09-18 16:17:44] [GENERATE_SIMPLE] DEBUG: [GENERATE_SIMPLE] Linha 1 adicionada (X: 996, Y: 1350)
[2025-09-18 16:17:44] [GENERATE_SIMPLE] DEBUG: [GENERATE_SIMPLE] Linha 2 adicionada (X: 1290, Y: 1410)
[2025-09-18 16:17:44] [GENERATE_SIMPLE] DEBUG: [GENERATE_SIMPLE] Duração da palestra adicionada (X: 2000, Y: 1570).
[2025-09-18 16:17:44] [GENERATE_SIMPLE] DEBUG: [GENERATE_SIMPLE] Data de emissão adicionada (X: 850, Y: 2330).
[2025-09-18 16:17:44] [GENERATE_SIMPLE] DEBUG: [GENERATE_SIMPLE] ID do certificado adicionado (X: 280, Y: 2430).
[2025-09-18 16:17:44] [GENERATE_SIMPLE] DEBUG: URL de verificação gerada: https://v.translators101.com/verificar_certificado.php?id=d1bf783d-d154-43d9-92b1-0078b56eb7a8
[2025-09-18 16:17:45] [GENERATE_SIMPLE] DEBUG: QR Code colado na imagem base.
[2025-09-18 16:17:45] [GENERATE_SIMPLE] DEBUG: [GENERATE_SIMPLE] QR Code adicionado à imagem durante a geração (X: 2989, Y: 2131, Tamanho: 300).
[2025-09-18 16:17:49] [GENERATE_SIMPLE] DEBUG: [GENERATE_SIMPLE] imagepng() retornou SUCESSO. Verificando se o arquivo gerado é um PNG válido.
[2025-09-18 16:17:49] [GENERATE_SIMPLE] INFO: [GENERATE_SIMPLE] Certificado PNG gerado e salvo com sucesso em: /home/u335416710/domains/translators101.com/public_html/v/includes/../certificates/certificate_d1bf783d-d154-43d9-92b1-0078b56eb7a8.png. É um PNG válido.
[2025-09-18 16:17:49] [GENERATE_SIMPLE] SUCESSO: PNG gerado - /home/u335416710/domains/translators101.com/public_html/v/includes/../certificates/certificate_d1bf783d-d154-43d9-92b1-0078b56eb7a8.png
[2025-09-18 16:17:49] [GENERATE_SIMPLE] DEBUG: [GENERATE_SIMPLE] Iniciando geração de PDF T101 CORRIGIDO para ID: d1bf783d-d154-43d9-92b1-0078b56eb7a8
[2025-09-18 16:17:49] [GENERATE_SIMPLE] DEBUG: [GENERATE_SIMPLE] TCPDF encontrado em: /home/u335416710/domains/translators101.com/public_html/v/includes/../vendor/tecnickcom/tcpdf/tcpdf.php
[2025-09-18 16:17:51] [GENERATE_SIMPLE] DEBUG: [GENERATE_SIMPLE] Template T101 oficial aplicado como fundo
[2025-09-18 16:17:51] [GENERATE_SIMPLE] DEBUG: URL de verificação gerada: https://v.translators101.com/verificar_certificado.php?id=d1bf783d-d154-43d9-92b1-0078b56eb7a8
[2025-09-18 16:17:52] [GENERATE_SIMPLE] DEBUG: [GENERATE_SIMPLE] QR Code T101 adicionado ao PDF (posição corrigida)
[2025-09-18 16:17:52] [GENERATE_SIMPLE] SUCESSO: [GENERATE_SIMPLE] PDF T101 CORRIGIDO gerado em: /home/u335416710/domains/translators101.com/public_html/v/includes/../certificates/certificate_d1bf783d-d154-43d9-92b1-0078b56eb7a8.pdf
[2025-09-18 16:17:52] [GENERATE_SIMPLE] SUCESSO: PDF gerado - /home/u335416710/domains/translators101.com/public_html/v/includes/../certificates/certificate_d1bf783d-d154-43d9-92b1-0078b56eb7a8.pdf
[2025-09-18 16:17:52] [GENERATE_SIMPLE] SUCESSO: Certificado gerado - ID: d1bf783d-d154-43d9-92b1-0078b56eb7a8, PNG: SIM, PDF: SIM, Assistido: 3963s de 4620s (85.8%)
[2025-09-18 13:17:53] [DOWNLOAD] DEBUG: Script download_certificate_files.php iniciado.
[2025-09-18 13:17:53] [DOWNLOAD] DEBUG: ID do certificado recebido: d1bf783d-d154-43d9-92b1-0078b56eb7a8, formato solicitado: png
[2025-09-18 13:17:53] [DOWNLOAD] DEBUG: Dados do certificado encontrados no banco de dados.
[2025-09-18 13:17:53] [DOWNLOAD] DEBUG: Arquivo PNG encontrado: /home/u335416710/domains/translators101.com/public_html/v/certificates/certificate_d1bf783d-d154-43d9-92b1-0078b56eb7a8.png
[2025-09-18 13:17:53] [DOWNLOAD] DEBUG: Preparando download final: Certificado_Mayra_Moraes_de_Sousa_2025-09-18.png (Tipo: image/png) - Arquivo: /home/u335416710/domains/translators101.com/public_html/v/certificates/certificate_d1bf783d-d154-43d9-92b1-0078b56eb7a8.png
[2025-09-18 13:17:53] [DOWNLOAD] INFO: Arquivo Certificado_Mayra_Moraes_de_Sousa_2025-09-18.png enviado para download com sucesso.
[2025-09-18 21:53:10] [PALESTRA] DEBUG: Script palestra.php iniciado.
[2025-09-18 21:53:10] [PALESTRA] DEBUG: Usuário tem permissão.
[2025-09-18 21:53:10] [PALESTRA] DEBUG: ID da palestra recebido: 62c60e46-a384-4044-8651-89f19cca727d
[2025-09-18 21:53:10] [PALESTRA] DEBUG: Palestra 'S07E36 — MTPE – Exemplos práticos de Machine Translation Pós-Editing — Isa Mara Lando' encontrada. Duração em minutos: 110
[2025-09-18 21:53:10] [PALESTRA] DEBUG: User ID da sessão ('19728efd-187b-4dfe-acff-5bdc37dd2551') é válido e existe na tabela 'users'.
[2025-09-18 21:53:10] [PALESTRA] INFO: Novo log de acesso registrado para palestra 'S07E36 — MTPE – Exemplos práticos de Machine Translation Pós-Editing — Isa Mara Lando' (User ID: 19728efd-187b-4dfe-acff-5bdc37dd2551).
[2025-09-18 21:53:10] [PALESTRA] DEBUG: Progresso inicial carregado do DB (user_progress_seconds): 0
[2025-09-18 21:53:10] [PALESTRA] DEBUG: Palestras relacionadas buscadas para categoria ''.
[2025-09-18 21:53:10] [PALESTRA] DEBUG: Verificação de certificado existente para exibição inicial. ID existente: Nenhum
[2025-09-18 21:53:10] [PALESTRA] DEBUG: Panda Player Div ID extraído do embed: 'panda-62c60e46-a384-4044-8651-89f19cca727d'
[2025-09-20 15:44:57] [PALESTRA] DEBUG: Script palestra.php iniciado.
[2025-09-20 15:44:57] [PALESTRA] DEBUG: Usuário tem permissão.
[2025-09-20 15:44:57] [PALESTRA] DEBUG: ID da palestra recebido: 75e1c43c-6862-4617-998f-6006c412dcf7
[2025-09-20 15:44:57] [PALESTRA] DEBUG: Palestra 'S03E08 — Tradutores formados, informados e desenformados. Nossos muitos caminhos — Daniel Estill' encontrada. Duração em minutos: 98
[2025-09-20 15:44:57] [PALESTRA] AVISO: User ID da sessão ('demo-user-123') não existe na tabela 'users'. Logs podem não funcionar corretamente.
[2025-09-20 15:44:57] [PALESTRA] INFO: Novo log de acesso registrado para palestra 'S03E08 — Tradutores formados, informados e desenformados. Nossos muitos caminhos — Daniel Estill' (User ID: demo-user-123).
[2025-09-20 15:44:57] [PALESTRA] DEBUG: Progresso inicial carregado do DB (user_progress_seconds): 0
[2025-09-20 15:44:57] [PALESTRA] DEBUG: Palestras relacionadas buscadas para categoria ''.
[2025-09-20 15:44:57] [PALESTRA] DEBUG: Verificação de certificado existente para exibição inicial. ID existente: Nenhum
[2025-09-20 15:44:57] [PALESTRA] DEBUG: Panda Player Div ID extraído do embed: 'panda-75e1c43c-6862-4617-998f-6006c412dcf7'
[2025-09-20 15:55:37] [PALESTRA] DEBUG: Script palestra.php iniciado.
[2025-09-20 15:55:37] [PALESTRA] DEBUG: Usuário tem permissão.
[2025-09-20 15:55:37] [PALESTRA] DEBUG: ID da palestra recebido: 13afe406-8660-4f02-a7a4-f3e0d1749833
[2025-09-20 15:55:37] [PALESTRA] DEBUG: Palestra 'S01E01 — Tradução de histórias em quadrinhos e o mercado mainstream no Brasil' encontrada. Duração em minutos: 48
[2025-09-20 15:55:37] [PALESTRA] AVISO: User ID da sessão ('demo-user-123') não existe na tabela 'users'. Logs podem não funcionar corretamente.
[2025-09-20 15:55:37] [PALESTRA] INFO: Novo log de acesso registrado para palestra 'S01E01 — Tradução de histórias em quadrinhos e o mercado mainstream no Brasil' (User ID: demo-user-123).
[2025-09-20 15:55:37] [PALESTRA] DEBUG: Progresso inicial carregado do DB (user_progress_seconds): 0
[2025-09-20 15:55:37] [PALESTRA] DEBUG: Palestras relacionadas buscadas para categoria 'Literária'.
[2025-09-20 15:55:37] [PALESTRA] DEBUG: Verificação de certificado existente para exibição inicial. ID existente: Nenhum
[2025-09-20 15:55:37] [PALESTRA] DEBUG: Panda Player Div ID extraído do embed: 'panda-13afe406-8660-4f02-a7a4-f3e0d1749833'
[2025-09-20 15:57:21] [PALESTRA] DEBUG: Script palestra.php iniciado.
[2025-09-20 15:57:21] [PALESTRA] DEBUG: Usuário tem permissão.
[2025-09-20 15:57:21] [PALESTRA] DEBUG: ID da palestra recebido: 75e1c43c-6862-4617-998f-6006c412dcf7
[2025-09-20 15:57:21] [PALESTRA] DEBUG: Palestra 'S03E08 — Tradutores formados, informados e desenformados. Nossos muitos caminhos — Daniel Estill' encontrada. Duração em minutos: 98
[2025-09-20 15:57:21] [PALESTRA] AVISO: User ID da sessão ('demo-user-123') não existe na tabela 'users'. Logs podem não funcionar corretamente.
[2025-09-20 15:57:21] [PALESTRA] DEBUG: Log existente encontrado. Progresso: 0s
[2025-09-20 15:57:21] [PALESTRA] DEBUG: Progresso inicial carregado do DB (user_progress_seconds): 0
[2025-09-20 15:57:21] [PALESTRA] DEBUG: Palestras relacionadas buscadas para categoria ''.
[2025-09-20 15:57:21] [PALESTRA] DEBUG: Verificação de certificado existente para exibição inicial. ID existente: Nenhum
[2025-09-20 15:57:21] [PALESTRA] DEBUG: Panda Player Div ID extraído do embed: 'panda-75e1c43c-6862-4617-998f-6006c412dcf7'
[2025-09-20 15:57:45] [PALESTRA] DEBUG: Script palestra.php iniciado.
[2025-09-20 15:57:45] [PALESTRA] DEBUG: Usuário tem permissão.
[2025-09-20 15:57:45] [PALESTRA] DEBUG: ID da palestra recebido: 86bc0649-b038-4846-816d-fd8aa102e85d
[2025-09-20 15:57:45] [PALESTRA] DEBUG: Palestra 'S07E39 — Legenda automática: a vilã da vez — Andressa Gatto' encontrada. Duração em minutos: 65
[2025-09-20 15:57:45] [PALESTRA] AVISO: User ID da sessão ('demo-user-123') não existe na tabela 'users'. Logs podem não funcionar corretamente.
[2025-09-20 15:57:45] [PALESTRA] INFO: Novo log de acesso registrado para palestra 'S07E39 — Legenda automática: a vilã da vez — Andressa Gatto' (User ID: demo-user-123).
[2025-09-20 15:57:45] [PALESTRA] DEBUG: Progresso inicial carregado do DB (user_progress_seconds): 0
[2025-09-20 15:57:45] [PALESTRA] DEBUG: Palestras relacionadas buscadas para categoria ''.
[2025-09-20 15:57:45] [PALESTRA] DEBUG: Verificação de certificado existente para exibição inicial. ID existente: Nenhum
[2025-09-20 15:57:45] [PALESTRA] DEBUG: Panda Player Div ID extraído do embed: 'panda-86bc0649-b038-4846-816d-fd8aa102e85d'
[2025-09-20 21:12:59] [REPORT_DOWNLOAD] User: debug-user downloaded report: relatorio_educacao_continuada_debug-user_2025-09-20_21-12-57.pdf (pdf)
[2025-09-20 22:02:39] [REPORT_DOWNLOAD] User: debug-user downloaded report: relatorio_educacao_continuada_debug-user_2025-09-20_22-02-37.pdf (pdf)
[2025-09-20 19:06:58] [DOWNLOAD] DEBUG: Script download_certificate_files.php iniciado.
[2025-09-20 19:06:58] [DOWNLOAD] DEBUG: ID do certificado recebido: 49178dc3-7653-4829-a516-c575c5130408, formato solicitado: png
[2025-09-20 19:06:58] [DOWNLOAD] DEBUG: Dados do certificado encontrados no banco de dados.
[2025-09-20 19:06:58] [DOWNLOAD] DEBUG: Arquivo PNG encontrado: /home/u335416710/domains/translators101.com/public_html/v/certificates/certificate_49178dc3-7653-4829-a516-c575c5130408.png
[2025-09-20 19:06:58] [DOWNLOAD] DEBUG: Preparando download final: Certificado_William_Cassemiro_2025-09-20.png (Tipo: image/png) - Arquivo: /home/u335416710/domains/translators101.com/public_html/v/certificates/certificate_49178dc3-7653-4829-a516-c575c5130408.png
[2025-09-20 19:06:58] [DOWNLOAD] INFO: Arquivo Certificado_William_Cassemiro_2025-09-20.png enviado para download com sucesso.
[2025-09-20 22:07:02] [VIEW] DEBUG: Script view_certificate_files.php iniciado.
[2025-09-20 22:07:02] [VIEW] DEBUG: ID do certificado recebido: 49178dc3-7653-4829-a516-c575c5130408
[2025-09-20 22:07:02] [VIEW] DEBUG: Dados do certificado encontrados no banco de dados para ID: 49178dc3-7653-4829-a516-c575c5130408
[2025-09-20 22:07:02] [VIEW] DEBUG: Arquivo PNG encontrado: /home/u335416710/domains/translators101.com/public_html/v/certificates/certificate_49178dc3-7653-4829-a516-c575c5130408.png
[2025-09-20 22:07:02] [VIEW] DEBUG: Script view_certificate_files.php iniciado.
[2025-09-20 22:07:02] [VIEW] DEBUG: ID do certificado recebido: 49178dc3-7653-4829-a516-c575c5130408
[2025-09-20 22:07:02] [VIEW] DEBUG: Dados do certificado encontrados no banco de dados para ID: 49178dc3-7653-4829-a516-c575c5130408
[2025-09-20 22:07:02] [VIEW] DEBUG: Arquivo PNG encontrado: /home/u335416710/domains/translators101.com/public_html/v/certificates/certificate_49178dc3-7653-4829-a516-c575c5130408.png
[2025-09-20 22:07:02] [VIEW] DEBUG: Mostrando imagem diretamente: Certificado_WilliamCassemiro.png
[2025-09-20 22:07:02] [VIEW] INFO: Imagem PNG enviada para visualização direta.
[2025-09-20 19:07:18] [DOWNLOAD] DEBUG: Script download_certificate_files.php iniciado.
[2025-09-20 19:07:18] [DOWNLOAD] DEBUG: ID do certificado recebido: 49178dc3-7653-4829-a516-c575c5130408, formato solicitado: pdf
[2025-09-20 19:07:18] [DOWNLOAD] DEBUG: Dados do certificado encontrados no banco de dados.
[2025-09-20 19:07:18] [DOWNLOAD] DEBUG: Arquivo PNG encontrado: /home/u335416710/domains/translators101.com/public_html/v/certificates/certificate_49178dc3-7653-4829-a516-c575c5130408.png
[2025-09-20 19:07:18] [DOWNLOAD] DEBUG: Iniciando conversão PNG para PDF: /home/u335416710/domains/translators101.com/public_html/v/certificates/certificate_49178dc3-7653-4829-a516-c575c5130408.png -> /home/u335416710/domains/translators101.com/public_html/v/certificates/certificate_49178dc3-7653-4829-a516-c575c5130408_converted.pdf
[2025-09-20 19:07:18] [DOWNLOAD] SUCESSO: PDF criado com TCPDF: /home/u335416710/domains/translators101.com/public_html/v/certificates/certificate_49178dc3-7653-4829-a516-c575c5130408_converted.pdf
[2025-09-20 19:07:18] [DOWNLOAD] DEBUG: PNG convertido para PDF com sucesso: /home/u335416710/domains/translators101.com/public_html/v/certificates/certificate_49178dc3-7653-4829-a516-c575c5130408_converted.pdf
[2025-09-20 19:07:18] [DOWNLOAD] DEBUG: Preparando download final: Certificado_William_Cassemiro_2025-09-20.pdf (Tipo: application/pdf) - Arquivo: /home/u335416710/domains/translators101.com/public_html/v/certificates/certificate_49178dc3-7653-4829-a516-c575c5130408_converted.pdf
[2025-09-20 19:07:18] [DOWNLOAD] INFO: Arquivo Certificado_William_Cassemiro_2025-09-20.pdf enviado para download com sucesso.
[2025-09-21 00:14:52] [PALESTRA] DEBUG: Script palestra.php iniciado.
[2025-09-21 00:14:52] [PALESTRA] DEBUG: Usuário tem permissão.
[2025-09-21 00:14:52] [PALESTRA] DEBUG: ID da palestra recebido: b01cff37-016b-4eca-b5ba-f184f1a4db87
[2025-09-21 00:14:52] [PALESTRA] DEBUG: Palestra 'S02E03 — Assim diz a legenda — Luiz Fernando Alves' encontrada. Duração em minutos: 72
[2025-09-21 00:14:52] [PALESTRA] DEBUG: User ID da sessão ('debug-user') é válido e existe na tabela 'users'.
[2025-09-21 00:14:52] [PALESTRA] DEBUG: Log existente encontrado. Progresso: 56s
[2025-09-21 00:14:52] [PALESTRA] DEBUG: Progresso inicial carregado do DB (user_progress_seconds): 56
[2025-09-21 00:14:52] [PALESTRA] DEBUG: Palestras relacionadas buscadas para categoria 'TAV'.
[2025-09-21 00:14:52] [PALESTRA] DEBUG: Verificação de certificado existente para exibição inicial. ID existente: Nenhum
[2025-09-21 00:14:52] [PALESTRA] DEBUG: Panda Player Div ID extraído do embed: 'panda-032f60c9-7ee5-4f5b-9fe8-ec9a589eae27'
